time,mic_value,clap_factor
1.5688354969024658,452,0.0
1.5688354969024658,467,7.5
1.5869131088256836,528,45.666666666666686
1.592972993850708,529,35.0
1.5952777862548828,520,20.80000000000001
1.6024196147918701,526,22.333333333333314
1.609196424484253,497,0.0
1.6128387451171875,545,37.0
1.6173830032348633,502,0.0
1.6254920959472656,508,0.6000000000000227
1.6299288272857666,494,0.0
1.633535385131836,520,12.666666666666686
1.6382319927215576,519,10.769230769230774
1.6812188625335693,525,15.571428571428555
1.690664291381836,522,11.733333333333348
1.690664291381836,520,9.125
1.690664291381836,508,0.0
1.690664291381836,509,0.0
1.690664291381836,507,0.0
1.690664291381836,508,0.0
1.690664291381836,513,0.0
1.690664291381836,505,0.0
1.690664291381836,515,0.39999999999997726
1.6970961093902588,515,1.1000000000000227
1.6997261047363281,511,0.0
1.7053942680358887,519,5.899999999999977
1.7136833667755127,512,0.0
1.7180378437042236,507,0.0
1.7238273620605469,513,0.5
1.7238273620605469,502,0.0
1.735238790512085,518,4.600000000000023
1.7373483180999756,515,1.8500000000000227
1.7373483180999756,517,3.9500000000000455
1.7516038417816162,514,1.5
1.7538447380065918,517,4.75
1.7538447380065918,519,6.7999999999999545
1.7681403160095215,513,0.5499999999999545
1.7716600894927979,519,6.0499999999999545
1.7716600894927979,516,2.6000000000000227
1.7789943218231201,509,0.0
1.7857801914215088,515,1.4500000000000455
1.7913932800292969,509,0.0
1.7913932800292969,512,0.0
1.8019719123840332,524,9.950000000000045
1.809432029724121,514,0.0
1.8110308647155762,514,0.049999999999954525
1.817913293838501,520,5.649999999999977
1.8245043754577637,503,0.0
1.8245043754577637,520,5.5
1.8343234062194824,521,5.5499999999999545
1.8408119678497314,503,0.0
1.8408119678497314,511,0.0
1.8481905460357666,514,0.0
1.8518025875091553,510,0.0
1.8567657470703125,521,6.649999999999977
1.8651447296142578,516,1.7999999999999545
1.868330717086792,507,0.0
1.874659538269043,508,0.0
1.8822941780090332,513,0.0
1.88541579246521,511,0.0
1.88541579246521,506,0.0
1.893033504486084,518,4.7000000000000455
1.9022042751312256,513,0.0
1.9022042751312256,515,2.1000000000000227
1.9094820022583008,507,0.0
1.9202938079833984,516,3.3500000000000227
1.9202938079833984,514,1.6499999999999773
1.926365613937378,519,5.850000000000023
1.9368839263916016,511,0.0
1.9368839263916016,506,0.0
1.9443950653076172,514,1.5
1.9514150619506836,511,0.0
1.9549884796142578,515,2.4500000000000455
1.9606900215148926,509,0.0
1.9677150249481201,509,0.0
1.972160816192627,511,0.0
1.9753856658935547,510,0.0
1.9753856658935547,519,6.649999999999977
1.989248514175415,516,3.5
1.9918248653411865,517,4.2000000000000455
1.9983081817626953,513,0.0
2.002389669418335,514,1.0499999999999545
2.0087220668792725,512,0.0
2.0087220668792725,520,6.850000000000023
2.0166265964508057,520,6.2000000000000455
2.02518892288208,503,0.0
2.030951738357544,510,0.0
2.0342812538146973,506,0.0
2.0364670753479004,504,0.0
2.0453243255615234,518,5.4500000000000455
2.0453243255615234,508,0.0
2.0540640354156494,511,0.0
2.063324451446533,514,1.7999999999999545
2.063324451446533,505,0.0
2.0704360008239746,517,4.600000000000023
2.078672409057617,515,2.3999999999999773
2.08060884475708,524,10.700000000000045
2.087717056274414,517,3.7999999999999545
2.087717056274414,517,3.75
2.096555709838867,510,0.0
2.1025187969207764,514,1.0499999999999545
2.107320785522461,514,1.0499999999999545
2.1164486408233643,510,0.0
2.118588924407959,514,1.4500000000000455
2.123748302459717,507,0.0
2.123748302459717,517,4.399999999999977
2.13679838180542,523,9.75
2.13679838180542,499,0.0
2.1442689895629883,522,8.200000000000045
2.1538853645324707,521,7.0499999999999545
2.1538853645324707,510,0.0
2.160994529724121,515,0.75
2.1703243255615234,516,1.6499999999999773
2.1704416275024414,518,3.0
2.17759370803833,509,0.0
2.17759370803833,512,0.0
2.18723464012146,512,0.0
2.192502498626709,517,3.1499999999999773
2.192502498626709,511,0.0
2.2072885036468506,510,0.0
2.211052417755127,518,4.25
2.213181257247925,509,0.0
2.219308853149414,515,1.25
2.227191925048828,507,0.0
2.227191925048828,519,5.0
2.233711004257202,510,0.0
2.242324113845825,499,0.0
2.245915651321411,517,3.6499999999999773
2.2521462440490723,514,1.0499999999999545
2.2521462440490723,502,0.0
2.2604174613952637,514,1.7999999999999545
2.2665748596191406,521,8.5
2.269784450531006,499,0.0
2.275035858154297,517,5.399999999999977
2.2842957973480225,523,10.700000000000045
2.286813497543335,503,0.0
2.2921667098999023,510,0.0
2.3001821041107178,511,0.0
2.3037726879119873,514,2.3999999999999773
2.3073160648345947,521,8.850000000000023
2.317086935043335,514,2.0500000000000114
2.3213791847229004,514,1.7999999999999545
2.323958158493042,518,5.649999999999977
2.3332278728485107,508,0.0
2.3376073837280273,512,0.0
2.3405160903930664,506,0.0
2.3405160903930664,505,0.0
2.354177474975586,510,0.0
2.3578195571899414,502,0.0
2.3578195571899414,502,0.0
2.3697311878204346,509,0.0
2.373429298400879,524,12.899999999999977
2.373429298400879,511,0.0
2.3818275928497314,506,0.0
2.3895537853240967,545,32.75
2.3934004306793213,494,0.0
2.3988037109375,534,21.0
2.401456594467163,479,0.0
2.4105536937713623,547,33.950000000000045
2.4105536937713623,491,0.0
2.419875383377075,507,0.0
2.426698923110962,511,0.0
2.430206060409546,497,0.0
2.4354963302612305,532,20.80000000000001
2.4354963302612305,479,0.0
2.4467451572418213,525,14.5
2.452204942703247,515,4.0
2.4569311141967773,487,0.0
2.465303421020508,528,16.850000000000023
2.4673309326171875,519,7.0
2.4734723567962646,497,0.0
2.481701135635376,513,2.1499999999999773
2.4858317375183105,522,10.600000000000023
2.4875986576080322,525,12.649999999999977
2.4977002143859863,503,0.0
2.4990696907043457,504,0.0
2.503502368927002,496,0.0
2.503502368927002,505,0.0
2.5137362480163574,520,11.199999999999989
2.5204851627349854,513,3.1000000000000227
2.5204851627349854,526,15.149999999999977
2.5303821563720703,521,9.649999999999977
2.537221908569336,522,9.399999999999977
2.537221908569336,515,3.25
2.547133445739746,516,2.3999999999999773
2.552058696746826,501,0.0
2.5577332973480225,504,0.0
2.5577332973480225,504,0.0
2.569448471069336,518,5.7999999999999545
2.5737369060516357,508,0.0
2.579798460006714,518,5.2999999999999545
2.583681344985962,522,8.850000000000023
2.5851104259490967,503,0.0
2.5948240756988525,516,4.25
2.5948240756988525,513,0.75
2.6035377979278564,514,1.25
2.6108169555664062,521,7.0
2.6167104244232178,511,0.0
2.620553493499756,517,2.8500000000000227
2.6274139881134033,509,0.0
2.6329519748687744,521,7.2999999999999545
2.636613607406616,506,0.0
2.636613607406616,511,0.0
2.649233102798462,512,0.0
2.653378486633301,504,0.0
2.655708074569702,511,0.0
2.664654493331909,521,8.0
2.669067144393921,507,0.0
2.6732964515686035,499,0.0
2.6812353134155273,517,4.350000000000023
2.6832687854766846,508,0.0
2.6890835762023926,504,0.0
2.6975598335266113,509,0.0
2.7021098136901855,511,0.0
2.7067997455596924,500,0.0
2.7067997455596924,510,0.0
2.718895673751831,517,6.75
2.718895673751831,513,2.6499999999999773
2.7257282733917236,506,0.0
2.733752965927124,514,3.9499999999999886
2.737762212753296,514,4.300000000000011
2.7433583736419678,514,3.8999999999999773
2.7433583736419678,514,3.75
2.754031181335449,506,0.0
2.7598989009857178,508,0.0
2.761197566986084,508,0.0
2.770183563232422,510,0.5500000000000114
2.775357723236084,513,3.25
2.7775959968566895,512,1.6000000000000227
2.783170461654663,514,3.75
2.7916412353515625,508,0.0
2.79542875289917,519,8.0
2.7992305755615234,522,10.350000000000023
2.807649612426758,509,0.0
2.811262369155884,509,0.0
2.8159337043762207,522,9.399999999999977
2.8188250064849854,510,0.0
2.8238377571105957,508,0.0
2.832059860229492,520,7.2999999999999545
2.835479497909546,517,4.149999999999977
2.8403992652893066,515,2.1000000000000227
2.849933624267578,521,7.75
2.8530755043029785,504,0.0
2.8568320274353027,518,4.649999999999977
2.8666622638702393,514,0.35000000000002274
2.869871139526367,509,0.0
2.873025894165039,509,0.0
2.883085012435913,508,0.0
2.886868953704834,510,0.0
2.890368938446045,514,0.7000000000000455
2.8992831707000732,517,3.25
2.9035658836364746,510,0.0
2.9071760177612305,510,0.0
2.9071760177612305,505,0.0
2.919394016265869,513,0.2999999999999545
2.919394016265869,514,1.7000000000000455
2.919394016265869,509,0.0
2.930546283721924,513,0.5
2.9389960765838623,520,7.5
2.9389960765838623,508,0.0
2.948335886001587,513,1.0500000000000114
2.952305793762207,513,1.4499999999999886
2.960054636001587,511,0.0
2.965017795562744,510,0.0
2.97015380859375,511,0.0
2.975353479385376,519,7.149999999999977
2.975353479385376,512,0.0
2.983299732208252,509,0.0
2.991800546646118,507,0.0
2.997572660446167,505,0.0
3.001821279525757,512,0.8000000000000114
3.0026187896728516,509,0.0
3.0127949714660645,512,0.75
3.0127949714660645,514,2.3000000000000114
3.0208213329315186,507,0.0
3.0292747020721436,508,0.0
3.033942699432373,517,5.5
3.037238836288452,516,4.350000000000023
3.0464649200439453,509,0.0
3.0469295978546143,509,0.0
3.053839683532715,506,0.0
3.06168532371521,514,3.1499999999999773
3.06339693069458,513,2.0500000000000114
3.0701730251312256,509,0.0
3.0701730251312256,509,0.0
3.079993486404419,512,1.5500000000000114
3.086531162261963,510,0.0
3.086531162261963,514,3.3999999999999773
3.096644639968872,508,0.0
3.1023919582366943,509,0.0
3.105801582336426,506,0.0
3.105801582336426,501,0.0
3.119046688079834,514,3.75
3.123410224914551,508,0.0
3.123410224914551,510,0.0
3.13618540763855,512,1.6999999999999886
3.13618540763855,511,1.0
3.1428418159484863,514,4.100000000000023
3.1428418159484863,509,0.0
3.152992010116577,518,7.649999999999977
3.160682439804077,508,0.0
3.160682439804077,514,3.5500000000000114
3.1698672771453857,514,3.5
3.1772029399871826,516,5.149999999999977
3.1772029399871826,513,1.9499999999999886
3.1859629154205322,507,0.0
3.1929919719696045,510,0.0
3.1958963871002197,510,0.0
3.201846122741699,512,1.1999999999999886
3.201846122741699,514,2.9499999999999886
3.212445020675659,512,0.6499999999999773
3.212445020675659,507,0.0
3.220771074295044,501,0.0
3.229074716567993,513,1.75
3.2333428859710693,514,2.5500000000000114
3.2369353771209717,511,0.0
3.246748685836792,514,2.4499999999999886
3.246748685836792,518,6.25
3.2535479068756104,514,2.0
3.2631285190582275,509,0.0
3.2631285190582275,517,5.0
3.2704761028289795,515,2.9500000000000455
3.2704761028289795,505,0.0
3.2795569896698,510,0.0
3.287161111831665,520,8.350000000000023
3.287161111831665,519,6.75
3.29671311378479,518,5.350000000000023
3.303067445755005,511,0.0
3.303067445755005,511,0.0
3.3103396892547607,516,3.25
3.319777250289917,515,2.1000000000000227
3.319777250289917,508,0.0
3.328221082687378,510,0.0
3.3367676734924316,509,0.0
3.3398571014404297,502,0.0
3.344195604324341,516,3.1499999999999773
3.344195604324341,511,0.0
3.3532891273498535,512,0.0
3.3613061904907227,515,2.5499999999999545
3.3613061904907227,516,3.2000000000000455
3.37088680267334,505,0.0
3.3778574466705322,509,0.0
3.3778574466705322,516,3.5499999999999545
3.386898994445801,509,0.0
3.3946328163146973,515,2.8500000000000227
3.3946328163146973,507,0.0
3.4032845497131348,508,0.0
3.4110472202301025,516,4.699999999999989
3.4110472202301025,507,0.0
3.4195539951324463,517,5.850000000000023
3.4269540309906006,505,0.0
3.4269540309906006,507,0.0
3.4356112480163574,507,0.0
3.436457633972168,505,0.0
3.4440789222717285,499,0.0
3.452230930328369,518,7.800000000000011
3.455064535140991,514,3.6499999999999773
3.459648370742798,516,5.449999999999989
3.468059778213501,527,15.850000000000023
3.4700589179992676,508,0.0
3.4764649868011475,517,5.649999999999977
3.484482526779175,508,0.0
3.4869279861450195,502,0.0
3.4930384159088135,513,2.1999999999999886
3.501349925994873,513,2.3000000000000114
3.503561496734619,505,0.0
3.5098299980163574,506,0.0
3.5098299980163574,507,0.0
3.5205512046813965,510,0.0
3.5260965824127197,504,0.0
3.5280985832214355,517,6.850000000000023
3.536266326904297,507,0.0
3.5421934127807617,505,0.0
3.5421934127807617,509,0.0
3.5500569343566895,512,1.1000000000000227
3.5584402084350586,504,0.0
3.5584402084350586,510,0.0
3.5668108463287354,501,0.0
3.575042486190796,510,1.6000000000000227
3.5766348838806152,512,3.3999999999999773
3.583414316177368,527,17.899999999999977
3.5873184204101562,509,0.0
3.594193696975708,512,2.3500000000000227
3.594193696975708,509,0.0
3.603983163833618,506,0.0
3.6106882095336914,528,17.75
3.6139016151428223,506,0.0
3.619750499725342,519,8.149999999999977
3.620758295059204,530,18.149999999999977
3.630324602127075,512,0.0
3.635740041732788,518,5.7000000000000455
3.638627767562866,507,0.0
3.646746873855591,529,15.5
3.6500847339630127,520,5.9500000000000455
3.655075788497925,501,0.0
3.6650407314300537,519,4.75
3.6692657470703125,516,1.4500000000000455
3.6717336177825928,526,10.200000000000045
3.6717336177825928,514,0.0
3.6815905570983887,514,0.0
3.6877458095550537,507,0.0
3.6877458095550537,499,0.0
3.6976101398468018,515,0.25
3.70503830909729,516,0.8999999999999773
3.70503830909729,503,0.0
3.7141454219818115,510,0.0
3.7198328971862793,512,0.0
3.725127935409546,511,0.0
3.730350971221924,512,0.0
3.738499164581299,512,0.0
3.7430481910705566,514,1.1499999999999773
3.7430481910705566,509,0.0
3.7502501010894775,496,0.0
3.758692741394043,501,0.0
3.761863946914673,522,10.600000000000023
3.766885995864868,516,4.75
3.770242691040039,508,0.0
3.77870774269104,523,12.300000000000011
3.77870774269104,516,5.199999999999989
3.787820339202881,519,7.949999999999989
3.7956790924072266,511,0.0
3.799201726913452,519,6.75
3.803995132446289,514,1.7999999999999545
3.8123831748962402,503,0.0
3.8123831748962402,513,0.9500000000000455
3.8203279972076416,518,5.5499999999999545
3.8216869831085205,504,0.0
3.8319499492645264,508,0.0
3.8370771408081055,501,0.0
3.8407540321350098,519,7.300000000000011
3.8483164310455322,514,2.3000000000000114
3.850001335144043,516,3.9500000000000455
3.857311248779297,506,0.0
3.8651552200317383,521,7.4500000000000455
3.8689208030700684,516,2.75
3.873443841934204,506,0.0
3.8768107891082764,525,11.399999999999977
3.884920120239258,510,0.0
3.887418031692505,508,0.0
3.8947713375091553,508,0.0
3.9020156860351562,509,0.0
3.904679298400879,518,6.149999999999977
3.910529851913452,509,0.0
3.913562774658203,516,3.75
3.9195616245269775,510,0.0
3.9273531436920166,505,0.0
3.9273531436920166,510,0.0
3.938289165496826,520,7.649999999999977
3.943685293197632,512,0.0
3.9456303119659424,513,0.39999999999997726
3.952521562576294,514,1.3999999999999773
3.9600932598114014,509,0.0
3.9600932598114014,514,1.3500000000000227
3.9684605598449707,519,6.4500000000000455
3.9708800315856934,505,0.0
3.979336738586426,516,3.5
3.979336738586426,510,0.0
3.986259937286377,508,0.0
3.995604991912842,519,6.7999999999999545
3.995604991912842,506,0.0
4.004243612289429,513,0.7000000000000455
4.013377904891968,504,0.0
4.013709783554077,511,0.0
4.0204877853393555,514,2.3999999999999773
4.028726100921631,514,2.1999999999999886
4.030205488204956,509,0.0
4.038051605224609,515,2.75
4.038051605224609,511,0.0
4.046415328979492,514,2.1000000000000227
4.054256916046143,517,4.899999999999977
4.054256916046143,507,0.0
4.062679767608643,511,0.0
4.0692644119262695,510,0.0
4.072999715805054,504,0.0
4.072999715805054,501,0.0
4.086208820343018,514,3.3999999999999773
4.089340686798096,520,8.899999999999977
4.089340686798096,515,3.5500000000000114
4.103142261505127,519,7.550000000000011
4.105805158615112,505,0.0
4.105805158615112,521,9.199999999999989
4.11496901512146,485,0.0
4.119604587554932,496,0.0
4.1265709400177,542,30.5
4.1265709400177,516,4.399999999999977
4.1361916065216064,514,2.1499999999999773
4.14283299446106,493,0.0
4.145606279373169,507,0.0
4.151765584945679,501,0.0
4.159159421920776,538,27.05000000000001
4.159159421920776,501,0.0
4.168904542922974,493,0.0
4.175518274307251,477,0.0
4.181310176849365,506,0.0
4.185536623001099,474,0.0
4.185536623001099,496,0.0
4.19634747505188,498,0.0
4.19634747505188,496,0.0
4.204472541809082,494,0.0
4.2140562534332275,513,9.949999999999989
4.2145020961761475,507,4.649999999999977
4.220551013946533,515,11.149999999999977
4.2303245067596436,490,0.0
4.2305779457092285,520,17.55000000000001
4.23759388923645,489,0.0
4.23759388923645,494,0.0
4.246854066848755,479,0.0
4.25255823135376,497,0.0
4.25255823135376,481,0.0
4.261763334274292,546,47.69999999999999
4.270816087722778,566,64.44999999999999
4.272083044052124,506,3.8000000000000114
4.2790796756744385,530,25.149999999999977
4.287698030471802,505,0.19999999999998863
4.287698030471802,510,3.3999999999999773
4.296053409576416,519,11.25
4.303279638290405,539,29.19999999999999
4.3045103549957275,506,0.0
4.312460899353027,517,5.550000000000011
4.319463729858398,499,0.0
4.323936700820923,498,0.0
4.328843355178833,493,0.0
4.332601308822632,527,15.949999999999989
4.3362038135528564,489,0.0
4.343436241149902,503,0.0
4.343436241149902,469,0.0
4.353839635848999,497,0.0
4.361404180526733,563,49.85000000000002
4.361404180526733,520,4.899999999999977
4.370086431503296,481,0.0
4.376893758773804,499,0.0
4.37970232963562,546,35.5
4.3858113288879395,486,0.0
4.390983581542969,515,6.199999999999989
4.3965137004852295,475,0.0
4.402390241622925,500,0.0
4.405062437057495,549,42.39999999999998
4.414414882659912,551,42.14999999999998
4.414414882659912,538,28.100000000000023
4.42168116569519,491,0.0
4.4298996925354,569,55.950000000000045
4.433330535888672,507,0.0
4.438575029373169,478,0.0
4.44347882270813,477,0.0
4.45024299621582,542,29.350000000000023
4.455266952514648,434,0.0
4.455266952514648,497,0.0
4.4652814865112305,563,52.10000000000002
4.4716503620147705,494,0.0
4.4716503620147705,563,49.299999999999955
4.479826211929321,506,0.0
4.486246347427368,522,9.149999999999977
4.490875005722046,511,0.0
4.490875005722046,505,0.0
4.503872632980347,511,0.0
4.5087878704071045,509,0.0
4.5087878704071045,510,0.0
4.520859956741333,511,0.0
4.523515939712524,498,0.0
4.523515939712524,507,0.0
4.533533334732056,513,5.100000000000023
4.537605285644531,511,2.8999999999999773
4.544126987457275,495,0.0
4.544126987457275,512,1.3000000000000114
4.554151296615601,523,13.25
4.560943841934204,498,0.0
4.560943841934204,514,0.20000000000004547
4.569852590560913,504,0.0
4.578596353530884,516,4.050000000000011
4.579145431518555,505,0.0
4.586950063705444,504,0.0
4.594282865524292,513,4.5
4.596896648406982,517,8.199999999999989
4.602839708328247,510,0.9499999999999886
4.602839708328247,510,1.0
4.610644340515137,517,7.600000000000023
4.619316577911377,507,0.0
4.62188982963562,512,2.6999999999999886
4.627169847488403,511,1.0500000000000114
4.635371923446655,514,3.6999999999999886
4.6369781494140625,501,0.0
4.643876552581787,518,7.949999999999989
4.652498483657837,513,2.0500000000000114
4.65336537361145,504,0.0
4.660626173019409,507,0.0
4.668463706970215,519,8.199999999999989
4.672510385513306,505,0.0
4.676970720291138,503,0.0
4.684179782867432,522,11.399999999999977
4.68644118309021,512,1.0500000000000114
4.692824602127075,509,0.0
4.692824602127075,509,0.0
4.70340633392334,519,7.899999999999977
4.7097086906433105,516,4.600000000000023
4.711668491363525,514,2.3999999999999773
4.719778299331665,513,1.6000000000000227
4.726006269454956,509,0.0
4.726006269454956,513,1.4499999999999886
4.734032869338989,505,0.0
4.7423670291900635,501,0.0
4.744310140609741,515,3.6999999999999886
4.7508227825164795,514,2.8999999999999773
4.753194570541382,504,0.0
4.759428024291992,516,4.75
4.766740798950195,512,0.5
4.770462274551392,510,0.0
4.777484655380249,511,0.0
4.783387184143066,506,0.0
4.787292957305908,510,0.0
4.794567584991455,510,0.0
4.794567584991455,520,8.649999999999977
4.802709102630615,518,6.199999999999989
4.802709102630615,499,0.0
4.809374809265137,489,0.0
4.820266962051392,510,0.75
4.820852279663086,484,0.0
4.832459211349487,493,0.0
4.836620807647705,493,0.0
4.8403191566467285,519,12.300000000000011
4.841846466064453,543,34.19999999999999
4.8512842655181885,528,18.55000000000001
4.854610204696655,551,39.69999999999999
4.860382556915283,523,10.75
4.869365692138672,485,0.0
4.87108850479126,502,0.0
4.8746018409729,510,0.0
4.885608673095703,501,0.0
4.88798975944519,533,21.94999999999999
4.89105486869812,496,0.0
4.89105486869812,523,12.0
4.905331134796143,510,0.0
4.906838417053223,527,16.05000000000001
4.906838417053223,512,0.39999999999997726
4.919266223907471,538,23.950000000000045
4.925097227096558,508,0.0
4.925097227096558,530,13.75
4.9338414669036865,503,0.0
4.942337274551392,523,4.75
4.942337274551392,506,0.0
4.951029062271118,525,8.299999999999955
4.957093954086304,494,0.0
4.961999177932739,527,13.200000000000045
4.965010643005371,508,0.0
4.9680585861206055,517,2.3500000000000227
4.973343849182129,512,0.0
4.981576919555664,524,8.149999999999977
4.986135244369507,498,0.0
4.990485668182373,511,0.0
4.999586582183838,519,3.25
5.001978874206543,512,0.0
5.007038831710815,515,0.0
5.015791654586792,530,14.399999999999977
5.020233631134033,518,2.1000000000000227
5.023871183395386,531,15.450000000000045
5.033125400543213,516,0.049999999999954525
5.037404537200928,499,0.0
5.040746688842773,509,0.0
5.049428701400757,488,0.0
5.055913209915161,515,1.6000000000000227
5.057552099227905,499,0.0
5.057552099227905,518,4.7000000000000455
5.068894386291504,504,0.0
5.071587085723877,508,0.0
5.071587085723877,511,0.0
5.08624005317688,508,0.0
5.088932275772095,498,0.0
5.088932275772095,538,25.649999999999977
5.098150253295898,517,4.350000000000023
5.104767799377441,507,0.0
5.109629392623901,509,0.0
5.112194299697876,503,0.0
5.120314836502075,516,5.399999999999977
5.126203775405884,529,17.850000000000023
5.128777980804443,509,0.0
5.135806083679199,535,24.0
5.137688398361206,518,6.050000000000011
5.146456241607666,503,0.0
5.146456241607666,517,3.8999999999999773
5.15394926071167,483,0.0
5.162343740463257,522,9.350000000000023
5.167667865753174,501,0.0
5.170755863189697,504,0.0
5.1799726486206055,504,0.0
5.183083534240723,505,0.0
5.187445640563965,506,0.0
5.196260929107666,513,1.0500000000000114
5.196260929107666,507,0.0
5.205467939376831,517,6.600000000000023
5.212347030639648,499,0.0
5.2161338329315186,519,8.5
5.220882177352905,504,0.0
5.225339412689209,515,4.5
5.228490114212036,503,0.0
5.238010883331299,521,11.199999999999989
5.238010883331299,496,0.0
5.246246576309204,519,11.100000000000023
5.254273891448975,499,0.0
5.254273891448975,506,0.0
5.26245903968811,514,5.300000000000011
5.270614385604858,508,0.0
5.270614385604858,507,0.0
5.27830696105957,518,9.0
5.286871671676636,511,1.6499999999999773
5.286871671676636,506,0.0
5.294530868530273,518,8.0
5.294530868530273,508,0.0
5.30400824546814,515,4.850000000000023
5.311429977416992,516,5.899999999999977
5.311429977416992,516,5.050000000000011
5.320215940475464,509,0.0
5.3270227909088135,514,3.0500000000000114
5.3270227909088135,507,0.0
5.335101842880249,518,6.699999999999989
5.343891143798828,507,0.0
5.345622777938843,515,3.4499999999999886
5.352858543395996,506,0.0
5.3607494831085205,516,4.25
5.3639442920684814,520,7.5499999999999545
5.368968725204468,505,0.0
5.369650840759277,502,0.0
5.377312183380127,515,2.8999999999999773
5.385339260101318,514,2.1000000000000227
5.3862221240997314,506,0.0
5.393610000610352,515,2.8999999999999773
5.40163254737854,513,1.1499999999999773
5.4029152393341064,505,0.0
5.410000324249268,512,0.44999999999998863
5.418025732040405,518,6.350000000000023
5.419600009918213,508,0.0
5.426293134689331,508,0.0
5.434317588806152,520,8.5
5.4372992515563965,508,0.0
5.442973613739014,510,0.0
5.4501402378082275,513,1.5500000000000114
5.453434705734253,513,1.6499999999999773
5.456591367721558,505,0.0
5.461285591125488,513,1.8500000000000227
5.47144627571106,515,4.100000000000023
5.475605726242065,506,0.0
5.475605726242065,510,0.0
5.486726999282837,513,1.75
5.4919586181640625,510,0.0
5.4919586181640625,514,2.5500000000000114
5.500292778015137,514,2.6000000000000227
5.506158113479614,506,0.0
5.510537147521973,509,0.0
5.510537147521973,502,0.0
5.520765781402588,515,4.399999999999977
5.52747368812561,519,7.850000000000023
5.52747368812561,504,0.0
5.534874200820923,508,0.0
5.542788028717041,510,0.0
5.54925012588501,510,0.0
5.553097486495972,513,2.5500000000000114
5.561114072799683,518,7.300000000000011
5.561114072799683,511,0.0
5.569338798522949,505,0.0
5.577751159667969,502,0.0
5.581764221191406,517,6.5
5.586026668548584,513,2.3500000000000227
5.587887763977051,506,0.0
5.593190431594849,514,3.5
5.601216793060303,512,1.6000000000000227
5.603661775588989,504,0.0
5.609921455383301,517,6.550000000000011
5.616673231124878,508,0.0
5.62057089805603,501,0.0
5.625191688537598,651,133.85000000000002
5.633296728134155,596,75.0
5.63604736328125,508,0.0
5.641550302505493,484,0.0
5.651244401931763,504,0.0
5.652370452880859,518,0.0
5.658639430999756,495,0.0
5.658639430999756,502,0.0
5.671519994735718,487,0.0
5.673962116241455,517,0.0
5.673962116241455,505,0.0
5.68631911277771,502,0.0
5.6921117305755615,510,0.0
5.6921117305755615,520,2.25
5.700567245483398,512,0.0
5.708115577697754,506,0.0
5.708115577697754,512,0.0
5.71484637260437,504,0.0
5.7198357582092285,508,0.0
5.727330446243286,513,0.0
5.727330446243286,514,3.1499999999999773
5.736046075820923,503,0.0
5.745359897613525,514,7.5
5.745359897613525,516,7.899999999999977
5.754232883453369,517,8.25
5.761796712875366,507,0.0
5.763455629348755,511,2.0
5.770220041275024,510,0.6000000000000227
5.7774436473846436,515,4.199999999999989
5.78061580657959,514,3.3500000000000227
5.786096811294556,511,0.05000000000001137
5.786096811294556,515,3.3999999999999773
5.7940685749053955,515,3.1499999999999773
5.802389144897461,510,0.0
5.802389144897461,480,0.0
5.813157081604004,422,0.0
5.819746494293213,501,0.0
5.819800615310669,469,0.0
5.8266143798828125,568,61.75
5.835918664932251,550,41.89999999999998
5.83716893196106,540,30.600000000000023
5.842789173126221,508,0.0
5.850831985473633,494,0.0
5.852517127990723,499,0.0
5.858665466308594,523,14.899999999999977
5.858665466308594,524,15.050000000000011
5.870653390884399,522,12.5
5.876442193984985,511,1.4499999999999886
5.876442193984985,514,4.5
5.88555121421814,534,23.5
5.892699480056763,504,0.0
5.892699480056763,509,0.0
5.900084018707275,507,0.0
5.908006906509399,501,0.0
5.911196947097778,512,1.3999999999999773
5.917953968048096,525,9.25
5.924541711807251,499,0.0
5.924541711807251,520,1.7999999999999545
5.93326997756958,516,0.39999999999997726
5.942206382751465,501,0.0
5.942206382751465,522,9.75
5.949964284896851,514,1.4500000000000455
5.952731132507324,509,0.0
5.958083868026733,515,0.8999999999999773
5.966554403305054,513,0.0
5.970183849334717,510,0.0
5.974018812179565,515,2.4500000000000455
5.982230186462402,513,0.35000000000002274
5.985394477844238,513,0.39999999999997726
5.990756988525391,510,0.0
5.999114036560059,506,0.0
6.003390550613403,518,6.050000000000011
6.006814241409302,507,0.0
6.015069961547852,509,0.0
6.019905090332031,506,0.0
6.023395776748657,512,0.6000000000000227
6.023395776748657,518,5.649999999999977
6.036698818206787,505,0.0
6.038552522659302,505,0.0
6.038552522659302,515,3.25
6.05288553237915,515,3.6000000000000227
6.053638935089111,520,8.300000000000011
6.059954881668091,509,0.0
6.059954881668091,515,3.3000000000000114
6.069786310195923,506,0.0
6.07754921913147,508,0.0
6.07754921913147,512,0.8999999999999773
6.086548328399658,518,6.649999999999977
6.094019412994385,499,0.0
6.094359874725342,511,0.30000000000001137
6.101383686065674,514,2.8999999999999773
6.110056638717651,509,0.0
6.113145351409912,510,0.0
6.1181581020355225,513,2.0
6.119104862213135,506,0.0
6.129951000213623,513,1.9499999999999886
6.129951000213623,506,0.0
6.1382176876068115,508,0.0
6.147353172302246,513,2.0
6.149639129638672,504,0.0
6.154651641845703,512,1.6999999999999886
6.1635661125183105,514,4.0
6.167003393173218,510,0.0
6.171852111816406,513,3.0500000000000114
6.180246114730835,507,0.0
6.182371616363525,511,0.8500000000000227
6.186800003051758,506,0.0
6.191982984542847,503,0.0
6.200012445449829,511,1.3000000000000114
6.2036871910095215,505,0.0
6.207284927368164,511,1.75
6.216697454452515,507,0.0
6.220870494842529,510,0.8500000000000227
6.2245893478393555,500,0.0
6.228976011276245,513,4.149999999999977
6.237037181854248,506,0.0
6.240344762802124,505,0.0
6.240344762802124,515,6.199999999999989
6.252403974533081,509,0.39999999999997726
6.252403974533081,518,8.699999999999989
6.259876728057861,517,7.449999999999989
6.259876728057861,509,0.0
6.270280122756958,510,0.6999999999999886
6.278345108032227,502,0.0
6.278345108032227,510,1.1000000000000227
6.287060260772705,512,3.0500000000000114
6.294505834579468,507,0.0
6.294505834579468,515,5.399999999999977
6.303538799285889,510,0.44999999999998863
6.309854984283447,507,0.0
6.309854984283447,517,7.050000000000011
6.319698810577393,516,5.600000000000023
6.325913429260254,507,0.0
6.331546306610107,511,0.19999999999998863
6.335689067840576,505,0.0
6.336931467056274,505,0.0
6.347841024398804,517,6.050000000000011
6.348859071731567,505,0.0
6.354445695877075,505,0.0
6.364090442657471,513,3.0
6.364707946777344,511,1.3000000000000114
6.370484113693237,510,0.25
6.380583047866821,518,7.850000000000023
6.380583047866821,514,3.25
6.387212514877319,505,0.0
6.387212514877319,507,0.0
6.3971147537231445,516,5.300000000000011
6.403879880905151,515,4.300000000000011
6.403879880905151,513,2.1499999999999773
6.413541555404663,514,2.8000000000000114
6.420622110366821,513,2.0
6.420622110366821,507,0.0
6.429988622665405,518,6.899999999999977
6.436771631240845,509,0.0
6.440706014633179,505,0.0
6.440706014633179,505,0.0
6.453110456466675,507,0.0
6.457422256469727,515,4.0
6.460674524307251,515,3.5
6.466835260391235,511,0.0
6.468803405761719,509,0.0
6.477940082550049,525,12.950000000000045
6.477940082550049,506,0.0
6.4873127937316895,518,6.350000000000023
6.494654178619385,505,0.0
6.494654178619385,513,1.0500000000000114
6.507303953170776,511,0.0
6.511065483093262,504,0.0
6.511065483093262,521,9.449999999999989
6.519818305969238,518,6.25
6.527188539505005,505,0.0
6.529266119003296,520,8.0
6.53611946105957,511,0.0
6.544587850570679,503,0.0
6.54484486579895,518,6.0
6.552978038787842,518,5.350000000000023
6.552978038787842,503,0.0
6.561916828155518,511,0.0
6.569169282913208,514,1.7999999999999545
6.569878578186035,513,0.7000000000000455
6.577457666397095,521,8.100000000000023
6.5855748653411865,515,2.6000000000000227
6.5855748653411865,507,0.0
6.593699216842651,516,3.6499999999999773
6.601725339889526,511,0.0
6.604943513870239,517,4.149999999999977
6.610307216644287,509,0.0
6.618112802505493,516,2.6499999999999773
6.620026588439941,520,6.7000000000000455
6.626450300216675,507,0.0
6.626450300216675,518,4.600000000000023
6.6365485191345215,520,6.600000000000023
6.642730236053467,506,0.0
6.642730236053467,508,0.0
6.654060363769531,515,1.75
6.6593546867370605,509,0.0
6.661347150802612,518,4.4500000000000455
6.669325590133667,524,9.799999999999955
6.675596714019775,513,0.0
6.675596714019775,513,0.0
6.683621168136597,511,0.0
6.686593055725098,517,3.25
6.7322001457214355,510,0.0
6.735391616821289,509,0.0
6.735391616821289,509,0.0
6.735391616821289,512,0.0
6.735391616821289,512,0.0
6.735391616821289,520,6.4500000000000455
6.735391616821289,512,0.0
6.735391616821289,519,5.25
6.735391616821289,515,1.3999999999999773
6.735391616821289,511,0.0
6.7474024295806885,516,2.3500000000000227
6.7527971267700195,515,1.0
6.759002447128296,512,0.0
6.765204429626465,513,0.0
6.768121242523193,525,10.600000000000023
6.77281641960144,513,0.0
6.78094220161438,524,9.600000000000023
6.784987926483154,513,0.0
6.7891693115234375,505,0.0
6.7891693115234375,522,7.649999999999977
6.800381183624268,510,0.0
6.805483818054199,520,5.100000000000023
6.805483818054199,515,0.0
6.818988800048828,514,0.0
6.822023630142212,507,0.0
6.822023630142212,516,1.1499999999999773
6.830176115036011,519,3.7999999999999545
6.838300704956055,522,6.649999999999977
6.838300704956055,533,16.75
6.847585678100586,517,0.4500000000000455
6.8549768924713135,504,0.0
6.857802867889404,501,0.0
6.863553285598755,517,1.5
6.867459535598755,502,0.0
6.876381874084473,511,0.0
6.876381874084473,499,0.0
6.884692430496216,516,2.8500000000000227
6.892438888549805,526,12.200000000000045
6.892438888549805,508,0.0
6.900397777557373,514,0.4500000000000455
6.909093856811523,496,0.0
6.909093856811523,525,11.899999999999977
6.917073488235474,533,19.0
6.918427467346191,501,0.0
6.924943208694458,516,2.2000000000000455
6.933694362640381,522,7.899999999999977
6.933694362640381,516,2.0499999999999545
6.939853668212891,505,0.0
6.950040340423584,518,5.649999999999977
6.950787782669067,517,4.649999999999977
6.9565818309783936,518,4.9500000000000455
6.964916944503784,524,9.799999999999955
6.9683918952941895,508,0.0
6.9729695320129395,496,0.0
6.981534004211426,513,0.0
6.98608660697937,534,18.700000000000045
6.989418983459473,498,0.0
6.989418983459473,510,0.0
7.00141167640686,535,20.049999999999955
7.007087469100952,504,0.0
7.007087469100952,521,5.2999999999999545
7.019065856933594,511,0.0
7.022040367126465,518,3.75
7.022040367126465,523,7.649999999999977
7.035113334655762,511,0.0
7.03982400894165,517,2.1499999999999773
7.044293403625488,520,4.9500000000000455
7.048582553863525,507,0.0
7.050688743591309,512,0.0
7.059582948684692,514,0.0
7.064667463302612,514,0.0
7.069631814956665,521,6.649999999999977
7.0748817920684814,508,0.0
7.0748817920684814,508,0.0
7.085250616073608,520,4.7000000000000455
7.0925679206848145,504,0.0
7.0925679206848145,510,0.0
7.101609230041504,520,5.100000000000023
7.108081817626953,504,0.0
7.11384129524231,515,1.1000000000000227
7.117372989654541,509,0.0
7.117372989654541,510,0.0
7.124810695648193,526,12.350000000000023
7.133960485458374,520,6.5
7.137118816375732,509,0.0
7.141132831573486,517,3.6000000000000227
7.150813579559326,523,9.450000000000045
7.152658462524414,514,0.10000000000002274
7.15883469581604,517,2.8500000000000227
7.166795015335083,515,0.7999999999999545
7.17144775390625,513,0.0
7.17440128326416,504,0.0
7.182665586471558,509,0.0
7.1867356300354,530,15.549999999999955
7.19089412689209,506,0.0
7.19089412689209,511,0.0
7.2023046016693115,516,1.6000000000000227
7.208322525024414,508,0.0
7.208322525024414,513,0.0
7.219306468963623,517,2.6499999999999773
7.224392652511597,515,0.35000000000002274
7.224748134613037,514,0.0
7.235463857650757,511,0.0
7.23905086517334,513,0.0
7.23905086517334,517,2.8500000000000227
7.247809171676636,517,2.8500000000000227
7.256133556365967,511,0.0
7.258084535598755,520,6.149999999999977
7.264767408370972,514,0.2999999999999545
7.267195463180542,511,0.0
7.276089191436768,517,3.2999999999999545
7.276089191436768,517,2.6499999999999773
7.28515100479126,515,0.35000000000002274
7.294003248214722,506,0.0
7.2943267822265625,497,0.0
7.302421569824219,1023,484.4
7.357858896255493,596,53.39999999999998
7.357858896255493,525,0.0
7.357858896255493,559,13.25
7.357858896255493,482,0.0
7.357858896255493,533,0.0
7.357858896255493,543,0.0
7.357858896255493,496,0.0
7.357858896255493,539,0.0
7.357858896255493,533,0.0
7.357858896255493,522,0.0
7.365772247314453,533,0.0
7.367250204086304,493,0.0
7.368828058242798,513,0.0
7.375764608383179,525,0.0
7.384249210357666,508,0.0
7.388262748718262,505,0.0
7.390975713729858,520,0.0
7.400086164474487,526,0.0
7.404770374298096,515,0.0
7.40721321105957,506,0.0
7.40721321105957,514,0.0
7.419157981872559,516,0.0
7.4240334033966064,521,3.8500000000000227
7.4240334033966064,504,0.0
7.4359352588653564,512,0.0
7.44039511680603,521,4.899999999999977
7.44571590423584,523,5.5499999999999545
7.450007915496826,519,2.5499999999999545
7.4507269859313965,517,1.3500000000000227
7.460813522338867,522,6.350000000000023
7.460813522338867,518,3.1000000000000227
7.470307350158691,515,0.0
7.478270769119263,513,0.0
7.478695392608643,517,1.3999999999999773
7.48693585395813,511,0.0
7.494787216186523,512,0.0
7.497189521789551,513,0.0
7.503238201141357,474,0.0
7.505730152130127,0,0.0
7.511440753936768,431,0.0
7.519369602203369,528,43.64999999999998
7.519369602203369,514,29.75
7.529013633728027,514,30.100000000000023
7.533904552459717,514,29.600000000000023
7.533904552459717,482,0.0
7.544492959976196,490,8.649999999999977
7.552224636077881,528,46.39999999999998
7.553394079208374,512,30.75
7.5607030391693115,535,52.85000000000002
7.5678510665893555,514,32.25
7.5678510665893555,510,28.649999999999977
7.575375318527222,515,33.64999999999998
7.584344863891602,517,35.44999999999999
7.587118625640869,514,32.60000000000002
7.591439962387085,503,22.0
7.600655555725098,523,41.44999999999999
7.602806091308594,514,32.39999999999998
7.607360363006592,507,23.75
7.607360363006592,516,6.949999999999989
7.6188366413116455,515,1.75
7.625325918197632,508,0.0
7.625325918197632,515,2.7000000000000455
7.638378381729126,510,0.0
7.6409032344818115,507,0.0
7.6409032344818115,503,0.0
7.650614023208618,512,0.0
7.65791654586792,516,2.7000000000000455
7.661118030548096,522,8.200000000000045
7.666714429855347,510,0.0
7.667362689971924,509,0.0
7.678330898284912,515,2.4500000000000455
7.678330898284912,513,0.5499999999999545
7.6871912479400635,515,2.6499999999999773
7.694915533065796,505,0.0
7.698192596435547,513,0.6000000000000227
7.703860521316528,511,0.0
7.7117345333099365,504,0.0
7.714185953140259,527,14.700000000000045
7.719913482666016,511,0.0
7.719913482666016,511,0.0
7.7282867431640625,513,0.8999999999999773
7.73607325553894,506,0.0
7.738101005554199,506,0.0
7.745968341827393,515,3.1499999999999773
7.752490043640137,509,0.0
7.753542423248291,509,0.0
7.7611329555511475,517,4.9500000000000455
7.767562627792358,511,0.0
7.770502090454102,519,7.050000000000011
7.774850368499756,519,6.5499999999999545
7.784479379653931,518,5.399999999999977
7.7860426902771,518,5.149999999999977
7.79334282875061,512,0.0
7.800626039505005,516,2.75
7.802667617797852,519,5.4500000000000455
7.808767557144165,505,0.0
7.8112640380859375,513,0.0
7.817224740982056,513,0.0
7.824315309524536,505,0.0
7.824315309524536,518,4.9500000000000455
7.836119651794434,514,0.8999999999999773
7.840700387954712,500,0.0
7.840700387954712,509,0.0
7.850651264190674,515,2.0499999999999545
7.859132766723633,510,0.0
7.860886096954346,519,5.5
7.867455005645752,515,1.6000000000000227
7.874635696411133,512,0.0
7.876465559005737,523,9.350000000000023
7.8826704025268555,513,0.0
7.885906457901001,518,4.649999999999977
7.892529010772705,520,6.5499999999999545
7.90008282661438,519,5.2000000000000455
7.901854515075684,514,0.2999999999999545
7.908555746078491,513,0.0
7.916433095932007,520,5.850000000000023
7.91898250579834,514,0.0
7.923734426498413,514,0.0
7.931836128234863,517,2.1499999999999773
7.937288522720337,515,0.2999999999999545
7.941599130630493,507,0.0
7.941599130630493,524,8.450000000000045
7.951303958892822,526,9.600000000000023
7.954143285751343,507,0.0
7.958662986755371,518,1.6000000000000227
7.969875335693359,511,0.0
7.969875335693359,511,0.0
7.975055932998657,523,6.649999999999977
7.984609365463257,512,0.0
7.984609365463257,524,7.649999999999977
7.99339485168457,521,4.5
8.000935316085815,509,0.0
8.004886627197266,512,0.0
8.004886627197266,516,0.2999999999999545
8.015329599380493,501,0.0
8.023024559020996,511,0.0
8.023024559020996,517,2.2000000000000455
8.030218124389648,513,0.0
8.034157514572144,509,0.0
8.042530059814453,499,0.0
8.042530059814453,517,2.9500000000000455
8.051307201385498,521,7.100000000000023
8.059773921966553,482,0.0
8.059773921966553,518,5.75
8.067537069320679,580,64.64999999999998
8.067537069320679,507,0.0
8.079392433166504,572,53.799999999999955
8.08447551727295,480,0.0
8.087161779403687,503,0.0
8.097063064575195,529,13.149999999999977
8.10094428062439,485,0.0
8.104214668273926,493,0.0
8.111919164657593,511,0.0
8.117375612258911,528,14.200000000000045
8.119506120681763,488,0.0
8.12514042854309,501,0.0
8.13395380973816,539,25.25
8.13650631904602,626,106.60000000000002
8.138711929321289,453,0.0
8.145092725753784,511,0.0
8.153478145599365,623,100.5
8.157463312149048,440,0.0
8.163472175598145,570,47.14999999999998
8.167608737945557,427,0.0
8.167608737945557,449,0.0
8.177194118499756,589,73.14999999999998
8.18400239944458,492,0.0
8.18980622291565,503,0.0
8.18980622291565,430,0.0
8.201900482177734,611,97.54999999999995
8.207324266433716,480,0.0
8.207324266433716,568,51.049999999999955
8.214657306671143,465,0.0
8.223780632019043,479,0.0
8.223967552185059,603,85.04999999999995
8.231662511825562,521,2.0499999999999545
8.240158796310425,451,0.0
8.240294933319092,530,20.25
8.247881650924683,497,0.0
8.252037763595581,508,0.0
8.256661653518677,513,6.699999999999989
8.264487504959106,495,0.0
8.267525434494019,514,7.75
8.267525434494019,494,0.0
8.28032898902893,541,26.799999999999955
8.28414511680603,500,0.0
8.289437770843506,470,0.0
8.298007488250732,588,75.10000000000002
8.301145792007446,471,0.0
8.305850982666016,485,0.0
8.31402587890625,520,9.350000000000023
8.317808151245117,556,45.94999999999999
8.322504997253418,527,13.850000000000023
8.322702646255493,478,0.0
8.333967685699463,485,0.0
8.336665630340576,481,0.0
8.34262990951538,492,0.0
8.35036325454712,514,7.550000000000011
8.354989528656006,482,0.0
8.358399868011475,493,0.0
8.36770224571228,518,12.800000000000011
8.369720458984375,518,11.649999999999977
8.375679969787598,505,0.0
8.377645492553711,477,0.0
8.386678218841553,519,15.050000000000011
8.391754150390625,532,26.44999999999999
8.391754150390625,526,17.649999999999977
8.402960300445557,491,0.0
8.408344507217407,496,0.0
8.410345077514648,544,36.30000000000001
8.416355609893799,514,6.600000000000023
8.4243323802948,531,24.850000000000023
8.428792953491211,486,0.0
8.433006525039673,493,0.0
8.43580174446106,566,57.10000000000002
8.441415071487427,542,30.05000000000001
8.449176549911499,475,0.0
8.45269775390625,505,0.0
8.457813262939453,504,0.0
8.457813262939453,501,0.0
8.469342231750488,548,34.35000000000002
8.474653720855713,553,37.60000000000002
8.48195767402649,528,11.450000000000045
8.484072923660278,499,0.0
8.484072923660278,482,0.0
8.492676258087158,487,0.0
8.50081992149353,513,0.10000000000002274
8.506424188613892,513,0.0
8.50994324684143,490,0.0
8.518908739089966,493,0.0
8.519446849822998,547,34.200000000000045
8.526899576187134,486,0.0
8.535097122192383,564,49.549999999999955
8.536126136779785,563,45.049999999999955
8.54149317741394,498,0.0
8.55078411102295,521,7.5
8.552929162979126,493,0.0
8.559737205505371,521,5.7999999999999545
8.56749939918518,469,0.0
8.571960687637329,511,0.0
8.575546026229858,568,53.049999999999955
8.575546026229858,539,24.75
8.586346864700317,522,8.049999999999955
8.591767311096191,476,0.0
8.593292474746704,502,0.0
8.602254629135132,503,0.0
8.608086585998535,536,20.25
8.608086585998535,496,0.0
8.61564564704895,512,0.0
8.624251365661621,493,0.0
8.626369953155518,498,0.0
8.633577346801758,488,0.0
8.668593883514404,476,0.0
8.68136739730835,486,0.0
8.68136739730835,503,0.0
8.681878566741943,491,0.0
8.681878566741943,516,10.699999999999989
8.681878566741943,497,0.0
8.681878566741943,522,15.25
8.683689594268799,510,3.3000000000000114
8.683689594268799,539,33.75
8.684678316116333,492,0.0
8.69355320930481,527,23.850000000000023
8.698211193084717,490,0.0
8.702216148376465,518,13.350000000000023
8.702216148376465,492,0.0
8.709776401519775,521,17.649999999999977
8.717085599899292,501,0.0
8.717085599899292,507,3.6499999999999773
8.725195169448853,508,3.8999999999999773
8.736097574234009,533,27.149999999999977
8.736236810684204,514,6.850000000000023
8.742945432662964,509,0.19999999999998863
8.752063512802124,501,0.0
8.756283044815063,510,0.10000000000002274
8.758490324020386,494,0.0
8.768606424331665,518,7.850000000000023
8.769315004348755,514,3.0
8.775485277175903,500,0.0
8.775485277175903,511,1.0500000000000114
8.785799741744995,528,18.600000000000023
8.790386199951172,504,0.0
8.797311067581177,509,0.0
8.803497552871704,502,0.0
8.80701732635498,500,0.0
8.813002586364746,509,0.0
8.817413806915283,508,0.0
8.823896646499634,504,0.0
8.829405784606934,519,9.25
8.834188461303711,505,0.0
8.840499877929688,513,4.399999999999977
8.8444504737854,521,12.050000000000011
8.849019765853882,509,0.05000000000001137
8.852582454681396,511,1.5500000000000114
8.862189769744873,521,11.0
8.865216732025146,518,6.800000000000011
8.869826316833496,494,0.0
8.873390436172485,527,16.350000000000023
8.882843494415283,536,23.549999999999955
8.8860445022583,534,20.399999999999977
8.89073920249939,527,13.450000000000045
8.898035764694214,518,3.75
8.900858402252197,495,0.0
8.906143426895142,502,0.0
8.916068315505981,497,0.0
8.918544054031372,531,16.5
8.924068689346313,512,0.0
8.931430578231812,494,0.0
8.935868740081787,508,0.0
8.940638542175293,545,29.350000000000023
8.940638542175293,512,0.0
8.95244026184082,499,0.0
8.956960916519165,501,0.0
8.956960916519165,528,13.049999999999955
8.969315767288208,538,22.200000000000045
8.973673582077026,514,0.0
8.976075649261475,504,0.0
8.981854438781738,518,2.3500000000000227
8.989812135696411,516,1.3500000000000227
8.990036487579346,500,0.0
8.990036487579346,516,3.6000000000000227
9.003236532211304,515,2.75
9.010321855545044,507,0.0
9.010321855545044,520,6.25
9.017351627349854,515,0.35000000000002274
9.025454759597778,518,4.0
9.030752182006836,510,0.0
9.034703731536865,532,16.200000000000045
9.041316509246826,507,0.0
9.04329228401184,511,0.0
9.051116228103638,514,0.0
9.058788299560547,551,34.25
9.060565948486328,518,0.39999999999997726
9.067342281341553,497,0.0
9.068829536437988,514,0.0
9.075505018234253,537,21.0
9.083113431930542,435,0.0
9.084377765655518,517,4.5
9.090775489807129,538,24.399999999999977
9.100238800048828,549,32.950000000000045
9.100736618041992,508,0.0
9.107267379760742,503,0.0
9.116551876068115,522,6.2000000000000455
9.119648694992065,516,0.39999999999997726
9.124946117401123,506,0.0
9.132244348526001,512,0.0
9.13607907295227,511,0.0
9.141314268112183,514,0.0
9.141314268112183,513,0.0
9.152438879013062,511,0.0
9.156818389892578,510,0.0
9.156818389892578,519,6.5
9.16920781135559,525,12.149999999999977
9.173774003982544,520,6.0
9.173774003982544,510,0.0
9.18230128288269,511,0.0
9.190140008926392,511,0.0
9.19240427017212,517,0.7000000000000455
9.198227405548096,523,7.4500000000000455
9.203392267227173,517,3.0499999999999545
9.210271835327148,511,0.0
9.210271835327148,520,5.0499999999999545
9.219223976135254,510,0.0
9.226718425750732,507,0.0
9.229358434677124,523,8.25
9.23500370979309,510,0.0
9.24286699295044,505,0.0
9.244248151779175,518,3.4500000000000455
9.25068473815918,509,0.0
9.253339529037476,502,0.0
9.26356554031372,519,4.649999999999977
9.26844310760498,514,0.0
9.26844310760498,515,1.3999999999999773
9.275166511535645,524,10.200000000000045
9.284446239471436,511,0.0
9.286283493041992,517,2.8500000000000227
9.29152774810791,520,5.399999999999977
9.300943374633789,514,0.0
9.301301717758179,517,2.8500000000000227
9.307673215866089,524,9.5
9.307673215866089,0,0.0
9.319541215896606,664,167.85000000000002
9.325479507446289,672,167.75
9.333521127700806,316,0.0
9.337876081466675,627,127.10000000000002
9.341779470443726,426,0.0
9.341779470443726,522,25.44999999999999
9.352830410003662,551,52.80000000000001
9.357688903808594,379,0.0
9.362444400787354,530,36.89999999999998
9.369072675704956,459,0.0
9.374340295791626,604,109.39999999999998
9.374340295791626,506,11.850000000000023
9.382816314697266,520,26.05000000000001
9.387120008468628,521,26.55000000000001
9.395283460617065,549,52.94999999999999
9.39910078048706,513,17.30000000000001
9.403988361358643,539,42.05000000000001
9.410361289978027,549,50.44999999999999
9.410361289978027,494,0.0
9.419569969177246,519,0.0
9.42790675163269,511,0.0
9.429986953735352,510,2.75
9.435798168182373,503,0.0
9.443896770477295,489,0.0
9.445133209228516,546,30.299999999999955
9.450903177261353,517,1.5499999999999545
9.453223943710327,525,10.850000000000023
9.463786363601685,524,2.6000000000000227
9.468383312225342,507,0.0
9.468383312225342,515,0.0
9.475476264953613,528,8.75
9.484331607818604,503,0.0
9.489478588104248,510,0.0
9.493412256240845,524,5.25
9.500886917114258,511,0.0
9.502598762512207,529,11.350000000000023
9.510175228118896,535,17.549999999999955
9.518106937408447,510,0.0
9.520569801330566,524,7.0
9.526273727416992,495,0.0
9.534568071365356,514,0.0
9.537385702133179,523,6.399999999999977
9.537385702133179,512,0.0
9.546442031860352,529,9.950000000000045
9.551899671554565,506,0.0
9.557689666748047,502,0.0
9.557689666748047,499,0.0
9.568589687347412,509,0.0
9.575437784194946,510,0.0
9.575437784194946,538,22.450000000000045
9.583235025405884,519,3.8999999999999773
9.590784788131714,528,11.649999999999977
9.593963861465454,490,0.0
9.600154399871826,512,0.0
9.600701093673706,545,28.549999999999955
9.611289262771606,510,0.0
9.611289262771606,549,32.799999999999955
9.620722532272339,493,0.0
9.628692626953125,538,21.950000000000045
9.628692626953125,534,16.0
9.635797500610352,505,0.0
9.639232873916626,496,0.0
9.648935794830322,536,18.600000000000023
9.652024745941162,549,30.600000000000023
9.657211780548096,487,0.0
9.66501259803772,527,8.299999999999955
9.668851137161255,519,0.0
9.672957181930542,529,8.299999999999955
9.681293487548828,497,0.0
9.685926914215088,569,47.39999999999998
9.689845323562622,509,0.0
9.697206974029541,528,6.899999999999977
9.702288389205933,513,0.0
9.70539379119873,516,0.0
9.710685014724731,529,7.350000000000023
9.717880964279175,505,0.0
9.722252368927002,520,0.049999999999954525
9.722252368927002,520,0.0
9.734300374984741,508,0.0
9.739054918289185,515,0.0
9.743223190307617,515,0.0
9.746588706970215,513,0.0
9.75201153755188,514,0.0
9.75774884223938,514,0.0
9.761727571487427,511,0.0
9.767377853393555,514,0.0
9.776192903518677,512,0.0
9.77957558631897,519,1.9500000000000455
9.783791542053223,517,0.0
9.791332006454468,510,0.0
9.791332006454468,508,0.0
9.800854921340942,528,12.950000000000045
9.807224750518799,514,0.0
9.813063383102417,509,0.0
9.818080425262451,511,0.0
9.824421167373657,516,1.6000000000000227
9.824421167373657,527,12.25
9.833317518234253,495,0.0
9.835644006729126,529,14.450000000000045
9.841093301773071,523,8.049999999999955
9.85041093826294,493,0.0
9.853495597839355,513,0.0
9.858741044998169,518,3.9500000000000455
9.866189002990723,485,0.0
9.86847996711731,515,2.2000000000000455
9.874431610107422,540,25.899999999999977
9.882736921310425,500,0.0
9.886435508728027,500,0.0
9.890957355499268,542,28.200000000000045
9.899205446243286,513,0.0
9.90242886543274,516,1.6499999999999773
9.907565593719482,541,26.0
9.909615755081177,493,0.0
9.918638229370117,535,19.75
9.918638229370117,512,0.0
9.926955461502075,488,0.0
9.934850692749023,533,18.799999999999955
9.936319351196289,523,7.399999999999977
9.943949937820435,507,0.0
9.943949937820435,514,0.0
9.952844381332397,519,3.6499999999999773
9.958486795425415,529,12.850000000000023
9.958486795425415,507,0.0
9.968559980392456,521,3.6000000000000227
9.97683334350586,514,0.0
9.97683334350586,495,0.0
9.98721694946289,536,19.100000000000023
9.993436813354492,516,0.0
9.993694305419922,502,0.0
10.001025915145874,528,11.549999999999955
10.008192300796509,502,0.0
10.013812065124512,520,5.2999999999999545
10.017625093460083,499,0.0
10.017625093460083,524,9.549999999999955
10.0291748046875,549,32.700000000000045
10.034181833267212,523,4.9500000000000455
10.037103414535522,526,8.299999999999955
10.045399188995361,520,2.4500000000000455
10.047045230865479,512,0.0
10.055117130279541,499,0.0
10.062814235687256,516,0.0
10.065643548965454,501,0.0
10.069332599639893,518,1.9500000000000455
10.075294494628906,523,6.850000000000023
10.077698945999146,510,0.0
10.087621688842773,509,0.0
10.087784051895142,504,0.0
10.09572720527649,531,15.200000000000045
10.10382628440857,513,0.0
10.104498386383057,495,0.0
10.112206220626831,501,0.0
10.11849045753479,510,0.0
10.120675802230835,509,0.0
10.128446340560913,518,3.6499999999999773
10.13437557220459,503,0.0
10.137731075286865,527,14.75
10.145099878311157,512,0.44999999999998863
10.145099878311157,508,0.0
10.15384578704834,539,26.700000000000045
10.161354064941406,527,13.299999999999955
10.161354064941406,515,1.3500000000000227
10.17067289352417,524,9.200000000000045
10.177597999572754,508,0.0
10.178608894348145,500,0.0
10.18622875213623,520,6.350000000000023
10.194453001022339,522,7.7000000000000455
10.194453001022339,535,19.149999999999977
10.201173782348633,516,0.8999999999999773
10.203374147415161,524,8.350000000000023
10.213863611221313,517,0.25
10.2174654006958,518,0.39999999999997726
10.2174654006958,513,0.0
10.229429721832275,520,1.7000000000000455
10.234707832336426,510,0.0
10.234707832336426,504,0.0
10.242116689682007,519,1.4500000000000455
10.250842332839966,503,0.0
10.25229263305664,523,5.149999999999977
10.259883880615234,510,0.0
10.267688751220703,513,0.0
10.267688751220703,539,22.100000000000023
10.274653196334839,522,5.2000000000000455
10.283639669418335,511,0.0
10.28626823425293,519,1.1000000000000227
10.29147481918335,510,0.0
10.300281763076782,517,0.0
10.303150177001953,516,0.0
10.30890440940857,522,5.5
10.312748432159424,517,0.8500000000000227
10.319283246994019,510,0.0
10.324537992477417,505,0.0
10.327215194702148,512,0.0
10.33421277999878,536,20.100000000000023
10.341444253921509,517,0.75
10.341444253921509,539,21.0
10.353009939193726,545,25.700000000000045
10.353009939193726,0,0.0
10.357211589813232,550,54.5
10.365502119064331,289,0.0
10.367411851882935,498,14.300000000000011
10.377357482910156,558,73.35000000000002
10.377357482910156,604,115.25
10.386915922164917,458,0.0
10.39439606666565,488,3.4499999999999886
10.39439606666565,601,111.89999999999998
10.403090238571167,477,0.0
10.411323308944702,544,55.5
10.414146184921265,445,0.0
10.418938875198364,479,0.0
10.419734954833984,529,45.30000000000001
10.429245471954346,475,0.0
10.433841705322266,532,48.80000000000001
10.438187837600708,492,11.0
10.446781873703003,515,34.10000000000002
10.450927972793579,501,22.0
10.455222606658936,500,23.25
10.464248180389404,533,29.600000000000023
10.467782258987427,513,11.449999999999989
10.470500946044922,521,7.850000000000023
10.470500946044922,492,0.0
10.484419345855713,438,0.0
10.487624645233154,537,33.5
10.487624645233154,501,0.0
10.501047849655151,517,9.899999999999977
10.504157304763794,516,13.149999999999977
10.504157304763794,527,21.649999999999977
10.511961936950684,497,0.0
10.519832372665405,512,5.649999999999977
10.519832372665405,549,39.14999999999998
10.52971076965332,523,13.449999999999989
10.535074710845947,507,0.0
10.54092812538147,489,0.0
10.54092812538147,513,2.9499999999999886
10.552026748657227,514,4.0
10.558511018753052,493,0.0
10.558511018753052,508,0.0
10.56675934791565,510,1.1499999999999773
10.585180044174194,501,0.0
10.585180044174194,517,8.949999999999989
10.600377082824707,509,0.10000000000002274
10.600377082824707,512,0.0
10.601957559585571,519,7.300000000000011
10.601957559585571,508,0.0
10.601957559585571,509,0.0
10.601957559585571,517,5.300000000000011
10.614013195037842,517,5.800000000000011
10.61682939529419,507,0.0
10.625697135925293,517,5.050000000000011
10.63092827796936,514,3.8000000000000114
10.636007308959961,519,9.0
10.640174150466919,510,0.0
10.640174150466919,524,12.100000000000023
10.650802850723267,499,0.0
10.653702974319458,495,0.0
10.659978151321411,517,5.550000000000011
10.666945934295654,508,0.0
10.669771194458008,505,0.0
10.676027774810791,508,0.0
10.68404483795166,528,15.899999999999977
10.689630031585693,504,0.0
10.69222640991211,513,1.1000000000000227
10.700585842132568,513,1.3999999999999773
10.704594850540161,511,0.0
10.708751201629639,520,7.7000000000000455
10.708751201629639,513,0.8999999999999773
10.720752477645874,520,7.75
10.725670099258423,511,0.0
10.728788614273071,518,5.5
10.736922025680542,507,0.0
10.742803573608398,511,0.0
10.742803573608398,523,10.600000000000023
10.754050254821777,516,4.0
10.759084701538086,508,0.0
10.759084701538086,518,4.399999999999977
10.7671058177948,519,5.2999999999999545
10.775583028793335,520,5.7000000000000455
10.777685403823853,510,0.0
10.783701181411743,511,0.0
10.787038564682007,512,0.0
10.7946457862854,509,0.0
10.7946457862854,512,0.0
10.80462121963501,517,2.7000000000000455
10.811594724655151,518,3.3500000000000227
10.814966678619385,508,0.0
10.82012128829956,514,0.0
10.828219413757324,508,0.0
10.828219413757324,520,6.0499999999999545
10.837237358093262,520,5.9500000000000455
10.837237358093262,509,0.0
10.845362663269043,517,2.5499999999999545
10.85370397567749,518,3.7999999999999545
10.85378384590149,504,0.0
10.86155080795288,515,1.0499999999999545
10.869578123092651,526,11.649999999999977
10.870471000671387,506,0.0
10.877986192703247,518,4.399999999999977
10.885337829589844,515,1.1499999999999773
10.887698650360107,516,1.8999999999999773
10.894838809967041,506,0.0
10.901911497116089,520,5.649999999999977
10.904973268508911,522,7.149999999999977
10.910347700119019,509,0.0
10.910347700119019,518,3.5499999999999545
10.919928550720215,514,0.0
10.926753997802734,509,0.0
10.928845643997192,514,0.0
10.93606948852539,522,7.100000000000023
10.94334101676941,518,3.2000000000000455
10.94334101676941,511,0.0
10.953507661819458,515,0.20000000000004547
10.960002183914185,508,0.0
10.960002183914185,521,5.850000000000023
10.96812391281128,521,5.5499999999999545
10.972494125366211,509,0.0
10.978173971176147,514,0.0
10.98409914970398,514,0.0
10.986759185791016,520,4.9500000000000455
10.995465993881226,523,7.600000000000023
11.001112222671509,522,5.7999999999999545
11.002990961074829,525,8.549999999999955
11.012842655181885,518,1.75
11.012842655181885,516,0.0
11.02007007598877,519,2.3500000000000227
11.027971267700195,501,0.0
11.027971267700195,521,4.399999999999977
11.037883996963501,518,1.2000000000000455
11.03807020187378,520,3.2999999999999545
11.046095132827759,515,0.0
11.05290174484253,513,0.0
11.058025598526001,502,0.0
11.065819501876831,517,0.5499999999999545
11.07019829750061,518,1.7000000000000455
11.074336528778076,510,0.0
11.077958822250366,516,0.0
11.086071014404297,513,0.0
11.090881586074829,502,0.0
11.090881586074829,519,3.6000000000000227
11.099521398544312,521,5.7000000000000455
11.107259511947632,515,0.049999999999954525
11.107259511947632,502,0.0
11.119626522064209,513,0.0
11.121514081954956,514,0.5499999999999545
11.121514081954956,513,0.0
11.131118535995483,520,5.899999999999977
11.139515399932861,523,8.799999999999955
11.14260721206665,520,5.7000000000000455
11.14792275428772,518,3.7999999999999545
11.153187274932861,492,0.0
11.158710718154907,530,16.100000000000023
11.158710718154907,509,0.0
11.166730642318726,510,0.0
11.176761150360107,477,0.0
11.177152633666992,579,63.700000000000045
11.185425519943237,492,0.0
11.191769123077393,544,28.350000000000023
11.193634986877441,484,0.0
11.201436281204224,506,0.0
11.203770637512207,488,0.0
11.20889687538147,494,0.0
11.217729091644287,527,14.350000000000023
11.219425439834595,572,56.39999999999998
11.224524974822998,513,0.0
11.234034061431885,498,0.0
11.236591100692749,496,0.0
11.242047548294067,493,0.0
11.250251054763794,550,36.39999999999998
11.253033876419067,505,0.0
11.258204460144043,528,13.25
11.267027616500854,522,7.649999999999977
11.270325660705566,502,0.0
11.273411273956299,491,0.0
11.273411273956299,477,0.0
11.287257194519043,509,0.0
11.287257194519043,500,0.0
11.287257194519043,507,0.0
11.303665161132812,530,19.600000000000023
11.305765390396118,513,2.25
11.305765390396118,524,11.450000000000045
11.318190813064575,524,9.950000000000045
11.322187185287476,512,0.0
11.322187185287476,522,11.199999999999989
11.332042932510376,502,0.0
11.336774587631226,512,1.0500000000000114
11.344280004501343,508,0.0
11.344280004501343,509,0.0
11.354063272476196,507,0.0
11.360732555389404,504,0.0
11.360732555389404,506,0.0
11.36953616142273,510,1.5500000000000114
11.376090288162231,505,0.0
11.379511594772339,512,2.3500000000000227
11.384864568710327,506,0.0
11.385987758636475,495,0.0
11.39712142944336,517,5.75
11.402273893356323,514,2.3999999999999773
11.4040687084198,499,0.0
11.413195610046387,514,3.8999999999999773
11.418401718139648,506,0.0
11.421593427658081,516,7.199999999999989
11.429413557052612,520,10.800000000000011
11.434645414352417,513,4.25
11.437361717224121,542,31.25
11.437361717224121,564,50.64999999999998
11.451185941696167,476,0.0
11.453578233718872,504,0.0
11.453578233718872,474,0.0
11.46773076057434,465,0.0
11.470721244812012,472,0.0
11.470721244812012,577,67.44999999999999
11.479142427444458,532,21.100000000000023
11.487147092819214,500,0.0
11.487147092819214,460,0.0
11.494442462921143,526,16.44999999999999
11.502227067947388,571,58.75
11.502227067947388,482,0.0
11.511928796768188,513,1.6499999999999773
11.520450353622437,505,0.0
11.520450353622437,503,0.0
11.528870582580566,533,21.399999999999977
11.528870582580566,512,0.8000000000000114
11.537326335906982,529,17.0
11.545624256134033,510,0.0
11.545624256134033,501,0.0
11.553764820098877,504,0.0
11.562053203582764,506,0.0
11.562356948852539,541,28.899999999999977
11.569902420043945,494,0.0
11.576754331588745,507,0.0
11.582383632659912,522,9.450000000000045
11.585766077041626,473,0.0
11.594140768051147,489,0.0
11.594140768051147,472,0.0
11.601991891860962,482,0.0
11.60403561592102,515,10.350000000000023
11.611036777496338,527,20.100000000000023
11.618062734603882,518,10.850000000000023
11.620380640029907,487,0.0
11.627270221710205,520,12.899999999999977
11.634546041488647,515,8.800000000000011
11.636903524398804,509,2.9499999999999886
11.643269538879395,504,0.0
11.651713371276855,523,17.55000000000001
11.652981281280518,522,15.5
11.6602463722229,514,7.0
11.667772769927979,500,0.0
11.671096801757812,518,12.449999999999989
11.67412519454956,512,5.550000000000011
11.683805227279663,514,7.199999999999989
11.687113046646118,526,19.0
11.693089962005615,506,0.0
11.693089962005615,507,0.0
11.703421354293823,518,6.149999999999977
11.703421354293823,514,0.5499999999999545
11.7101731300354,514,0.6000000000000227
11.72066879272461,504,0.0
11.72066879272461,509,0.0
11.728330135345459,520,6.5499999999999545
11.728330135345459,519,5.600000000000023
11.736066341400146,528,13.950000000000045
11.74590015411377,546,30.100000000000023
11.74590015411377,494,0.0
11.754137992858887,496,0.0
11.761482238769531,507,0.0
11.766994953155518,492,0.0
11.770536422729492,525,11.549999999999955
11.777918815612793,502,0.0
11.783087253570557,517,4.100000000000023
11.78702712059021,569,53.35000000000002
11.78702712059021,514,0.0
11.798027038574219,518,2.3500000000000227
11.80333399772644,483,0.0
11.806037902832031,476,0.0
11.815808057785034,477,0.0
11.820069074630737,476,0.0
11.821907758712769,479,0.0
11.831644058227539,481,0.0
11.836253881454468,485,0.0
11.838788986206055,478,0.0
11.848594188690186,484,0.0
11.852618932723999,490,0.0
11.853023290634155,474,0.0
11.860133409500122,487,0.0
11.869171619415283,468,0.0
11.871259450912476,484,0.0
11.876072406768799,506,13.600000000000023
11.884363651275635,513,20.05000000000001
11.887255907058716,528,34.5
11.892816543579102,516,25.149999999999977
11.892816543579102,515,24.100000000000023
11.903368473052979,505,14.75
11.909775257110596,507,15.550000000000011
11.909775257110596,514,20.649999999999977
11.919686555862427,515,19.75
11.926323652267456,508,11.149999999999977
11.926323652267456,509,10.649999999999977
11.934345722198486,514,14.0
11.941589832305908,509,7.800000000000011
11.943347454071045,510,7.199999999999989
11.950871467590332,518,13.5
11.957928895950317,518,12.100000000000023
11.957928895950317,0,0.0
11.96756649017334,411,0.0
11.9716157913208,347,0.0
11.975331544876099,568,91.44999999999999
11.98368501663208,509,32.30000000000001
11.986564636230469,538,60.05000000000001
11.992046594619751,525,47.19999999999999
12.000533103942871,578,97.10000000000002
12.002914905548096,549,66.39999999999998
12.008284330368042,567,81.30000000000001
12.016833066940308,610,119.14999999999998
12.019690036773682,449,0.0
12.024314880371094,522,34.05000000000001
12.026575326919556,585,93.19999999999999
12.037009477615356,493,2.0
12.03797197341919,539,46.75
12.045145273208618,550,55.69999999999999
12.053768396377563,513,18.55000000000001
12.053768396377563,517,22.600000000000023
12.061101913452148,563,66.35000000000002
12.068461894989014,508,0.0
12.070763349533081,540,11.5
12.077967882156372,547,8.5
12.086276531219482,518,0.0
12.087393283843994,520,0.0
12.09425973892212,509,0.0
12.09425973892212,507,0.0
12.103854179382324,524,0.0
12.11040472984314,508,0.0
12.11040472984314,499,0.0
12.120398998260498,508,0.0
12.12694787979126,519,0.0
12.12694787979126,505,0.0
12.135644674301147,518,0.0
12.142887115478516,499,0.0
12.145975828170776,511,0.0
12.151043176651001,518,0.4500000000000455
12.153062582015991,528,9.700000000000045
12.162821769714355,508,0.0
12.162821769714355,545,28.049999999999955
12.17032504081726,477,0.0
12.180442333221436,538,22.700000000000045
12.184211254119873,485,0.0
12.187230110168457,504,0.0
12.196531772613525,491,0.0
12.200915813446045,511,0.8500000000000227
12.205105781555176,521,10.149999999999977
12.207268714904785,503,0.0
12.212907075881958,506,0.0
12.220875024795532,523,12.100000000000023
12.220875024795532,497,0.0
12.229435443878174,520,9.600000000000023
12.236220836639404,506,0.0
12.24043869972229,506,0.0
12.249918222427368,505,0.0
12.251055240631104,511,0.8500000000000227
12.258172035217285,514,4.050000000000011
12.258172035217285,510,0.9499999999999886
12.270150423049927,514,4.649999999999977
12.270150423049927,497,0.0
12.277015447616577,520,10.899999999999977
12.285966634750366,490,0.0
12.287486791610718,511,3.0
12.294975757598877,503,0.0
12.294975757598877,514,4.899999999999977
12.303900957107544,510,0.9499999999999886
12.311423301696777,505,0.0
12.311423301696777,511,2.3500000000000227
12.320185422897339,513,4.0
12.327733039855957,511,2.6000000000000227
12.327733039855957,509,0.0
12.336121797561646,513,4.350000000000023
12.343235731124878,515,5.899999999999977
12.343235731124878,504,0.0
12.39096450805664,498,0.0
12.39096450805664,513,4.25
12.39096450805664,517,8.100000000000023
12.39096450805664,495,0.0
12.39096450805664,517,8.699999999999989
12.39096450805664,508,0.0
12.39096450805664,526,16.850000000000023
12.39096450805664,495,0.0
12.39096450805664,513,3.5
12.399039506912231,484,0.0
12.40407133102417,501,0.0
12.411866664886475,555,44.85000000000002
12.418018817901611,522,11.0
12.42216682434082,487,0.0
12.425029993057251,508,0.0
12.433749437332153,546,34.69999999999999
12.438235759735107,503,0.0
12.440562963485718,495,0.0
12.44866132736206,493,0.0
12.450716972351074,515,5.449999999999989
12.4567289352417,563,50.200000000000045
12.4567289352417,502,0.0
12.469213247299194,495,0.0
12.474458932876587,515,2.8500000000000227
12.474458932876587,542,28.600000000000023
12.485405921936035,516,2.2000000000000455
12.491272211074829,526,12.200000000000045
12.491272211074829,524,8.75
12.499845266342163,515,0.0
12.506939172744751,512,0.0
12.511736392974854,521,3.25
12.515926837921143,516,0.20000000000004547
12.524431943893433,509,0.0
12.524431943893433,511,0.0
12.531933307647705,522,4.9500000000000455
12.535588026046753,514,0.0
12.539021015167236,507,0.0
12.54679560661316,512,0.0
12.552099227905273,508,0.0
12.555408477783203,500,0.0
12.563428163528442,520,5.649999999999977
12.567664384841919,517,1.8999999999999773
12.57160210609436,507,0.0
12.581347703933716,517,1.2000000000000455
12.585702419281006,513,0.0
12.589891195297241,507,0.0
12.598165512084961,511,0.0
12.602252721786499,508,0.0
12.606120824813843,512,0.0
12.61391019821167,508,0.0
12.618789196014404,508,0.0
12.622182369232178,510,0.0
12.622182369232178,511,0.0
12.634779691696167,511,0.0
12.639250755310059,508,0.0
12.643036365509033,505,0.0
12.65100622177124,513,2.6999999999999886
12.654812812805176,504,0.0
12.654812812805176,503,0.0
12.66368055343628,516,5.550000000000011
12.66916036605835,505,0.0
12.67399787902832,512,2.5500000000000114
12.67399787902832,510,0.39999999999997726
12.685705661773682,508,0.0
12.691730499267578,508,0.0
12.691730499267578,512,2.8500000000000227
12.700663805007935,508,0.0
12.707524538040161,513,3.75
12.710490226745605,530,19.850000000000023
12.716850280761719,0,0.0
12.718916416168213,482,0.0
12.727403163909912,502,18.94999999999999
12.727403163909912,468,0.0
12.73608136177063,585,100.39999999999998
12.744401454925537,531,45.25
12.747553825378418,536,48.69999999999999
12.753454208374023,543,54.19999999999999
12.760464429855347,496,7.600000000000023
12.760464429855347,520,30.75
12.768685817718506,485,0.0
12.768685817718506,516,27.75
12.778131246566772,499,11.399999999999977
12.786680698394775,496,9.100000000000023
12.787221908569336,500,13.5
12.794663906097412,517,30.05000000000001
12.800874710083008,499,12.699999999999989
12.800874710083008,492,6.5
12.809726476669312,505,19.899999999999977
12.818905353546143,508,24.0
12.818905353546143,498,0.0
12.827340126037598,516,5.399999999999977
12.834487915039062,514,2.8000000000000114
12.839864015579224,523,9.049999999999955
12.843163251876831,519,8.350000000000023
12.850961208343506,1023,487.75
12.903392314910889,568,31.149999999999977
12.903392314910889,452,0.0
12.903392314910889,536,1.7000000000000455
12.903392314910889,492,0.0
12.903392314910889,559,22.399999999999977
12.903392314910889,523,0.0
12.903392314910889,493,0.0
12.903392314910889,523,0.0
12.903392314910889,505,0.0
12.903392314910889,522,0.0
12.911073923110962,471,0.0
12.911073923110962,497,0.0
12.915939092636108,512,0.0
12.919826030731201,535,0.0
12.92886471748352,514,0.0
12.92886471748352,511,0.0
12.938467264175415,511,0.0
12.944584369659424,512,0.0
12.944584369659424,505,0.0
12.952761173248291,511,0.0
12.956562280654907,504,0.0
12.96592402458191,521,8.149999999999977
12.969165086746216,510,0.0
12.9742112159729,508,0.0
12.981010913848877,498,0.0
12.98542833328247,517,8.0
12.989816427230835,503,0.0
12.998198986053467,512,3.0500000000000114
13.00242280960083,518,8.399999999999977
13.006030082702637,503,0.0
13.015839576721191,505,0.0
13.019474744796753,507,0.0
13.023983240127563,511,0.19999999999998863
13.023983240127563,517,7.100000000000023
13.03571891784668,514,4.100000000000023
13.03571891784668,511,1.1000000000000227
13.043891429901123,516,5.850000000000023
13.051148414611816,515,4.699999999999989
13.053626298904419,517,6.100000000000023
13.060058832168579,520,8.649999999999977
13.060058832168579,502,0.0
13.068607091903687,513,2.1499999999999773
13.07610297203064,513,2.0
13.07610297203064,500,0.0
13.085658550262451,514,2.6000000000000227
13.092950582504272,520,8.449999999999989
13.092950582504272,510,0.0
13.102004051208496,515,2.9500000000000455
13.108412742614746,508,0.0
13.111826181411743,518,5.7000000000000455
13.117487907409668,515,2.2000000000000455
13.125049829483032,511,0.0
13.125049829483032,523,9.399999999999977
13.134478330612183,509,0.0
13.135807275772095,509,0.0
13.143019914627075,514,0.8999999999999773
13.151017904281616,513,0.049999999999954525
13.15527057647705,517,3.9500000000000455
13.159423828125,524,10.600000000000023
13.167653560638428,518,4.7000000000000455
13.169167518615723,510,0.0
13.175511837005615,510,0.0
13.183629512786865,505,0.0
13.185342788696289,499,0.0
13.192045211791992,510,0.0
13.200074672698975,513,0.4500000000000455
13.20417594909668,514,1.25
13.208287000656128,511,0.0
13.216837406158447,515,2.1000000000000227
13.220011234283447,509,0.0
13.220011234283447,510,0.0
13.227336645126343,521,8.299999999999955
13.236498594284058,514,1.75
13.240033388137817,500,0.0
13.240033388137817,518,5.75
13.252068281173706,510,0.0
13.257643938064575,506,0.0
13.257643938064575,517,5.300000000000011
13.265262603759766,520,8.5
13.269085884094238,508,0.0
13.277518510818481,506,0.0
13.277518510818481,507,0.0
13.28678822517395,518,6.699999999999989
13.294578552246094,509,0.0
13.294578552246094,516,3.8999999999999773
13.300913095474243,519,6.600000000000023
13.30513596534729,503,0.0
13.314343452453613,508,0.0
13.317588090896606,506,0.0
13.321231365203857,505,0.0
13.329511642456055,521,9.399999999999977
13.335537672042847,514,2.75
13.33773684501648,508,0.0
13.347933530807495,507,0.0
13.352076053619385,509,0.0
13.354024648666382,509,0.0
13.363722562789917,507,0.0
13.36759066581726,508,0.0
13.3706636428833,508,0.0
13.37907338142395,514,3.8999999999999773
13.384418487548828,508,0.0
13.388789415359497,514,3.4499999999999886
13.390767335891724,513,2.6999999999999886
13.400514125823975,511,0.6000000000000227
13.404984712600708,509,0.0
13.404984712600708,510,0.39999999999997726
13.413254499435425,507,0.0
13.42080569267273,516,5.800000000000011
13.42080569267273,505,0.0
13.429046869277954,507,0.0
13.437605857849121,507,0.0
13.437605857849121,512,2.5500000000000114
13.445452451705933,525,14.699999999999989
13.45209550857544,506,0.0
13.456521987915039,512,1.6000000000000227
13.456521987915039,515,4.300000000000011
13.465967655181885,511,0.10000000000002274
13.474174737930298,508,0.0
13.47697639465332,514,2.8000000000000114
13.482137680053711,510,0.0
13.490816593170166,513,1.75
13.49310040473938,517,5.600000000000023
13.49310040473938,517,5.399999999999977
13.503370523452759,515,3.1999999999999886
13.51060676574707,503,0.0
13.513403415679932,516,4.199999999999989
13.517362833023071,512,0.0
13.526564359664917,510,0.0
13.528140544891357,515,2.75
13.536148309707642,512,0.0
13.537043571472168,499,0.0
13.546866178512573,521,8.450000000000045
13.551708221435547,508,0.0
13.554952383041382,508,0.0
13.564833164215088,516,4.0
13.568995237350464,507,0.0
13.572782754898071,508,0.0
13.580140352249146,514,2.25
13.585493087768555,520,7.9500000000000455
13.58930230140686,510,0.0
13.589800119400024,522,9.5
13.602020978927612,507,0.0
13.605687618255615,516,4.050000000000011
13.609383344650269,500,0.0
13.617500066757202,517,5.100000000000023
13.620466947555542,510,0.0
13.620466947555542,506,0.0
13.630106210708618,510,0.0
13.634244203567505,514,2.75
13.640872240066528,501,0.0
13.640872240066528,506,0.0
13.652504205703735,518,7.100000000000023
13.659058570861816,516,4.699999999999989
13.659058570861816,518,6.199999999999989
13.666866302490234,513,1.3500000000000227
13.6752610206604,499,0.0
13.677979230880737,521,9.100000000000023
13.683534622192383,507,0.0
13.691829442977905,519,7.5
13.692111730575562,513,1.3500000000000227
13.700467586517334,509,0.0
13.703422546386719,513,1.6999999999999886
13.711281299591064,510,0.0
13.711281299591064,509,0.0
13.720550298690796,518,6.5
13.72605586051941,512,0.39999999999997726
13.73270845413208,514,2.0
13.736218214035034,514,1.7999999999999545
13.744837284088135,510,0.0
13.744837284088135,514,1.3500000000000227
13.751458883285522,516,2.8500000000000227
13.755176544189453,516,2.9500000000000455
13.762300252914429,517,3.8999999999999773
13.769333362579346,506,0.0
13.77035117149353,510,0.0
13.777971267700195,522,8.5
13.784850120544434,369,0.0
13.784850120544434,292,0.0
13.792739868164062,526,30.5
13.801947355270386,434,0.0
13.80464243888855,519,26.94999999999999
13.81064748764038,458,0.0
13.817944288253784,458,0.0
13.822872400283813,574,84.05000000000001
13.827057123184204,507,17.600000000000023
13.828660488128662,564,72.0
13.836905002593994,481,0.0
13.836905002593994,513,22.69999999999999
13.84658670425415,552,59.60000000000002
13.851605653762817,453,0.0
13.858550310134888,481,0.0
13.858550310134888,515,27.44999999999999
13.867851495742798,518,30.399999999999977
13.876312017440796,514,26.0
13.879545211791992,514,25.80000000000001
13.884370565414429,493,6.25
13.884370565414429,498,4.800000000000011
13.895745038986206,513,8.75
13.895745038986206,522,17.94999999999999
13.903972148895264,496,0.0
13.912154197692871,526,18.5
13.917084217071533,257,0.0
13.91977334022522,500,0.44999999999998863
13.929195642471313,510,13.649999999999977
13.930012464523315,526,28.69999999999999
13.937300443649292,528,32.5
13.94582724571228,499,2.6000000000000227
13.948479652404785,499,3.3000000000000114
13.954146385192871,511,17.350000000000023
13.954146385192871,500,4.0
13.962119102478027,527,28.69999999999999
13.967958211898804,508,10.050000000000011
13.973552465438843,512,14.350000000000023
13.981928586959839,500,3.0500000000000114
13.985979080200195,509,12.300000000000011
13.990766763687134,507,9.600000000000023
13.990766763687134,516,17.69999999999999
14.001085758209229,508,9.949999999999989
14.001085758209229,513,15.399999999999977
14.011405229568481,515,16.44999999999999
14.018530368804932,512,14.149999999999977
14.021326780319214,520,9.0
14.02630615234375,523,10.850000000000023
14.03118085861206,519,6.399999999999977
14.0341317653656,518,5.7999999999999545
14.043557167053223,511,0.0
14.043557167053223,506,0.0
14.05614709854126,507,0.0
14.060437202453613,507,0.0
14.062237024307251,509,0.0
14.069304466247559,516,4.199999999999989
14.076776266098022,508,0.0
14.076776266098022,516,4.0
14.084210872650146,521,7.9500000000000455
14.091965198516846,508,0.0
14.093899965286255,514,0.6499999999999773
14.101054668426514,515,1.7000000000000455
14.109005689620972,511,0.0
14.11108922958374,516,2.3999999999999773
14.117843389511108,510,0.0
14.119798421859741,511,0.0
14.125616312026978,514,1.0
14.134052753448486,507,0.0
14.135769128799438,510,0.0
14.139777898788452,516,4.350000000000023
14.148056268692017,520,7.899999999999977
14.15232539176941,507,0.0
14.157410621643066,515,2.4500000000000455
14.166908502578735,511,0.0
14.168788194656372,507,0.0
14.174417734146118,508,0.0
14.183280944824219,515,2.3999999999999773
14.185713529586792,518,5.2999999999999545
14.189284563064575,500,0.0
14.22870945930481,513,1.1000000000000227
14.22870945930481,496,0.0
14.22870945930481,511,0.19999999999998863
14.22870945930481,520,8.75
14.22870945930481,514,2.8500000000000227
14.22870945930481,510,0.0
14.22870945930481,504,0.0
14.2344229221344,511,0.35000000000002274
14.2344229221344,512,1.1000000000000227
14.244485139846802,507,0.0
14.248815298080444,501,0.0
14.256925106048584,516,6.199999999999989
14.25851035118103,505,0.0
14.25851035118103,507,0.0
14.27029013633728,519,9.300000000000011
14.276094913482666,511,1.1000000000000227
14.276094913482666,506,0.0
14.283350706100464,512,2.3500000000000227
14.292087316513062,510,0.75
14.297913551330566,520,9.75
14.301159620285034,500,0.0
14.303339004516602,509,0.0
14.313139915466309,515,4.550000000000011
14.313139915466309,499,0.0
14.321513652801514,515,5.550000000000011
14.329876184463501,524,13.850000000000023
14.331966400146484,512,1.4499999999999886
14.336104393005371,511,0.44999999999998863
14.341506958007812,514,3.3500000000000227
14.349907875061035,516,4.899999999999977
14.353593349456787,510,0.0
14.359537839889526,511,0.0
14.367241621017456,511,0.0
14.371859312057495,518,5.850000000000023
14.375964641571045,507,0.0
14.377041101455688,514,2.3000000000000114
14.384684085845947,515,2.8500000000000227
14.392374277114868,504,0.0
14.394375085830688,514,2.0500000000000114
14.404027462005615,521,9.0
14.40848159790039,508,0.0
14.40848159790039,505,0.0
14.42085075378418,508,0.0
14.424860000610352,509,0.0
14.425410985946655,513,0.75
14.436828851699829,512,0.35000000000002274
14.441177606582642,513,1.3000000000000114
14.441177606582642,516,4.050000000000011
14.449447870254517,511,0.0
14.453103303909302,513,1.3500000000000227
14.46026086807251,504,0.0
14.46026086807251,512,0.6000000000000227
14.471482038497925,511,0.0
14.47816777229309,517,5.649999999999977
14.47816777229309,513,1.3500000000000227
14.48637866973877,512,0.44999999999998863
14.493619918823242,507,0.0
14.496961832046509,512,0.44999999999998863
14.501545190811157,510,0.0
14.503352403640747,506,0.0
14.51371169090271,519,7.850000000000023
14.51371169090271,510,0.0
14.521759271621704,502,0.0
14.53014874458313,520,8.350000000000023
14.532249212265015,507,0.0
14.538705825805664,513,1.6000000000000227
14.546497583389282,521,9.199999999999989
14.550056219100952,522,9.899999999999977
14.554606914520264,508,0.0
14.557332038879395,506,0.0
14.562174320220947,512,0.0
14.572491645812988,517,4.75
14.574398756027222,513,0.6499999999999773
14.58435845375061,514,1.7999999999999545
14.587671518325806,524,11.25
14.590844631195068,511,0.0
14.590844631195068,512,0.0
14.604270696640015,516,2.8500000000000227
14.607025623321533,505,0.0
14.607025623321533,508,0.0
14.620561122894287,516,3.1499999999999773
14.625284194946289,516,2.8500000000000227
14.625284194946289,516,2.1499999999999773
14.637216567993164,513,0.0
14.637216567993164,509,0.0
14.637216567993164,519,5.100000000000023
14.649821043014526,509,0.0
14.653852939605713,509,0.0
14.660528898239136,515,2.0
14.660528898239136,510,0.0
14.674901247024536,509,0.0
14.679067611694336,516,3.0
14.679579019546509,516,2.8500000000000227
14.686877250671387,513,0.0
14.694620609283447,512,0.0
14.694620609283447,518,5.149999999999977
14.702952861785889,512,0.0
14.711639165878296,503,0.0
14.713770866394043,515,2.2999999999999545
14.719555616378784,504,0.0
14.719555616378784,503,0.0
14.72677206993103,514,2.25
14.734798908233643,518,6.149999999999977
14.73673963546753,510,0.0
14.743097305297852,516,3.9500000000000455
14.75113844871521,513,1.25
14.75283432006836,513,1.0500000000000114
14.759510278701782,520,7.5
14.767540693283081,511,0.0
14.772241830825806,516,3.3999999999999773
14.77521800994873,514,1.1499999999999773
14.783660173416138,506,0.0
14.787059545516968,521,8.399999999999977
14.792441129684448,518,5.149999999999977
14.800851821899414,512,0.0
14.802253723144531,509,0.0
14.808357238769531,509,0.0
14.808357238769531,512,0.0
14.820192813873291,513,0.39999999999997726
14.82570743560791,520,6.600000000000023
14.82570743560791,514,0.049999999999954525
14.835691690444946,511,0.0
14.835691690444946,506,0.0
14.844777584075928,515,1.5499999999999545
14.844777584075928,510,0.0
14.854252099990845,508,0.0
14.863196849822998,515,2.0
14.863196849822998,514,1.2999999999999545
14.870834350585938,503,0.0
14.87940764427185,509,0.0
14.879689931869507,510,0.0
14.887391567230225,515,2.7999999999999545
14.895101308822632,507,0.0
14.898614645004272,513,1.75
14.904067277908325,514,2.6499999999999773
14.904067277908325,508,0.0
14.915698289871216,517,5.300000000000011
14.920260667800903,517,5.050000000000011
14.92450475692749,512,0.10000000000002274
14.931774377822876,511,0.0
14.936956644058228,516,4.449999999999989
14.9397611618042,501,0.0
14.948118686676025,508,0.0
14.949886083602905,508,0.0
14.957081317901611,513,2.0500000000000114
14.957081317901611,516,4.649999999999977
14.964886665344238,509,0.0
14.971916913986206,512,1.0500000000000114
14.971916913986206,509,0.0
14.982558012008667,508,0.0
14.988261222839355,516,4.5
14.988261222839355,506,0.0
14.997802495956421,512,0.6999999999999886
15.004625082015991,516,4.550000000000011
15.004625082015991,511,0.0
15.014829635620117,514,2.3999999999999773
15.019826889038086,507,0.0
15.025607585906982,510,0.0
15.025607585906982,511,0.30000000000001137
15.03756046295166,522,10.75
15.04237675666809,507,0.0
15.04743242263794,504,0.0
15.051027536392212,514,2.75
15.05291223526001,508,0.0
15.062599420547485,515,3.6499999999999773
15.062599420547485,511,0.0
15.075965642929077,513,1.6999999999999886
15.080161571502686,527,14.950000000000045
15.0836820602417,502,0.0
15.08697509765625,509,0.0
15.096060276031494,513,1.3999999999999773
15.096060276031494,509,0.0
15.103629350662231,512,0.25
15.110586404800415,520,8.050000000000011
15.11676812171936,515,2.8500000000000227
15.120445013046265,507,0.0
15.125343561172485,509,0.0
15.128844976425171,516,3.7999999999999545
15.137815713882446,516,3.5499999999999545
15.137815713882446,557,42.799999999999955
15.146254301071167,109,0.0
15.153867721557617,412,0.0
15.153867721557617,384,0.0
15.161295652389526,313,0.0
15.17043685913086,630,150.8
15.170511484146118,741,250.3
15.225704669952393,476,0.0
15.225704669952393,471,0.0
15.225704669952393,439,0.0
15.225704669952393,506,23.25
15.225704669952393,533,49.25
15.225704669952393,433,0.0
15.225704669952393,572,89.05000000000001
15.225704669952393,483,1.8999999999999773
15.225704669952393,584,99.44999999999999
15.225704669952393,502,17.69999999999999
15.225704669952393,534,48.44999999999999
15.240051746368408,519,33.30000000000001
15.243922710418701,531,44.55000000000001
15.244971990585327,546,60.10000000000002
15.250195980072021,495,0.0
15.258277893066406,505,0.0
15.262269973754883,529,11.899999999999977
15.268179655075073,515,0.0
15.274527311325073,525,3.0499999999999545
15.274527311325073,514,3.3999999999999773
15.284274816513062,536,22.399999999999977
15.288554430007935,485,0.0
15.291808128356934,516,0.0
15.300393342971802,523,4.0
15.303614377975464,516,0.0
15.309041261672974,505,0.0
15.316908121109009,517,0.0
15.320436477661133,496,0.0
15.325372219085693,519,2.6000000000000227
15.333627700805664,511,0.0
15.336681842803955,532,15.25
15.340845584869385,504,0.0
15.34901475906372,517,1.7000000000000455
15.353243827819824,508,0.0
15.356799602508545,499,0.0
15.366667747497559,521,6.600000000000023
15.37082576751709,519,5.100000000000023
15.375346660614014,504,0.0
15.37909984588623,518,5.0
15.386767148971558,520,6.7000000000000455
15.386767148971558,501,0.0
15.393886804580688,524,10.5
15.403518915176392,510,0.0
15.403518915176392,514,1.25
15.412015914916992,519,6.100000000000023
15.412015914916992,518,4.4500000000000455
15.420797348022461,501,0.0
15.428078413009644,505,0.0
15.428078413009644,518,4.850000000000023
15.437222480773926,513,0.0
15.44472885131836,511,0.0
15.44472885131836,516,3.2000000000000455
15.451747179031372,520,7.0499999999999545
15.460381507873535,505,0.0
15.463591575622559,507,0.0
15.469464540481567,503,0.0
15.469464540481567,503,0.0
15.480232954025269,517,4.850000000000023
15.480232954025269,523,10.600000000000023
15.488499641418457,513,0.9500000000000455
15.498078346252441,511,0.0
15.49875521659851,510,0.0
15.505889654159546,518,5.75
15.51325273513794,517,4.600000000000023
15.516905307769775,512,0.0
15.520944595336914,516,4.050000000000011
15.529313087463379,509,0.0
15.53319764137268,510,0.0
15.537062406539917,515,2.5499999999999545
15.537062406539917,516,3.3999999999999773
15.546980142593384,506,0.0
15.55455493927002,508,0.0
15.55455493927002,511,0.0
15.563545942306519,520,7.75
15.570884704589844,507,0.0
15.570884704589844,512,0.0
15.578728675842285,509,0.0
15.58673357963562,509,0.0
15.58673357963562,506,0.0
15.596660375595093,517,5.050000000000011
15.602860927581787,504,0.0
15.606711626052856,513,1.25
15.611178159713745,522,10.050000000000011
15.61631464958191,515,3.1499999999999773
15.62007737159729,511,0.0
15.62729001045227,516,4.199999999999989
15.62729001045227,510,0.0
15.637224197387695,516,3.8500000000000227
15.645011901855469,515,2.8500000000000227
15.645011901855469,515,2.8999999999999773
15.653912544250488,511,0.0
15.660785675048828,516,3.25
15.662437915802002,509,0.0
15.670012712478638,514,1.6499999999999773
15.677429437637329,515,2.25
15.680654764175415,519,5.899999999999977
15.686055421829224,514,0.6499999999999773
15.686055421829224,501,0.0
15.694542169570923,514,0.6499999999999773
15.7029390335083,507,0.0
15.7034912109375,510,0.0
15.715113639831543,519,5.5499999999999545
15.718422412872314,504,0.0
15.719570398330688,510,0.0
15.728587627410889,518,5.350000000000023
15.735387086868286,511,0.0
15.737557411193848,508,0.0
15.743870258331299,515,2.75
15.751936674118042,514,1.7999999999999545
15.754847764968872,511,0.0
15.760366678237915,505,0.0
15.762146472930908,511,0.0
15.770207166671753,514,2.3000000000000114
15.776493310928345,504,0.0
15.776493310928345,509,0.0
15.78731393814087,513,2.3999999999999773
15.792956829071045,505,0.0
15.793182373046875,501,0.0
15.804256916046143,512,1.9499999999999886
15.808942556381226,505,0.0
15.808942556381226,511,1.0
15.816406011581421,511,1.3999999999999773
15.820973873138428,515,4.850000000000023
15.8280611038208,513,2.6999999999999886
15.8280611038208,499,0.0
15.83875560760498,515,5.449999999999989
15.84559679031372,510,0.35000000000002274
15.84559679031372,508,0.0
15.852606296539307,512,2.8000000000000114
15.856968879699707,519,9.399999999999977
15.866737842559814,512,2.0500000000000114
15.870085716247559,505,0.0
15.874828338623047,513,3.3999999999999773
15.882516622543335,516,5.800000000000011
15.886447668075562,501,0.0
15.889190435409546,505,0.0
15.898230075836182,520,9.850000000000023
15.902974128723145,510,0.0
15.905543088912964,501,0.0
15.915374994277954,522,11.100000000000023
15.920007705688477,510,0.0
15.922073364257812,510,0.0
15.932167291641235,516,5.149999999999977
15.932699918746948,514,3.1000000000000227
15.939169645309448,511,0.0
15.939169645309448,509,0.0
15.951690912246704,516,4.5
15.954596519470215,508,0.0
15.954596519470215,511,0.0
15.963617324829102,506,0.0
15.970858335494995,516,5.0
15.970858335494995,516,4.449999999999989
15.980424642562866,516,4.300000000000011
15.986266136169434,515,3.3500000000000227
15.991574048995972,506,0.0
15.991574048995972,514,1.6499999999999773
16.003804683685303,508,0.0
16.008054494857788,511,0.0
16.008054494857788,522,9.149999999999977
16.016745567321777,515,2.5
16.02521538734436,509,0.0
16.068999767303467,514,1.3500000000000227
16.068999767303467,511,0.0
16.068999767303467,524,11.100000000000023
16.068999767303467,0,0.0
16.068999767303467,1023,509.95000000000005
16.12678861618042,494,0.0
16.12678861618042,392,0.0
16.12678861618042,524,17.19999999999999
16.12678861618042,306,0.0
16.12678861618042,582,81.89999999999998
16.12678861618042,366,0.0
16.12678861618042,552,57.60000000000002
16.132838487625122,484,0.0
16.133692979812622,455,0.0
16.133692979812622,617,121.55000000000001
16.134357690811157,502,6.850000000000023
16.1355037689209,569,70.94999999999999
16.136504411697388,521,23.0
16.136504411697388,551,51.19999999999999
16.136504411697388,531,30.100000000000023
16.136504411697388,550,47.30000000000001
16.141310691833496,522,18.75
16.144745588302612,498,0.0
16.15294122695923,525,0.0
16.15294122695923,478,0.0
16.160088062286377,519,16.80000000000001
16.16929817199707,492,0.0
16.170250177383423,501,0.0
16.177209615707397,521,4.2000000000000455
16.177209615707397,525,11.049999999999955
16.186275959014893,524,2.1499999999999773
16.19402313232422,516,0.0
16.19402313232422,493,0.0
16.204459190368652,530,5.75
16.20929455757141,512,0.0
16.21474027633667,494,0.0
16.217868328094482,511,0.0
16.219836950302124,511,0.0
16.22890543937683,519,5.399999999999977
16.235211610794067,513,0.2999999999999545
16.23733139038086,497,0.0
16.245009422302246,524,13.850000000000023
16.25015902519226,521,9.699999999999989
16.253349542617798,513,2.3000000000000114
16.26304841041565,517,4.350000000000023
16.267643690109253,517,4.4500000000000455
16.271469593048096,518,4.149999999999977
16.279855012893677,513,0.0
16.28435206413269,515,0.8500000000000227
16.287583589553833,509,0.0
16.296233415603638,514,1.1499999999999773
16.296233415603638,515,2.2000000000000455
16.303184986114502,511,0.0
16.3090922832489,513,0.14999999999997726
16.309544801712036,508,0.0
16.320826768875122,514,0.35000000000002274
16.321810960769653,502,0.0
16.328168630599976,516,2.5499999999999545
16.337233543395996,502,0.0
16.337233543395996,510,0.0
16.34420871734619,506,0.0
16.353585720062256,509,0.0
16.355042934417725,515,3.1499999999999773
16.359766960144043,519,6.850000000000023
16.369638681411743,509,0.0
16.370877265930176,513,1.4499999999999886
16.37680721282959,510,0.0
16.37680721282959,505,0.0
16.387094497680664,507,0.0
16.393607139587402,514,3.3999999999999773
16.393607139587402,511,0.5500000000000114
16.403785228729248,514,3.6000000000000227
16.410402297973633,513,2.5
16.410402297973633,513,2.5
16.416913986206055,511,0.35000000000002274
16.425522089004517,508,0.0
16.429616451263428,510,0.0
16.43598246574402,507,0.0
16.43598246574402,507,0.0
16.44709038734436,517,6.100000000000023
16.452444076538086,511,0.0
16.454219579696655,512,0.6999999999999886
16.462566375732422,513,1.8000000000000114
16.466731309890747,513,2.1000000000000227
16.470739603042603,514,2.8500000000000227
16.480462074279785,519,7.550000000000011
16.48390507698059,518,6.149999999999977
16.48810124397278,515,2.6499999999999773
16.496562242507935,508,0.0
16.498366832733154,507,0.0
16.5045747756958,504,0.0
16.5045747756958,515,3.25
16.514983654022217,504,0.0
16.52132487297058,511,0.0
16.52132487297058,509,0.0
16.5304434299469,515,3.5500000000000114
16.53722882270813,516,4.25
16.53722882270813,505,0.0
16.546321868896484,519,6.75
16.554335594177246,511,0.0
16.554934978485107,506,0.0
16.562711715698242,523,10.75
16.570384979248047,514,1.7000000000000455
16.570384979248047,510,0.0
16.578840732574463,514,1.8500000000000227
16.578840732574463,503,0.0
16.587546825408936,517,5.699999999999989
16.59589695930481,506,0.0
16.599116325378418,516,4.75
16.6064670085907,517,5.25
16.611702919006348,506,0.0
16.611702919006348,507,0.0
16.62035036087036,511,0.0
16.627408504486084,506,0.0
16.63251566886902,515,3.1499999999999773
16.636164903640747,513,1.25
16.638659954071045,511,0.0
16.647607564926147,520,7.75
16.65282964706421,507,0.0
16.65507221221924,504,0.0
16.66338872909546,513,1.3500000000000227
16.669668197631836,508,0.0
16.671486616134644,503,0.0
16.67734980583191,517,6.300000000000011
16.68587374687195,514,3.3000000000000114
16.68685221672058,509,0.0
16.69325351715088,519,7.899999999999977
16.70023250579834,510,0.0
16.702423572540283,512,0.8999999999999773
16.70817756652832,505,0.0
16.71838068962097,517,5.949999999999989
16.720473051071167,511,0.0
16.72598934173584,513,1.6499999999999773
16.733516931533813,510,0.0
16.736947059631348,512,0.6000000000000227
16.742373943328857,507,0.0
16.742373943328857,512,0.8500000000000227
16.753434658050537,506,0.0
16.757467031478882,504,0.0
16.757467031478882,510,0.0
16.769542932510376,517,6.199999999999989
16.775885820388794,507,0.0
16.775885820388794,506,0.0
16.782244443893433,518,7.050000000000011
16.78985619544983,507,0.0
16.78985619544983,513,2.1999999999999886
16.799454927444458,509,0.0
16.80676817893982,516,5.399999999999977
16.81043028831482,509,0.0
16.81499719619751,506,0.0
16.82332181930542,508,0.0
16.82332181930542,509,0.0
16.832555532455444,511,1.1499999999999773
16.836700201034546,514,3.9499999999999886
16.84066343307495,522,11.449999999999989
16.84848642349243,511,0.25
16.85184383392334,517,6.0
16.856595516204834,516,4.5
16.864941596984863,518,5.7999999999999545
16.868948221206665,512,0.0
16.868948221206665,515,2.7999999999999545
16.876055002212524,576,60.35000000000002
16.885729789733887,473,0.0
16.885729789733887,288,0.0
16.89245891571045,753,238.20000000000005
16.95035481452942,626,105.54999999999995
16.95035481452942,468,0.0
16.951979875564575,589,66.95000000000005
16.951979875564575,504,0.0
16.951979875564575,563,38.35000000000002
16.951979875564575,505,0.0
16.951979875564575,585,56.700000000000045
16.951979875564575,534,4.5499999999999545
16.951979875564575,548,16.850000000000023
16.951979875564575,491,0.0
16.951979875564575,470,0.0
16.958515167236328,506,0.0
16.958515167236328,518,0.0
16.96930432319641,487,0.0
16.976765155792236,512,0.0
16.98094868659973,531,4.649999999999977
16.98660397529602,533,8.799999999999955
16.992361307144165,526,0.0
16.992361307144165,526,0.0
16.999935388565063,531,3.3500000000000227
17.009005784988403,491,0.0
17.009005784988403,503,0.0
17.01576852798462,502,0.0
17.02568006515503,505,0.0
17.02568006515503,530,13.299999999999955
17.033976078033447,494,0.0
17.036850690841675,499,0.0
17.041839122772217,515,4.100000000000023
17.049837350845337,524,14.300000000000011
17.05361843109131,523,11.699999999999989
17.05730628967285,516,2.3999999999999773
17.065245866775513,509,0.0
17.069270849227905,508,0.0
17.072810888290405,506,0.0
17.082934379577637,534,18.700000000000045
17.087297677993774,527,11.899999999999977
17.089653253555298,497,0.0
17.098013877868652,506,0.0
17.103780269622803,504,0.0
17.106148719787598,517,6.5
17.106148719787598,512,0.44999999999998863
17.11963129043579,519,6.649999999999977
17.1230309009552,515,2.0
17.1230309009552,519,5.2999999999999545
17.13248872756958,510,0.0
17.14046549797058,513,0.0
17.14046549797058,518,3.3999999999999773
17.148796796798706,509,0.0
17.153791189193726,508,0.0
17.15945601463318,524,10.450000000000045
17.15945601463318,514,0.5499999999999545
17.170454025268555,508,0.0
17.177294492721558,507,0.0
17.177294492721558,515,1.2000000000000455
17.18705654144287,507,0.0
17.193593740463257,495,0.0
17.193593740463257,505,0.0
17.200891494750977,520,8.050000000000011
17.208959102630615,510,0.0
17.210587978363037,510,0.0
17.216450929641724,516,3.8999999999999773
17.225290536880493,506,0.0
17.230488061904907,518,6.399999999999977
17.23412799835205,509,0.0
17.236255884170532,514,2.6999999999999886
17.242786645889282,508,0.0
17.250927448272705,506,0.0
17.253992795944214,508,0.0
17.260616779327393,511,0.44999999999998863
17.26713252067566,511,1.1000000000000227
17.270729541778564,507,0.0
17.275558710098267,509,0.0
17.283574104309082,521,10.699999999999989
17.287858724594116,511,0.8999999999999773
17.292134046554565,500,0.0
17.292134046554565,510,0.0
17.302852869033813,514,3.0500000000000114
17.302852869033813,491,0.0
17.31058120727539,511,1.4499999999999886
17.31936812400818,517,7.100000000000023
17.31936812400818,511,1.3500000000000227
17.327031135559082,515,4.899999999999977
17.33505654335022,514,4.100000000000023
17.338048934936523,517,6.699999999999989
17.345029830932617,510,0.0
17.352667808532715,510,0.0
17.35401964187622,514,3.3999999999999773
17.36094832420349,514,3.1000000000000227
17.36094832420349,511,0.10000000000002274
17.370938301086426,507,0.0
17.377410650253296,509,0.0
17.377410650253296,509,0.0
17.38729500770569,511,0.6999999999999886
17.39434027671814,499,0.0
17.394866943359375,505,0.0
17.40263271331787,522,11.449999999999989
17.409839153289795,505,0.0
17.41296076774597,516,4.649999999999977
17.41798496246338,512,0.6000000000000227
17.419726133346558,510,0.0
17.429879665374756,517,5.649999999999977
17.429879665374756,501,0.0
17.43738293647766,519,8.100000000000023
17.44725251197815,520,8.949999999999989
17.44725251197815,497,0.0
17.454102993011475,514,3.3999999999999773
17.46375870704651,514,3.3999999999999773
17.46375870704651,512,1.5
17.470653295516968,490,0.0
17.474236726760864,521,10.850000000000023
17.48384428024292,511,0.75
17.48722195625305,513,2.5500000000000114
17.492162942886353,511,0.5500000000000114
17.500529527664185,514,2.8000000000000114
17.50380253791809,526,13.75
17.509079694747925,486,0.0
17.509079694747925,501,0.0
17.520411252975464,506,0.0
17.52419662475586,498,0.0
17.525936603546143,534,23.75
17.536491632461548,500,0.0
17.540671586990356,525,14.399999999999977
17.542250633239746,540,28.350000000000023
17.553354263305664,510,0.0
17.553354263305664,537,23.850000000000023
17.560698986053467,499,0.0
17.560698986053467,496,0.0
17.570221185684204,526,13.799999999999955
17.577590703964233,520,6.2999999999999545
17.577590703964233,478,0.0
17.587093114852905,509,0.0
17.594491004943848,499,0.0
17.594491004943848,556,43.0
17.601511001586914,508,0.0
17.610164880752563,529,16.149999999999977
17.615501165390015,530,14.950000000000045
17.61952543258667,512,0.0
17.627401113510132,528,11.299999999999955
17.627401113510132,553,33.549999999999955
17.635660886764526,505,0.0
17.637803077697754,502,0.0
17.64428949356079,540,21.149999999999977
17.651827335357666,499,0.0
17.653252601623535,509,0.0
17.659101724624634,510,0.0
17.6684627532959,487,0.0
17.669966220855713,502,0.0
17.675283908843994,515,0.4500000000000455
17.684369802474976,512,0.0
17.688272953033447,482,0.0
17.691194772720337,538,22.200000000000045
17.70128345489502,542,24.049999999999955
17.703702926635742,559,40.89999999999998
17.70924162864685,502,0.0
17.717295169830322,515,0.0
17.721317529678345,512,0.0
17.72578525543213,473,0.0
17.730334281921387,526,11.850000000000023
17.736077070236206,531,17.950000000000045
17.742624282836914,535,20.450000000000045
17.745327711105347,501,0.0
17.75366520881653,531,16.950000000000045
17.758424758911133,511,0.0
17.760565519332886,509,0.0
17.767109632492065,528,12.450000000000045
17.770015001296997,518,0.8999999999999773
17.777773141860962,485,0.0
17.777773141860962,497,0.0
17.787420988082886,498,0.0
17.795777320861816,528,11.049999999999955
17.795777320861816,513,0.0
17.803916931152344,530,14.899999999999977
17.81111240386963,463,0.0
17.812325954437256,495,0.0
17.818805694580078,518,7.899999999999977
17.8228600025177,530,19.0
17.832412481307983,520,6.649999999999977
17.836424350738525,497,0.0
17.83862853050232,505,0.0
17.846964120864868,505,0.0
17.850504398345947,518,8.050000000000011
17.855160236358643,506,0.0
17.8644540309906,520,10.850000000000023
17.869229316711426,512,2.6999999999999886
17.871382236480713,526,16.80000000000001
17.871382236480713,517,7.850000000000023
17.88469648361206,520,9.100000000000023
17.946473598480225,513,1.3000000000000114
17.946473598480225,514,1.5
17.947015523910522,494,0.0
17.947015523910522,496,0.0
17.947015523910522,494,0.0
17.947015523910522,515,4.25
17.947015523910522,520,8.0
17.947015523910522,515,3.1499999999999773
17.947015523910522,502,0.0
17.947015523910522,493,0.0
17.947015523910522,509,0.0
17.947015523910522,484,0.0
17.95029616355896,497,0.0
17.95849370956421,481,0.0
17.963011741638184,510,3.3999999999999773
17.96740174293518,492,0.0
17.9746675491333,465,0.0
17.9746675491333,475,0.0
17.983026266098022,519,18.600000000000023
17.99142622947693,462,0.0
17.993531227111816,496,0.0
17.99985694885254,481,0.0
18.001670360565186,522,25.600000000000023
18.009371995925903,524,26.19999999999999
18.016896724700928,546,45.60000000000002
18.02027463912964,490,0.0
18.025445699691772,516,17.05000000000001
18.025445699691772,521,21.75
18.036181211471558,534,33.14999999999998
18.041410446166992,496,0.0
18.049702167510986,527,25.100000000000023
18.050982236862183,509,5.850000000000023
18.057779550552368,499,0.0
18.06614875793457,507,2.4499999999999886
18.067572593688965,502,0.0
18.071113109588623,502,0.0
18.078009128570557,498,0.0
18.08431100845337,525,16.19999999999999
18.08752965927124,515,6.399999999999977
18.091044187545776,516,4.699999999999989
18.09921932220459,523,10.350000000000023
18.10373544692993,515,0.6499999999999773
18.110987901687622,518,3.8500000000000227
18.11800456047058,508,0.0
18.121390104293823,513,1.3000000000000114
18.12736225128174,518,4.899999999999977
18.13118577003479,515,1.9500000000000455
18.135817289352417,503,0.0
18.141535997390747,503,0.0
18.141535997390747,514,2.5
18.153380155563354,513,2.1999999999999886
18.158042192459106,499,0.0
18.158042192459106,511,0.10000000000002274
18.16865348815918,532,19.850000000000023
18.174622058868408,524,10.75
18.179141759872437,490,0.0
18.182672023773193,497,0.0
18.18647027015686,516,3.8500000000000227
18.19526243209839,535,21.850000000000023
18.19526243209839,499,0.0
18.2040011882782,507,0.0
18.21337127685547,543,30.100000000000023
18.21337127685547,496,0.0
18.22043538093567,507,0.0
18.228657245635986,525,12.649999999999977
18.232754230499268,507,0.0
18.236899375915527,514,2.25
18.239983320236206,520,7.399999999999977
18.245245218276978,506,0.0
18.253257274627686,500,0.0
18.25501012802124,514,1.8999999999999773
18.262723207473755,518,4.9500000000000455
18.27116894721985,517,3.6499999999999773
18.27116894721985,492,0.0
18.28023338317871,515,4.100000000000023
18.28736972808838,528,15.200000000000045
18.28736972808838,494,0.0
18.295666217803955,519,6.2000000000000455
18.302660942077637,510,0.0
18.30618119239807,504,0.0
18.30618119239807,511,0.0
18.3196280002594,503,0.0
18.324196815490723,508,0.0
18.324196815490723,497,0.0
18.332369565963745,515,5.399999999999977
18.336472034454346,522,11.649999999999977
18.34215545654297,521,10.300000000000011
18.348644018173218,528,16.899999999999977
18.352849006652832,517,5.350000000000023
18.35913109779358,525,12.100000000000023
18.35913109779358,511,0.0
18.369168996810913,509,0.0
18.37562608718872,513,0.8999999999999773
18.379178285598755,514,0.7999999999999545
18.38369870185852,502,0.0
18.38623857498169,507,0.0
18.396389722824097,508,0.0
18.401681184768677,517,4.899999999999977
18.406123399734497,496,0.0
18.414251565933228,508,0.0
18.41459345817566,503,0.0
18.42133402824402,518,6.050000000000011
18.430583953857422,516,3.6499999999999773
18.430583953857422,513,0.0
18.437565326690674,510,0.0
18.446869134902954,507,0.0
18.446869134902954,516,4.100000000000023
18.45464515686035,512,0.8999999999999773
18.45464515686035,510,0.0
18.46296215057373,522,11.399999999999977
18.471331357955933,517,6.100000000000023
18.471927881240845,502,0.0
18.479361057281494,516,5.300000000000011
18.487998723983765,517,6.149999999999977
18.487998723983765,500,0.0
18.49417805671692,514,2.8999999999999773
18.503337144851685,505,0.0
18.506083965301514,504,0.0
18.512239694595337,523,11.350000000000023
18.5196795463562,520,7.75
18.524873733520508,524,10.700000000000045
18.527124643325806,510,0.0
18.527124643325806,504,0.0
18.537096738815308,497,0.0
18.543776035308838,501,0.0
18.543776035308838,504,0.0
18.553442001342773,517,6.050000000000011
18.561312198638916,509,0.0
18.561312198638916,508,0.0
18.570030689239502,514,3.6999999999999886
18.57650399208069,511,1.0
18.582226753234863,515,4.350000000000023
18.585996866226196,518,7.25
18.585996866226196,507,0.0
18.596306324005127,520,8.75
18.601909160614014,510,0.0
18.604674339294434,506,0.0
18.61406946182251,504,0.0
18.619123220443726,515,4.300000000000011
18.62089443206787,515,4.550000000000011
18.630179166793823,509,0.0
18.63429284095764,521,10.75
18.637645483016968,517,6.100000000000023
18.646949529647827,517,5.100000000000023
18.65093183517456,513,0.5
18.65385866165161,524,10.5
18.65385866165161,507,0.0
18.667956113815308,522,8.350000000000023
18.67251443862915,513,0.0
18.67609453201294,504,0.0
18.684279441833496,509,0.0
18.68719506263733,509,0.0
18.68719506263733,503,0.0
18.695743083953857,516,3.2999999999999545
18.7040593624115,509,0.0
18.7040593624115,503,0.0
18.712717533111572,514,1.7999999999999545
18.72061800956726,504,0.0
18.72061800956726,509,0.0
18.728857278823853,505,0.0
18.728857278823853,514,2.3500000000000227
18.736948490142822,509,0.0
18.746084213256836,506,0.0
18.746084213256836,501,0.0
18.75397515296936,507,0.0
18.762349605560303,511,2.25
18.76260542869568,514,4.899999999999977
18.76962399482727,474,0.0
18.773224115371704,491,0.0
18.782535791397095,520,13.600000000000023
18.786824226379395,553,44.39999999999998
18.789566040039062,443,0.0
18.797932386398315,500,0.0
18.802522897720337,508,3.25
18.805689096450806,518,12.800000000000011
18.81395649909973,515,9.199999999999989
18.819900512695312,509,3.4499999999999886
18.823314428329468,505,0.0
18.830464839935303,512,6.25
18.833717584609985,518,11.600000000000023
18.837974071502686,510,3.8000000000000114
18.84788417816162,520,13.25
18.84788417816162,516,8.75
18.8531334400177,515,7.050000000000011
18.85857653617859,512,3.8000000000000114
18.86763882637024,514,5.649999999999977
18.870514631271362,505,0.0
18.875108242034912,515,5.050000000000011
18.88435983657837,521,9.550000000000011
18.886645793914795,500,0.0
18.89234447479248,516,7.399999999999977
18.89234447479248,509,0.0
18.90299105644226,515,2.3500000000000227
18.909451007843018,509,0.0
18.909451007843018,518,5.2999999999999545
18.920669317245483,516,3.25
18.925002813339233,509,0.0
18.925002813339233,515,1.75
18.933797597885132,517,3.5
18.94145369529724,509,0.0
18.945231676101685,517,3.6000000000000227
18.949338912963867,510,0.0
18.952955961227417,511,0.0
18.962060689926147,520,7.100000000000023
18.962060689926147,508,0.0
18.970996379852295,510,0.0
18.97884702682495,520,6.75
18.98069667816162,515,1.75
18.987740516662598,513,0.14999999999997726
18.995434284210205,508,0.0
18.997329711914062,514,0.8500000000000227
19.00430178642273,510,0.0
19.012218952178955,505,0.0
19.012218952178955,512,0.0
19.020255088806152,511,0.0
19.024951457977295,513,0.6499999999999773
19.02837824821472,521,8.049999999999955
19.03692126274109,505,0.0
19.03692126274109,503,0.0
19.04361867904663,518,5.7999999999999545
19.052359580993652,513,1.0
19.052359580993652,511,0.0
19.059828281402588,518,5.600000000000023
19.069374084472656,521,8.549999999999955
19.070282697677612,517,4.100000000000023
19.07718849182129,509,0.0
19.0842068195343,515,2.3999999999999773
19.088566541671753,514,1.4500000000000455
19.09307622909546,508,0.0
19.09307622909546,513,0.4500000000000455
19.105552673339844,509,0.0
19.108894109725952,514,1.5
19.114569664001465,515,2.0
19.11972689628601,519,5.649999999999977
19.125351905822754,511,0.0
19.125351905822754,514,0.6000000000000227
19.134361743927002,517,3.7999999999999545
19.14299988746643,510,0.0
19.143540143966675,519,4.75
19.151033401489258,511,0.0
19.15958070755005,511,0.0
19.15986680984497,514,0.049999999999954525
19.166426181793213,514,0.25
19.175087928771973,513,0.0
19.176975965499878,516,2.7000000000000455
19.183124780654907,510,0.0
19.18699884414673,518,4.5
19.192581176757812,515,1.4500000000000455
19.200409173965454,516,2.0499999999999545
19.202852725982666,509,0.0
19.20876717567444,524,9.5
19.216984748840332,513,0.0
19.22029995918274,504,0.0
19.22558879852295,510,0.0
19.23348641395569,514,0.39999999999997726
19.234519958496094,516,2.2999999999999545
19.237644910812378,507,0.0
19.24430274963379,518,4.399999999999977
19.253527879714966,523,9.200000000000045
19.254495859146118,514,0.049999999999954525
19.262112379074097,525,10.350000000000023
19.26958179473877,516,1.25
19.270771503448486,507,0.0
19.27814817428589,526,10.950000000000045
19.286386728286743,528,12.350000000000023
19.28769850730896,528,11.450000000000045
19.2924964427948,484,0.0
19.2924964427948,514,0.0
19.30440926551819,513,0.0
19.310917139053345,522,6.7000000000000455
19.310917139053345,489,0.0
19.323617458343506,502,0.0
19.327536821365356,528,13.799999999999955
19.329168796539307,529,13.850000000000023
19.334736347198486,513,0.0
19.343250513076782,516,0.8999999999999773
19.34620213508606,523,7.100000000000023
19.35122585296631,510,0.0
19.35312056541443,499,0.0
19.363957405090332,510,0.0
19.363957405090332,526,11.850000000000023
19.371641635894775,518,3.75
19.379974603652954,513,0.0
19.38443922996521,514,0.049999999999954525
19.387494325637817,519,5.5
19.39633822441101,510,0.0
19.3997745513916,506,0.0
19.403259754180908,505,0.0
19.412501096725464,525,11.149999999999977
19.412501096725464,515,1.5
19.420034408569336,515,0.20000000000004547
19.420034408569336,514,0.0
19.428871631622314,515,0.25
19.438242435455322,508,0.0
19.438753604888916,519,5.0
19.446378707885742,512,0.0
19.453007221221924,522,8.25
19.457101345062256,522,7.649999999999977
19.457101345062256,521,5.5499999999999545
19.47013020515442,508,0.0
19.47013020515442,513,0.0
19.478092908859253,516,1.3999999999999773
19.486366987228394,515,0.2999999999999545
19.487464904785156,521,5.9500000000000455
19.495274305343628,515,0.14999999999997726
19.495274305343628,511,0.0
19.503543376922607,519,3.4500000000000455
19.51218271255493,518,1.7999999999999545
19.51218271255493,514,0.0
19.520780324935913,515,0.0
19.527071952819824,515,0.0
19.532421827316284,515,0.0
19.536253690719604,505,0.0
19.54479217529297,514,0.0
19.54479217529297,518,2.5499999999999545
19.55282163619995,516,0.35000000000002274
19.561031103134155,508,0.0
19.56368589401245,520,5.149999999999977
19.569364070892334,515,0.4500000000000455
19.569364070892334,509,0.0
19.58002495765686,520,5.0499999999999545
19.58002495765686,516,1.0499999999999545
19.588534355163574,510,0.0
19.597496032714844,521,6.2999999999999545
19.597496032714844,516,1.25
19.605536222457886,517,1.9500000000000455
19.613447189331055,522,6.7999999999999545
19.613447189331055,517,1.8500000000000227
19.6215078830719,517,1.7000000000000455
19.6215078830719,508,0.0
19.630767107009888,521,5.75
19.637329578399658,520,4.5
19.637329578399658,514,0.0
19.647070169448853,508,0.0
19.65467643737793,518,2.3500000000000227
19.65467643737793,513,0.0
19.66355538368225,519,2.9500000000000455
19.669601678848267,510,0.0
19.674094676971436,503,0.0
19.674094676971436,523,7.350000000000023
19.687268257141113,520,4.350000000000023
19.690527200698853,506,0.0
19.690527200698853,516,0.5499999999999545
19.700294017791748,521,5.5499999999999545
19.70793318748474,508,0.0
19.709323406219482,517,1.9500000000000455
19.71583914756775,512,0.0
19.720223426818848,510,0.0
19.72708773612976,517,2.7999999999999545
19.72708773612976,514,0.0
19.737422227859497,514,0.0
19.745014190673828,513,0.0
19.745014190673828,510,0.0
19.753296852111816,515,1.0499999999999545
19.760494232177734,512,0.0
19.76362109184265,512,0.0
19.769280433654785,508,0.0
19.769280433654785,518,4.5499999999999545
19.779675722122192,516,1.8999999999999773
19.78539204597473,514,0.35000000000002274
19.78687334060669,504,0.0
19.80083131790161,514,0.75
19.827167510986328,517,3.7000000000000455
19.827167510986328,514,1.0499999999999545
19.827167510986328,512,0.0
19.827167510986328,528,14.299999999999955
19.827167510986328,510,0.0
19.827167510986328,506,0.0
19.83413314819336,515,1.7000000000000455
19.8395516872406,519,5.4500000000000455
19.842447996139526,511,0.0
19.84395718574524,515,1.5
19.852822303771973,522,7.899999999999977
19.860087871551514,515,0.8999999999999773
19.860260725021362,515,0.75
19.869587421417236,516,1.5499999999999545
19.8766028881073,510,0.0
19.8766028881073,513,0.0
19.887112855911255,519,4.5499999999999545
19.8927743434906,507,0.0
19.8927743434906,515,0.35000000000002274
19.904624700546265,519,4.100000000000023
19.90937852859497,514,0.0
19.910683393478394,517,2.1000000000000227
19.91720151901245,512,0.0
19.918978214263916,514,0.0
19.92754101753235,517,2.4500000000000455
19.92754101753235,504,0.0
19.937047481536865,512,0.0
19.944348096847534,515,0.8999999999999773
19.950568914413452,514,0.0
19.953880548477173,519,4.5499999999999545
19.960721254348755,520,5.649999999999977
19.966492891311646,509,0.0
19.970074892044067,513,0.0
19.978142261505127,514,0.14999999999997726
19.978142261505127,516,1.8500000000000227
19.987087726593018,511,0.0
19.988205909729004,505,0.0
19.99500846862793,521,6.9500000000000455
20.003286838531494,517,2.8500000000000227
20.0039701461792,507,0.0
20.011340379714966,520,6.149999999999977
20.019958972930908,520,6.0
20.019958972930908,507,0.0
20.027969360351562,508,0.0
20.036344289779663,508,0.0
20.038002967834473,519,5.25
20.04426908493042,513,0.0
20.051534175872803,511,0.0
20.055044889450073,516,2.2999999999999545
20.059136152267456,515,1.5
20.067912340164185,509,0.0
20.072943210601807,513,0.0
20.074960470199585,515,1.75
20.08133053779602,514,0.75
20.089455366134644,507,0.0
20.092884302139282,513,0.10000000000002274
20.097564697265625,516,2.5499999999999545
20.10558581352234,511,0.0
20.109124422073364,507,0.0
20.109124422073364,519,5.9500000000000455
20.117136478424072,518,5.0499999999999545
20.12473201751709,499,0.0
20.128332376480103,519,6.5
20.132961988449097,520,6.899999999999977
20.141472578048706,510,0.0
20.141472578048706,517,3.8999999999999773
20.150510787963867,512,0.0
20.15489172935486,516,2.7000000000000455
20.157288312911987,512,0.0
20.167098999023438,512,0.0
20.1700599193573,510,0.0
20.17391872406006,517,3.7999999999999545
20.183464527130127,522,8.450000000000045
20.187781810760498,515,1.3999999999999773
20.190139770507812,514,0.049999999999954525
20.199180364608765,518,3.7999999999999545
20.2037353515625,508,0.0
20.207866668701172,509,0.0
20.215811014175415,510,0.0
20.2205810546875,513,0.0
20.223729610443115,516,2.5499999999999545
20.223729610443115,522,7.399999999999977
20.23270606994629,518,3.4500000000000455
20.241008758544922,508,0.0
20.241008758544922,515,0.7999999999999545
20.249526500701904,519,4.7000000000000455
20.25434398651123,514,0.0
20.259836673736572,513,0.0
20.267863988876343,513,0.0
20.271616220474243,518,3.3999999999999773
20.277334451675415,517,2.0499999999999545
20.277334451675415,507,0.0
20.287694215774536,514,0.0
20.287694215774536,508,0.0
20.287694215774536,512,0.0
20.303966999053955,515,1.5499999999999545
20.31005859375,512,0.0
20.31005859375,512,0.0
20.31751823425293,522,7.600000000000023
20.326799392700195,510,0.0
20.327144384384155,514,0.0
20.333285570144653,518,4.0499999999999545
20.34165596961975,509,0.0
20.347419023513794,518,4.0
20.351235389709473,516,1.9500000000000455
20.353148937225342,511,0.0
20.358140230178833,517,3.2000000000000455
20.367119312286377,518,3.9500000000000455
20.369965314865112,518,3.7000000000000455
20.374653339385986,510,0.0
20.384341716766357,515,1.2000000000000455
20.38684582710266,519,4.600000000000023
20.392303943634033,510,0.0
20.400404453277588,511,0.0
20.404159545898438,520,5.25
20.408215045928955,521,5.9500000000000455
20.417039394378662,514,0.0
