time,peak,duration,energy,sharpness,label
0.01928400993347168,267,0.01,27.473282442748086,0.9036350014209317,unknown_1
0.02654123306274414,267,0.02,57.94656488549617,0.9036350014209317,unknown_1
0.029007673263549805,267,0.03,89.41984732824426,0.9036350014209317,unknown_1
0.029007673263549805,267,0.04,116.89312977099235,0.9036350014209317,unknown_1
0.03149724006652832,267,0.05,147.36641221374043,0.9036350014209317,unknown_1
0.03394436836242676,267,0.05,152.36641221374043,0.9036350014209317,unknown_1
0.04211020469665527,267,0.05,149.36641221374043,0.9036350014209317,unknown_1
0.04471731185913086,267,0.05,147.36641221374043,0.9036350014209317,unknown_1
0.05048489570617676,267,0.05,152.36641221374043,0.9036350014209317,unknown_1
0.05887174606323242,267,0.05,150.36641221374043,0.9036350014209317,unknown_1
0.06310009956359863,267,0.05,146.36641221374043,0.9036350014209317,unknown_1
0.0670619010925293,266,0.05,151.36641221374043,0.9002506006665462,unknown_1
0.06971883773803711,266,0.05,151.36641221374043,0.9002506006665462,unknown_1
0.07810807228088379,267,0.05,146.36641221374043,0.9036350014209317,unknown_1
0.08411026000976562,267,0.05,150.36641221374043,0.9036350014209317,unknown_1
0.08411026000976562,267,0.05,152.36641221374043,0.9036350014209317,unknown_1
0.09388279914855957,267,0.05,147.36641221374043,0.9036350014209317,unknown_1
0.10063815116882324,267,0.05,150.36641221374043,0.9036350014209317,unknown_1
0.10238480567932129,267,0.05,153.36641221374043,0.9036350014209317,unknown_1
0.1083066463470459,267,0.05,148.36641221374043,0.9036350014209317,unknown_1
0.11686992645263672,267,0.05,149.36641221374043,0.9036350014209317,unknown_1
0.11936688423156738,267,0.05,153.36641221374043,0.9036350014209317,unknown_1
0.12518978118896484,267,0.05,148.36641221374043,0.9036350014209317,unknown_1
0.13348126411437988,267,0.05,148.36641221374043,0.9036350014209317,unknown_1
0.13724279403686523,267,0.05,153.36641221374043,0.9036350014209317,unknown_1
0.1415085792541504,267,0.05,150.36641221374043,0.9036350014209317,unknown_1
0.14397144317626953,267,0.05,149.36641221374043,0.9036350014209317,unknown_1
0.14969921112060547,266,0.05,154.36641221374043,0.9002506006665462,unknown_1
0.15764188766479492,266,0.05,152.36641221374043,0.9002506006665462,unknown_1
0.16112995147705078,266,0.05,149.36641221374043,0.9002506006665462,unknown_1
0.16862726211547852,266,0.05,154.36641221374043,0.9002506006665462,unknown_1
0.1743030548095703,266,0.05,153.36641221374043,0.9002506006665462,unknown_1
0.17769145965576172,266,0.05,149.36641221374043,0.9002506006665462,unknown_1
0.1827223300933838,266,0.05,153.36641221374043,0.9002506006665462,unknown_1
0.19100451469421387,266,0.05,154.36641221374043,0.9002506006665462,unknown_1
0.1946885585784912,266,0.05,149.36641221374043,0.9002506006665462,unknown_1
0.19928193092346191,266,0.05,152.36641221374043,0.9002506006665462,unknown_1
0.20754504203796387,266,0.05,154.36641221374043,0.9002506006665462,unknown_1
0.21099519729614258,266,0.05,150.36641221374043,0.9002506006665462,unknown_1
0.21561098098754883,266,0.05,152.36641221374043,0.9002506006665462,unknown_1
0.22388982772827148,266,0.05,155.36641221374043,0.9002506006665462,unknown_1
0.22788143157958984,266,0.05,151.36641221374043,0.9002506006665462,unknown_1
0.2319810390472412,266,0.05,152.36641221374043,0.9002506006665462,unknown_1
0.23222875595092773,266,0.05,156.36641221374043,0.9002506006665462,unknown_1
0.2443103790283203,266,0.05,152.36641221374043,0.9002506006665462,unknown_1
0.2479565143585205,266,0.05,152.36641221374043,0.9002506006665462,unknown_1
0.2479565143585205,266,0.05,157.36641221374043,0.9002506006665462,unknown_1
0.2577371597290039,266,0.05,154.36641221374043,0.9002506006665462,unknown_1
0.2644362449645996,266,0.05,152.36641221374043,0.9002506006665462,unknown_1
0.2644362449645996,266,0.05,157.36641221374043,0.9002506006665462,unknown_1
0.2727959156036377,266,0.05,155.36641221374043,0.9002506006665462,unknown_1
0.27990126609802246,266,0.05,151.36641221374043,0.9002506006665462,unknown_1
0.2843959331512451,265,0.05,156.36641221374043,0.8968661999121607,unknown_1
0.2843959331512451,265,0.05,156.36641221374043,0.8968661999121607,unknown_1
0.2924690246582031,265,0.05,152.36641221374043,0.8968661999121607,unknown_1
0.301314115524292,265,0.05,156.36641221374043,0.8968661999121607,unknown_1
0.301314115524292,265,0.05,158.36641221374043,0.8968661999121607,unknown_1
0.3088841438293457,266,0.05,153.36641221374043,0.9002506006665462,unknown_1
0.3162569999694824,266,0.05,156.36641221374043,0.9002506006665462,unknown_1
0.3221776485443115,266,0.05,158.36641221374043,0.9002506006665462,unknown_1
0.32495665550231934,266,0.05,153.36641221374043,0.9002506006665462,unknown_1
0.3324558734893799,266,0.05,154.36641221374043,0.9002506006665462,unknown_1
0.3324558734893799,266,0.05,158.36641221374043,0.9002506006665462,unknown_1
0.34079623222351074,266,0.05,153.36641221374043,0.9002506006665462,unknown_1
0.3438866138458252,266,0.05,153.36641221374043,0.9002506006665462,unknown_1
0.34890198707580566,266,0.05,158.36641221374043,0.9002506006665462,unknown_1
0.35657739639282227,266,0.05,154.36641221374043,0.9002506006665462,unknown_1
0.36083436012268066,266,0.05,152.36641221374043,0.9002506006665462,unknown_1
0.3648529052734375,266,0.05,157.36641221374043,0.9002506006665462,unknown_1
0.3743743896484375,266,0.05,155.36641221374043,0.9002506006665462,unknown_1
0.3773632049560547,266,0.05,152.36641221374043,0.9002506006665462,unknown_1
0.3809380531311035,265,0.05,158.36641221374043,0.8968661999121607,unknown_1
0.39144086837768555,265,0.05,158.36641221374043,0.8968661999121607,unknown_1
0.39407801628112793,265,0.05,154.36641221374043,0.8968661999121607,unknown_1
0.3970909118652344,265,0.05,159.36641221374043,0.8968661999121607,unknown_1
0.40550732612609863,265,0.05,160.36641221374043,0.8968661999121607,unknown_1
0.41085124015808105,265,0.05,155.36641221374043,0.8968661999121607,unknown_1
0.41337108612060547,265,0.05,158.36641221374043,0.8968661999121607,unknown_1
0.4217650890350342,265,0.05,160.36641221374043,0.8968661999121607,unknown_1
0.4276702404022217,265,0.05,155.36641221374043,0.8968661999121607,unknown_1
0.4297354221343994,265,0.05,156.36641221374043,0.8968661999121607,unknown_1
0.4297354221343994,265,0.05,160.36641221374043,0.8968661999121607,unknown_1
0.44453001022338867,265,0.05,156.36641221374043,0.8968661999121607,unknown_1
0.4460451602935791,265,0.05,157.36641221374043,0.8968661999121607,unknown_1
0.4460451602935791,265,0.05,161.36641221374043,0.8968661999121607,unknown_1
0.4566311836242676,265,0.05,158.36641221374043,0.8968661999121607,unknown_1
0.4621596336364746,265,0.05,156.36641221374043,0.8968661999121607,unknown_1
0.4621596336364746,265,0.05,161.36641221374043,0.8968661999121607,unknown_1
0.4724082946777344,265,0.05,158.36641221374043,0.8968661999121607,unknown_1
0.4784269332885742,265,0.05,155.36641221374043,0.8968661999121607,unknown_1
0.48577237129211426,265,0.05,160.36641221374043,0.8968661999121607,unknown_1
0.4895312786102295,265,0.05,159.36641221374043,0.8968661999121607,unknown_1
0.49651193618774414,265,0.05,155.36641221374043,0.8968661999121607,unknown_1
0.49651193618774414,264,0.05,160.36641221374043,0.8934817991577751,unknown_1
0.5063364505767822,264,0.05,161.36641221374043,0.8934817991577751,unknown_1
0.5064980983734131,265,0.05,156.36641221374043,0.8968661999121607,unknown_1
0.5125226974487305,265,0.05,160.36641221374043,0.8968661999121607,unknown_1
0.5219607353210449,265,0.05,162.36641221374043,0.8968661999121607,unknown_1
0.5219607353210449,265,0.05,157.36641221374043,0.8968661999121607,unknown_1
0.5281069278717041,265,0.05,159.36641221374043,0.8968661999121607,unknown_1
0.5390260219573975,265,0.05,162.36641221374043,0.8968661999121607,unknown_1
0.5393524169921875,265,0.05,157.36641221374043,0.8968661999121607,unknown_1
0.544710636138916,265,0.05,158.36641221374043,0.8968661999121607,unknown_1
0.5530440807342529,265,0.05,162.36641221374043,0.8968661999121607,unknown_1
0.5591096878051758,265,0.05,158.36641221374043,0.8968661999121607,unknown_1
0.5608370304107666,265,0.05,158.36641221374043,0.8968661999121607,unknown_1
0.5692052841186523,265,0.05,163.36641221374043,0.8968661999121607,unknown_1
0.5755133628845215,265,0.05,159.36641221374043,0.8968661999121607,unknown_1
0.5778143405914307,265,0.05,157.36641221374043,0.8968661999121607,unknown_1
0.586268424987793,265,0.05,162.36641221374043,0.8968661999121607,unknown_1
0.5919148921966553,265,0.05,160.36641221374043,0.8968661999121607,unknown_1
0.5943448543548584,265,0.05,157.36641221374043,0.8968661999121607,unknown_1
0.5943448543548584,264,0.05,162.36641221374043,0.8934817991577751,unknown_1
0.6044728755950928,264,0.05,162.36641221374043,0.8934817991577751,unknown_1
0.610987663269043,264,0.05,158.36641221374043,0.8934817991577751,unknown_1
0.610987663269043,264,0.05,162.36641221374043,0.8934817991577751,unknown_1
0.6212341785430908,264,0.05,163.36641221374043,0.8934817991577751,unknown_1
0.6276190280914307,264,0.05,159.36641221374043,0.8934817991577751,unknown_1
0.6276190280914307,264,0.05,162.36641221374043,0.8934817991577751,unknown_1
0.6369965076446533,264,0.05,165.36641221374043,0.8934817991577751,unknown_1
0.6446528434753418,264,0.05,161.36641221374043,0.8934817991577751,unknown_1
0.6446528434753418,264,0.05,163.36641221374043,0.8934817991577751,unknown_1
0.6532950401306152,264,0.05,167.36641221374043,0.8934817991577751,unknown_1
0.6620340347290039,264,0.05,163.36641221374043,0.8934817991577751,unknown_1
0.6620340347290039,264,0.05,163.36641221374043,0.8934817991577751,unknown_1
0.6683344841003418,264,0.05,167.36641221374043,0.8934817991577751,unknown_1
0.6683344841003418,264,0.05,163.36641221374043,0.8934817991577751,unknown_1
0.6774501800537109,264,0.05,161.36641221374043,0.8934817991577751,unknown_1
0.6863698959350586,264,0.05,166.36641221374043,0.8934817991577751,unknown_1
0.6863698959350586,264,0.05,164.36641221374043,0.8934817991577751,unknown_1
0.6939101219177246,264,0.05,162.36641221374043,0.8934817991577751,unknown_1
0.7029147148132324,263,0.05,167.36641221374043,0.8900973984033895,unknown_1
0.7030649185180664,263,0.05,166.36641221374043,0.8900973984033895,unknown_1
0.7114653587341309,263,0.05,162.36641221374043,0.8900973984033895,unknown_1
0.7178444862365723,263,0.05,166.36641221374043,0.8900973984033895,unknown_1
0.7178444862365723,263,0.05,166.36641221374043,0.8900973984033895,unknown_1
0.7262356281280518,264,0.05,161.36641221374043,0.8934817991577751,unknown_1
0.7346179485321045,264,0.05,165.36641221374043,0.8934817991577751,unknown_1
0.7375702857971191,264,0.05,167.36641221374043,0.8934817991577751,unknown_1
0.7439792156219482,264,0.05,162.36641221374043,0.8934817991577751,unknown_1
0.7512547969818115,264,0.05,164.36641221374043,0.8934817991577751,unknown_1
0.7542819976806641,264,0.05,168.36641221374043,0.8934817991577751,unknown_1
0.7604401111602783,264,0.05,163.36641221374043,0.8934817991577751,unknown_1
0.7615828514099121,264,0.05,164.36641221374043,0.8934817991577751,unknown_1
0.767775297164917,264,0.05,168.36641221374043,0.8934817991577751,unknown_1
0.7762167453765869,264,0.05,164.36641221374043,0.8934817991577751,unknown_1
0.7774801254272461,264,0.05,163.36641221374043,0.8934817991577751,unknown_1
0.7868833541870117,264,0.05,168.36641221374043,0.8934817991577751,unknown_1
0.792639970779419,264,0.05,165.36641221374043,0.8934817991577751,unknown_1
0.7941551208496094,264,0.05,163.36641221374043,0.8934817991577751,unknown_1
0.8010706901550293,263,0.05,168.36641221374043,0.8900973984033895,unknown_1
0.8091719150543213,263,0.05,166.36641221374043,0.8900973984033895,unknown_1
0.8103017807006836,263,0.05,162.36641221374043,0.8900973984033895,unknown_1
0.81752610206604,263,0.05,166.36641221374043,0.8900973984033895,unknown_1
0.8256208896636963,263,0.05,166.36641221374043,0.8900973984033895,unknown_1
0.8273029327392578,264,0.05,161.36641221374043,0.8934817991577751,unknown_1
0.8340580463409424,264,0.05,165.36641221374043,0.8934817991577751,unknown_1
0.8340580463409424,264,0.05,167.36641221374043,0.8934817991577751,unknown_1
0.8444807529449463,264,0.05,162.36641221374043,0.8934817991577751,unknown_1
0.8504090309143066,264,0.05,165.36641221374043,0.8934817991577751,unknown_1
0.851923942565918,264,0.05,169.36641221374043,0.8934817991577751,unknown_1
0.8611607551574707,264,0.05,164.36641221374043,0.8934817991577751,unknown_1
0.8665416240692139,264,0.05,165.36641221374043,0.8934817991577751,unknown_1
0.869185209274292,264,0.05,169.36641221374043,0.8934817991577751,unknown_1
0.8749666213989258,264,0.05,164.36641221374043,0.8934817991577751,unknown_1
0.8830258846282959,264,0.05,163.36641221374043,0.8934817991577751,unknown_1
0.88334059715271,264,0.05,168.36641221374043,0.8934817991577751,unknown_1
0.88334059715271,264,0.05,164.36641221374043,0.8934817991577751,unknown_1
0.8942389488220215,264,0.05,162.36641221374043,0.8934817991577751,unknown_1
0.9014251232147217,264,0.05,167.36641221374043,0.8934817991577751,unknown_1
0.9043521881103516,264,0.05,165.36641221374043,0.8934817991577751,unknown_1
0.9109311103820801,264,0.05,162.36641221374043,0.8934817991577751,unknown_1
0.9188659191131592,263,0.05,167.36641221374043,0.8900973984033895,unknown_1
0.924400806427002,263,0.05,167.36641221374043,0.8900973984033895,unknown_1
0.9292526245117188,263,0.05,163.36641221374043,0.8900973984033895,unknown_1
0.9356465339660645,263,0.05,168.36641221374043,0.8900973984033895,unknown_1
0.9382884502410889,263,0.05,169.36641221374043,0.8900973984033895,unknown_1
0.9449038505554199,263,0.05,165.36641221374043,0.8900973984033895,unknown_1
0.9523270130157471,263,0.05,168.36641221374043,0.8900973984033895,unknown_1
0.9570887088775635,263,0.05,170.36641221374043,0.8900973984033895,unknown_1
0.9604682922363281,264,0.05,164.36641221374043,0.8934817991577751,unknown_1
0.9614043235778809,264,0.05,165.36641221374043,0.8934817991577751,unknown_1
0.9712982177734375,264,0.05,168.36641221374043,0.8934817991577751,unknown_1
0.9764063358306885,264,0.05,163.36641221374043,0.8934817991577751,unknown_1
0.9776642322540283,264,0.05,164.36641221374043,0.8934817991577751,unknown_1
0.987175464630127,264,0.05,169.36641221374043,0.8934817991577751,unknown_1
0.9935030937194824,264,0.05,165.36641221374043,0.8934817991577751,unknown_1
0.9966909885406494,264,0.05,164.36641221374043,0.8934817991577751,unknown_1
1.0020151138305664,264,0.05,169.36641221374043,0.8934817991577751,unknown_1
1.01045823097229,264,0.05,166.36641221374043,0.8934817991577751,unknown_1
1.0118470191955566,264,0.05,163.36641221374043,0.8934817991577751,unknown_1
1.0180211067199707,263,0.05,168.36641221374043,0.8900973984033895,unknown_1
1.0280685424804688,263,0.05,166.36641221374043,0.8900973984033895,unknown_1
1.0351483821868896,263,0.05,163.36641221374043,0.8900973984033895,unknown_1
1.0546648502349854,263,0.05,167.36641221374043,0.8900973984033895,unknown_1
1.0546648502349854,263,0.05,167.36641221374043,0.8900973984033895,unknown_1
1.0546648502349854,264,0.05,162.36641221374043,0.8934817991577751,unknown_1
1.0605814456939697,264,0.05,166.36641221374043,0.8934817991577751,unknown_1
1.0605814456939697,264,0.05,167.36641221374043,0.8934817991577751,unknown_1
1.0605814456939697,264,0.05,163.36641221374043,0.8934817991577751,unknown_1
1.0605814456939697,264,0.05,166.36641221374043,0.8934817991577751,unknown_1
1.0681991577148438,263,0.05,170.36641221374043,0.8900973984033895,unknown_1
1.0681991577148438,263,0.05,166.36641221374043,0.8900973984033895,unknown_1
1.077833890914917,263,0.05,167.36641221374043,0.8900973984033895,unknown_1
1.08497953414917,263,0.05,170.36641221374043,0.8900973984033895,unknown_1
1.0940887928009033,264,0.05,165.36641221374043,0.8934817991577751,unknown_1
1.0982179641723633,264,0.05,164.36641221374043,0.8934817991577751,unknown_1
1.1019818782806396,264,0.05,168.36641221374043,0.8934817991577751,unknown_1
1.1019818782806396,264,0.05,164.36641221374043,0.8934817991577751,unknown_1
1.109628677368164,264,0.05,162.36641221374043,0.8934817991577751,unknown_1
1.1191802024841309,264,0.05,167.36641221374043,0.8934817991577751,unknown_1
1.1191802024841309,264,0.05,164.36641221374043,0.8934817991577751,unknown_1
1.1274871826171875,264,0.05,159.36641221374043,0.8934817991577751,unknown_1
1.1367802619934082,264,0.05,162.36641221374043,0.8934817991577751,unknown_1
1.1388022899627686,265,0.05,159.36641221374043,0.8968661999121607,unknown_1
1.1434543132781982,266,0.05,152.36641221374043,0.9002506006665462,unknown_1
1.1512675285339355,266,0.05,154.36641221374043,0.9002506006665462,unknown_1
1.157081127166748,266,0.05,153.36641221374043,0.9002506006665462,unknown_1
1.161668300628662,267,0.05,147.36641221374043,0.9036350014209317,unknown_1
1.161668300628662,267,0.05,150.36641221374043,0.9036350014209317,unknown_1
1.1696181297302246,267,0.05,152.36641221374043,0.9036350014209317,unknown_1
1.1779122352600098,268,0.05,146.36641221374043,0.9070194021753172,unknown_1
1.1779122352600098,268,0.05,148.36641221374043,0.9070194021753172,unknown_1
1.1859383583068848,268,0.05,151.36641221374043,0.9070194021753172,unknown_1
1.1935629844665527,268,0.05,145.36641221374043,0.9070194021753172,unknown_1
1.1935629844665527,268,0.05,145.36641221374043,0.9070194021753172,unknown_1
1.2007856369018555,268,0.05,151.36641221374043,0.9070194021753172,unknown_1
1.2109570503234863,268,0.05,147.36641221374043,0.9070194021753172,unknown_1
1.2114641666412354,268,0.05,146.36641221374043,0.9070194021753172,unknown_1
1.2179017066955566,267,0.05,152.36641221374043,0.9036350014209317,unknown_1
1.227820634841919,267,0.05,149.36641221374043,0.9036350014209317,unknown_1
1.227820634841919,267,0.05,146.36641221374043,0.9036350014209317,unknown_1
1.2344367504119873,267,0.05,151.36641221374043,0.9036350014209317,unknown_1
1.2344367504119873,267,0.05,150.36641221374043,0.9036350014209317,unknown_1
1.2442669868469238,267,0.05,146.36641221374043,0.9036350014209317,unknown_1
1.2508509159088135,266,0.05,151.36641221374043,0.9002506006665462,unknown_1
1.2521634101867676,266,0.05,151.36641221374043,0.9002506006665462,unknown_1
1.2611157894134521,267,0.05,146.36641221374043,0.9036350014209317,unknown_1
1.2672724723815918,267,0.05,150.36641221374043,0.9036350014209317,unknown_1
1.268789291381836,267,0.05,152.36641221374043,0.9036350014209317,unknown_1
1.2777886390686035,267,0.05,147.36641221374043,0.9036350014209317,unknown_1
1.2841627597808838,267,0.05,150.36641221374043,0.9036350014209317,unknown_1
1.286712646484375,267,0.05,154.36641221374043,0.9036350014209317,unknown_1
1.292473554611206,267,0.05,150.36641221374043,0.9036350014209317,unknown_1
1.3007755279541016,267,0.05,152.36641221374043,0.9036350014209317,unknown_1
1.3007755279541016,266,0.05,158.36641221374043,0.9002506006665462,unknown_1
1.3007755279541016,266,0.05,154.36641221374043,0.9002506006665462,unknown_1
1.3115134239196777,266,0.05,154.36641221374043,0.9002506006665462,unknown_1
1.3213090896606445,266,0.05,160.36641221374043,0.9002506006665462,unknown_1
1.3213090896606445,266,0.05,156.36641221374043,0.9002506006665462,unknown_1
1.3281974792480469,266,0.05,153.36641221374043,0.9002506006665462,unknown_1
1.3355493545532227,266,0.05,159.36641221374043,0.9002506006665462,unknown_1
1.3413748741149902,266,0.05,157.36641221374043,0.9002506006665462,unknown_1
1.3446786403656006,266,0.05,152.36641221374043,0.9002506006665462,unknown_1
1.353024959564209,265,0.05,158.36641221374043,0.8968661999121607,unknown_1
1.357774257659912,265,0.05,158.36641221374043,0.8968661999121607,unknown_1
1.3612761497497559,266,0.05,152.36641221374043,0.9002506006665462,unknown_1
1.3612761497497559,266,0.05,156.36641221374043,0.9002506006665462,unknown_1
1.370593547821045,266,0.05,157.36641221374043,0.9002506006665462,unknown_1
1.376960277557373,267,0.05,150.36641221374043,0.9036350014209317,unknown_1
1.376960277557373,267,0.05,151.36641221374043,0.9036350014209317,unknown_1
1.386673927307129,267,0.05,152.36641221374043,0.9036350014209317,unknown_1
1.394904375076294,268,0.05,145.36641221374043,0.9070194021753172,unknown_1
1.394904375076294,268,0.05,145.36641221374043,0.9070194021753172,unknown_1
1.402679443359375,268,0.05,147.36641221374043,0.9070194021753172,unknown_1
1.410996913909912,269,0.05,141.36641221374043,0.9104038029297027,unknown_1
1.4156386852264404,269,0.05,140.36641221374043,0.9104038029297027,unknown_1
1.4171710014343262,269,0.05,144.36641221374043,0.9104038029297027,unknown_1
1.4284234046936035,269,0.05,139.36641221374043,0.9104038029297027,unknown_1
1.4284234046936035,269,0.05,137.36641221374043,0.9104038029297027,unknown_1
1.4347074031829834,269,0.05,142.36641221374043,0.9104038029297027,unknown_1
1.4347074031829834,269,0.05,140.36641221374043,0.9104038029297027,unknown_1
1.4443082809448242,269,0.05,137.36641221374043,0.9104038029297027,unknown_1
1.4516246318817139,268,0.05,143.36641221374043,0.9070194021753172,unknown_1
1.4541265964508057,268,0.05,144.36641221374043,0.9070194021753172,unknown_1
1.4612317085266113,268,0.05,142.36641221374043,0.9070194021753172,unknown_1
1.4680731296539307,267,0.05,149.36641221374043,0.9036350014209317,unknown_1
1.4692087173461914,266,0.05,153.36641221374043,0.9002506006665462,unknown_1
1.4775781631469727,266,0.05,151.36641221374043,0.9002506006665462,unknown_1
1.4844164848327637,266,0.05,157.36641221374043,0.9002506006665462,unknown_1
1.4856312274932861,265,0.05,162.36641221374043,0.8968661999121607,unknown_1
1.4945073127746582,265,0.05,159.36641221374043,0.8968661999121607,unknown_1
1.5009827613830566,265,0.05,163.36641221374043,0.8968661999121607,unknown_1
1.5041782855987549,264,0.05,169.36641221374043,0.8934817991577751,unknown_1
1.5083928108215332,264,0.05,167.36641221374043,0.8934817991577751,unknown_1
1.5152018070220947,264,0.05,169.36641221374043,0.8934817991577751,unknown_1
1.5203309059143066,262,0.05,176.36641221374043,0.886712997649004,unknown_1
1.5203309059143066,262,0.05,174.36641221374043,0.886712997649004,unknown_1
1.5287621021270752,262,0.05,175.36641221374043,0.886712997649004,unknown_1
1.5372188091278076,261,0.05,183.36641221374043,0.8833285968946185,unknown_1
1.5372188091278076,261,0.05,183.36641221374043,0.8833285968946185,unknown_1
1.5443799495697021,261,0.05,183.36641221374043,0.8833285968946185,unknown_1
1.55379319190979,259,0.05,191.36641221374043,0.8765597953858475,unknown_1
1.55379319190979,259,0.05,192.36641221374043,0.8765597953858475,unknown_1
1.561051607131958,259,0.05,190.36641221374043,0.8765597953858475,unknown_1
1.561051607131958,257,0.05,198.36641221374043,0.8697909938770765,unknown_1
1.5719306468963623,257,0.05,201.36641221374043,0.8697909938770765,unknown_1
1.5776827335357666,257,0.05,198.36641221374043,0.8697909938770765,unknown_1
1.5776827335357666,256,0.05,206.36641221374043,0.866406593122691,unknown_1
1.5866119861602783,256,0.05,210.36641221374043,0.866406593122691,unknown_1
1.5949506759643555,256,0.05,207.36641221374043,0.866406593122691,unknown_1
1.5949506759643555,256,0.05,213.36641221374043,0.866406593122691,unknown_1
1.6038281917572021,254,0.05,220.36641221374043,0.85963779161392,unknown_1
1.612105131149292,254,0.05,217.36641221374043,0.85963779161392,unknown_1
1.612105131149292,254,0.05,221.36641221374043,0.85963779161392,unknown_1
1.619037389755249,252,0.05,228.36641221374043,0.8528689901051489,unknown_1
1.6288390159606934,252,0.05,225.36641221374043,0.8528689901051489,unknown_1
1.6288390159606934,252,0.05,227.36641221374043,0.8528689901051489,unknown_1
1.6364357471466064,251,0.05,235.36641221374043,0.8494845893507634,unknown_1
1.6455917358398438,251,0.05,234.36641221374043,0.8494845893507634,unknown_1
1.6455917358398438,251,0.05,235.36641221374043,0.8494845893507634,unknown_1
1.6522018909454346,249,0.05,243.36641221374043,0.8427157878419924,unknown_1
1.6541962623596191,249,0.05,243.36641221374043,0.8427157878419924,unknown_1
1.6608965396881104,249,0.05,241.36641221374043,0.8427157878419924,unknown_1
1.6688926219940186,247,0.05,248.36641221374043,0.8359469863332214,unknown_1
1.6712379455566406,247,0.05,249.36641221374043,0.8359469863332214,unknown_1
1.6781470775604248,247,0.05,246.36641221374043,0.8359469863332214,unknown_1
1.6854708194732666,246,0.05,253.36641221374043,0.8325625855788359,unknown_1
1.688103437423706,246,0.05,256.36641221374043,0.8325625855788359,unknown_1
1.6942076683044434,246,0.05,253.36641221374043,0.8325625855788359,unknown_1
1.7020745277404785,246,0.05,258.36641221374043,0.8325625855788359,unknown_1
1.7020745277404785,245,0.05,262.36641221374043,0.8291781848244504,unknown_1
1.7105298042297363,245,0.05,257.36641221374043,0.8291781848244504,unknown_1
1.7114849090576172,245,0.05,260.36641221374043,0.8291781848244504,unknown_1
1.7219619750976562,245,0.05,264.36641221374043,0.8291781848244504,unknown_1
1.7219619750976562,245,0.05,259.36641221374043,0.8291781848244504,unknown_1
1.7289211750030518,245,0.05,259.36641221374043,0.8291781848244504,unknown_1
1.7363035678863525,245,0.05,264.36641221374043,0.8291781848244504,unknown_1
1.7427372932434082,245,0.05,259.36641221374043,0.8291781848244504,unknown_1
1.7441802024841309,245,0.05,257.36641221374043,0.8291781848244504,unknown_1
1.754932165145874,245,0.05,262.36641221374043,0.8291781848244504,unknown_1
1.754932165145874,245,0.05,259.36641221374043,0.8291781848244504,unknown_1
1.7616407871246338,245,0.05,255.36641221374043,0.8291781848244504,unknown_1
1.7616407871246338,245,0.05,260.36641221374043,0.8291781848244504,unknown_1
1.7714579105377197,245,0.05,258.36641221374043,0.8291781848244504,unknown_1
1.7798235416412354,245,0.05,253.36641221374043,0.8291781848244504,unknown_1
1.7798235416412354,245,0.05,257.36641221374043,0.8291781848244504,unknown_1
1.7875304222106934,245,0.05,257.36641221374043,0.8291781848244504,unknown_1
1.7949724197387695,246,0.05,251.36641221374043,0.8325625855788359,unknown_1
1.7949724197387695,246,0.05,255.36641221374043,0.8325625855788359,unknown_1
1.804292917251587,246,0.05,257.36641221374043,0.8325625855788359,unknown_1
1.8114423751831055,246,0.05,252.36641221374043,0.8325625855788359,unknown_1
1.8114423751831055,246,0.05,254.36641221374043,0.8325625855788359,unknown_1
1.8209123611450195,246,0.05,257.36641221374043,0.8325625855788359,unknown_1
1.8278801441192627,247,0.05,251.36641221374043,0.8359469863332214,unknown_1
1.8278801441192627,247,0.05,251.36641221374043,0.8359469863332214,unknown_1
1.8360698223114014,247,0.05,255.36641221374043,0.8359469863332214,unknown_1
1.8455259799957275,247,0.05,250.36641221374043,0.8359469863332214,unknown_1
1.8459653854370117,247,0.05,249.36641221374043,0.8359469863332214,unknown_1
1.852174997329712,247,0.05,254.36641221374043,0.8359469863332214,unknown_1
1.8574211597442627,247,0.05,250.36641221374043,0.8359469863332214,unknown_1
1.8620820045471191,247,0.05,246.36641221374043,0.8359469863332214,unknown_1
1.869781494140625,247,0.05,250.36641221374043,0.8359469863332214,unknown_1
1.8715136051177979,247,0.05,247.36641221374043,0.8359469863332214,unknown_1
1.8773717880249023,247,0.05,242.36641221374043,0.8359469863332214,unknown_1
1.8858942985534668,247,0.05,245.36641221374043,0.8359469863332214,unknown_1
1.887568712234497,248,0.05,243.36641221374043,0.8393313870876069,unknown_1
1.8934366703033447,250,0.05,236.36641221374043,0.8461001885963779,unknown_1
1.9018023014068604,250,0.05,238.36641221374043,0.8461001885963779,unknown_1
1.9072515964508057,250,0.05,237.36641221374043,0.8461001885963779,unknown_1
1.9111878871917725,251,0.05,230.36641221374043,0.8494845893507634,unknown_1
1.9182524681091309,251,0.05,231.36641221374043,0.8494845893507634,unknown_1
1.9220564365386963,251,0.05,232.36641221374043,0.8494845893507634,unknown_1
1.9278533458709717,253,0.05,224.36641221374043,0.8562533908595344,unknown_1
1.9284892082214355,253,0.05,223.36641221374043,0.8562533908595344,unknown_1
1.9370265007019043,253,0.05,224.36641221374043,0.8562533908595344,unknown_1
1.944777250289917,255,0.05,216.36641221374043,0.8630221923683055,unknown_1
1.94504714012146,255,0.05,213.36641221374043,0.8630221923683055,unknown_1
1.954216480255127,255,0.05,216.36641221374043,0.8630221923683055,unknown_1
1.9605777263641357,256,0.05,209.36641221374043,0.866406593122691,unknown_1
1.9617199897766113,256,0.05,206.36641221374043,0.866406593122691,unknown_1
1.9689626693725586,256,0.05,210.36641221374043,0.866406593122691,unknown_1
1.9772095680236816,256,0.05,206.36641221374043,0.866406593122691,unknown_1
1.9785282611846924,256,0.05,200.36641221374043,0.866406593122691,unknown_1
1.9853641986846924,256,0.05,204.36641221374043,0.866406593122691,unknown_1
1.991518259048462,256,0.05,201.36641221374043,0.866406593122691,unknown_1
1.994814395904541,257,0.05,195.36641221374043,0.8697909938770765,unknown_1
1.994814395904541,257,0.05,198.36641221374043,0.8697909938770765,unknown_1
2.004638433456421,257,0.05,198.36641221374043,0.8697909938770765,unknown_1
2.011772871017456,259,0.05,191.36641221374043,0.8765597953858475,unknown_1
2.011772871017456,259,0.05,193.36641221374043,0.8765597953858475,unknown_1
2.0207231044769287,259,0.05,194.36641221374043,0.8765597953858475,unknown_1
2.0277607440948486,259,0.05,188.36641221374043,0.8765597953858475,unknown_1
2.032386064529419,259,0.05,189.36641221374043,0.8765597953858475,unknown_1
2.037341594696045,259,0.05,192.36641221374043,0.8765597953858475,unknown_1
2.0456619262695312,260,0.05,186.36641221374043,0.879944196140233,unknown_1
2.0456619262695312,260,0.05,186.36641221374043,0.879944196140233,unknown_1
2.054112672805786,260,0.05,189.36641221374043,0.879944196140233,unknown_1
2.054112672805786,260,0.05,184.36641221374043,0.879944196140233,unknown_1
2.060710906982422,260,0.05,182.36641221374043,0.879944196140233,unknown_1
2.06843900680542,260,0.05,186.36641221374043,0.879944196140233,unknown_1
2.0714471340179443,261,0.05,181.36641221374043,0.8833285968946185,unknown_1
2.0782244205474854,261,0.05,178.36641221374043,0.8833285968946185,unknown_1
2.08648943901062,261,0.05,182.36641221374043,0.8833285968946185,unknown_1
2.08648943901062,261,0.05,180.36641221374043,0.8833285968946185,unknown_1
2.0937130451202393,261,0.05,176.36641221374043,0.8833285968946185,unknown_1
2.1015918254852295,260,0.05,181.36641221374043,0.879944196140233,unknown_1
2.1015918254852295,260,0.05,180.36641221374043,0.879944196140233,unknown_1
2.109666347503662,262,0.05,174.36641221374043,0.886712997649004,unknown_1
2.118046283721924,262,0.05,177.36641221374043,0.886712997649004,unknown_1
2.12375807762146,262,0.05,177.36641221374043,0.886712997649004,unknown_1
2.1277830600738525,263,0.05,170.36641221374043,0.8900973984033895,unknown_1
2.1277830600738525,263,0.05,172.36641221374043,0.8900973984033895,unknown_1
2.137843370437622,263,0.05,175.36641221374043,0.8900973984033895,unknown_1
2.143932819366455,263,0.05,169.36641221374043,0.8900973984033895,unknown_1
2.143932819366455,263,0.05,170.36641221374043,0.8900973984033895,unknown_1
2.153444528579712,263,0.05,174.36641221374043,0.8900973984033895,unknown_1
2.1611692905426025,263,0.05,169.36641221374043,0.8900973984033895,unknown_1
2.1611692905426025,263,0.05,168.36641221374043,0.8900973984033895,unknown_1
2.1691205501556396,263,0.05,172.36641221374043,0.8900973984033895,unknown_1
2.178924322128296,264,0.05,167.36641221374043,0.8934817991577751,unknown_1
2.178924322128296,264,0.05,164.36641221374043,0.8934817991577751,unknown_1
2.1852900981903076,264,0.05,168.36641221374043,0.8934817991577751,unknown_1
2.1939220428466797,264,0.05,165.36641221374043,0.8934817991577751,unknown_1
2.1950337886810303,264,0.05,161.36641221374043,0.8934817991577751,unknown_1
2.201866388320923,263,0.05,166.36641221374043,0.8900973984033895,unknown_1
2.2119834423065186,263,0.05,166.36641221374043,0.8900973984033895,unknown_1
2.2124156951904297,264,0.05,161.36641221374043,0.8934817991577751,unknown_1
2.218636989593506,264,0.05,165.36641221374043,0.8934817991577751,unknown_1
2.221579074859619,264,0.05,166.36641221374043,0.8934817991577751,unknown_1
2.2287168502807617,264,0.05,161.36641221374043,0.8934817991577751,unknown_1
2.2287168502807617,264,0.05,164.36641221374043,0.8934817991577751,unknown_1
2.2378106117248535,264,0.05,167.36641221374043,0.8934817991577751,unknown_1
2.2456772327423096,264,0.05,162.36641221374043,0.8934817991577751,unknown_1
2.2456772327423096,264,0.05,164.36641221374043,0.8934817991577751,unknown_1
2.2554938793182373,264,0.05,168.36641221374043,0.8934817991577751,unknown_1
2.2554938793182373,264,0.05,163.36641221374043,0.8934817991577751,unknown_1
2.2614502906799316,264,0.05,163.36641221374043,0.8934817991577751,unknown_1
2.2704246044158936,264,0.05,168.36641221374043,0.8934817991577751,unknown_1
2.2704246044158936,264,0.05,164.36641221374043,0.8934817991577751,unknown_1
2.2775845527648926,264,0.05,162.36641221374043,0.8934817991577751,unknown_1
2.2880218029022217,264,0.05,167.36641221374043,0.8934817991577751,unknown_1
2.2880218029022217,264,0.05,164.36641221374043,0.8934817991577751,unknown_1
2.294079542160034,264,0.05,160.36641221374043,0.8934817991577751,unknown_1
2.301945924758911,264,0.05,165.36641221374043,0.8934817991577751,unknown_1
2.308056354522705,264,0.05,164.36641221374043,0.8934817991577751,unknown_1
2.3109636306762695,264,0.05,160.36641221374043,0.8934817991577751,unknown_1
2.3192644119262695,263,0.05,165.36641221374043,0.8900973984033895,unknown_1
2.321908712387085,263,0.05,166.36641221374043,0.8900973984033895,unknown_1
2.3275182247161865,264,0.05,161.36641221374043,0.8934817991577751,unknown_1
2.3275182247161865,264,0.05,165.36641221374043,0.8934817991577751,unknown_1
2.3369104862213135,264,0.05,167.36641221374043,0.8934817991577751,unknown_1
2.3446433544158936,264,0.05,162.36641221374043,0.8934817991577751,unknown_1
2.3446433544158936,264,0.05,164.36641221374043,0.8934817991577751,unknown_1
2.353882074356079,264,0.05,168.36641221374043,0.8934817991577751,unknown_1
2.3618011474609375,264,0.05,163.36641221374043,0.8934817991577751,unknown_1
2.3618011474609375,264,0.05,163.36641221374043,0.8934817991577751,unknown_1
2.3703324794769287,264,0.05,167.36641221374043,0.8934817991577751,unknown_1
2.3779611587524414,265,0.05,162.36641221374043,0.8968661999121607,unknown_1
2.3782382011413574,265,0.05,160.36641221374043,0.8968661999121607,unknown_1
2.386078357696533,265,0.05,164.36641221374043,0.8968661999121607,unknown_1
2.3948910236358643,265,0.05,160.36641221374043,0.8968661999121607,unknown_1
2.3971762657165527,265,0.05,157.36641221374043,0.8968661999121607,unknown_1
2.4024860858917236,265,0.05,162.36641221374043,0.8968661999121607,unknown_1
2.4122815132141113,265,0.05,160.36641221374043,0.8968661999121607,unknown_1
2.4122815132141113,265,0.05,157.36641221374043,0.8968661999121607,unknown_1
2.4189791679382324,264,0.05,162.36641221374043,0.8934817991577751,unknown_1
2.4189791679382324,264,0.05,162.36641221374043,0.8934817991577751,unknown_1
2.42791748046875,264,0.05,158.36641221374043,0.8934817991577751,unknown_1
2.435176134109497,264,0.05,162.36641221374043,0.8934817991577751,unknown_1
2.435176134109497,264,0.05,163.36641221374043,0.8934817991577751,unknown_1
2.445314884185791,265,0.05,158.36641221374043,0.8968661999121607,unknown_1
2.4517667293548584,265,0.05,161.36641221374043,0.8968661999121607,unknown_1
2.4534595012664795,265,0.05,163.36641221374043,0.8968661999121607,unknown_1
2.4592716693878174,265,0.05,158.36641221374043,0.8968661999121607,unknown_1
2.467719078063965,265,0.05,159.36641221374043,0.8968661999121607,unknown_1
2.4711575508117676,265,0.05,163.36641221374043,0.8968661999121607,unknown_1
2.47636079788208,265,0.05,158.36641221374043,0.8968661999121607,unknown_1
2.4845597743988037,265,0.05,158.36641221374043,0.8968661999121607,unknown_1
2.4871904850006104,265,0.05,163.36641221374043,0.8968661999121607,unknown_1
2.492914915084839,265,0.05,159.36641221374043,0.8968661999121607,unknown_1
2.493543863296509,265,0.05,157.36641221374043,0.8968661999121607,unknown_1
2.5038223266601562,265,0.05,162.36641221374043,0.8968661999121607,unknown_1
2.5093536376953125,265,0.05,159.36641221374043,0.8968661999121607,unknown_1
2.510479688644409,265,0.05,155.36641221374043,0.8968661999121607,unknown_1
2.517789840698242,265,0.05,160.36641221374043,0.8968661999121607,unknown_1
2.5250258445739746,265,0.05,159.36641221374043,0.8968661999121607,unknown_1
2.527550220489502,265,0.05,154.36641221374043,0.8968661999121607,unknown_1
2.533557415008545,265,0.05,159.36641221374043,0.8968661999121607,unknown_1
2.5394701957702637,265,0.05,159.36641221374043,0.8968661999121607,unknown_1
2.5462722778320312,266,0.05,153.36641221374043,0.9002506006665462,unknown_1
2.5468854904174805,266,0.05,156.36641221374043,0.9002506006665462,unknown_1
2.55171537399292,266,0.05,158.36641221374043,0.9002506006665462,unknown_1
2.5608065128326416,266,0.05,152.36641221374043,0.9002506006665462,unknown_1
2.5608065128326416,266,0.05,155.36641221374043,0.9002506006665462,unknown_1
2.568664312362671,266,0.05,159.36641221374043,0.9002506006665462,unknown_1
2.5775270462036133,266,0.05,154.36641221374043,0.9002506006665462,unknown_1
2.5775270462036133,266,0.05,155.36641221374043,0.9002506006665462,unknown_1
2.5865912437438965,266,0.05,159.36641221374043,0.9002506006665462,unknown_1
2.594484329223633,266,0.05,154.36641221374043,0.9002506006665462,unknown_1
2.594484329223633,266,0.05,152.36641221374043,0.9002506006665462,unknown_1
2.601151943206787,266,0.05,157.36641221374043,0.9002506006665462,unknown_1
2.6119673252105713,266,0.05,153.36641221374043,0.9002506006665462,unknown_1
2.644904613494873,266,0.05,151.36641221374043,0.9002506006665462,unknown_1
2.6520371437072754,266,0.05,156.36641221374043,0.9002506006665462,unknown_1
2.6520371437072754,266,0.05,155.36641221374043,0.9002506006665462,unknown_1
2.6520371437072754,266,0.05,151.36641221374043,0.9002506006665462,unknown_1
2.6520371437072754,265,0.05,156.36641221374043,0.8968661999121607,unknown_1
2.6520371437072754,265,0.05,155.36641221374043,0.8968661999121607,unknown_1
2.6520371437072754,266,0.05,150.36641221374043,0.9002506006665462,unknown_1
2.661013603210449,266,0.05,154.36641221374043,0.9002506006665462,unknown_1
2.668116331100464,266,0.05,155.36641221374043,0.9002506006665462,unknown_1
2.668116331100464,266,0.05,150.36641221374043,0.9002506006665462,unknown_1
2.668116331100464,266,0.05,153.36641221374043,0.9002506006665462,unknown_1
2.668116331100464,266,0.05,156.36641221374043,0.9002506006665462,unknown_1
2.677110433578491,266,0.05,151.36641221374043,0.9002506006665462,unknown_1
2.685159683227539,266,0.05,153.36641221374043,0.9002506006665462,unknown_1
2.685159683227539,266,0.05,158.36641221374043,0.9002506006665462,unknown_1
2.6938812732696533,266,0.05,155.36641221374043,0.9002506006665462,unknown_1
2.6938812732696533,266,0.05,156.36641221374043,0.9002506006665462,unknown_1
2.7023844718933105,265,0.05,162.36641221374043,0.8968661999121607,unknown_1
2.7093546390533447,265,0.05,159.36641221374043,0.8968661999121607,unknown_1
2.7107532024383545,265,0.05,158.36641221374043,0.8968661999121607,unknown_1
2.720829486846924,265,0.05,164.36641221374043,0.8968661999121607,unknown_1
2.720829486846924,265,0.05,162.36641221374043,0.8968661999121607,unknown_1
2.7285590171813965,265,0.05,159.36641221374043,0.8968661999121607,unknown_1
2.735905885696411,264,0.05,164.36641221374043,0.8934817991577751,unknown_1
2.735905885696411,264,0.05,163.36641221374043,0.8934817991577751,unknown_1
2.7444818019866943,264,0.05,158.36641221374043,0.8934817991577751,unknown_1
2.7444818019866943,264,0.05,163.36641221374043,0.8934817991577751,unknown_1
2.75547194480896,264,0.05,163.36641221374043,0.8934817991577751,unknown_1
2.76129412651062,265,0.05,158.36641221374043,0.8968661999121607,unknown_1
2.76129412651062,265,0.05,161.36641221374043,0.8968661999121607,unknown_1
2.7708914279937744,265,0.05,163.36641221374043,0.8968661999121607,unknown_1
2.778113842010498,265,0.05,157.36641221374043,0.8968661999121607,unknown_1
2.778113842010498,265,0.05,159.36641221374043,0.8968661999121607,unknown_1
2.785454511642456,265,0.05,162.36641221374043,0.8968661999121607,unknown_1
2.7944557666778564,266,0.05,156.36641221374043,0.9002506006665462,unknown_1
2.7944557666778564,266,0.05,156.36641221374043,0.9002506006665462,unknown_1
2.8038382530212402,266,0.05,160.36641221374043,0.9002506006665462,unknown_1
2.8114044666290283,266,0.05,155.36641221374043,0.9002506006665462,unknown_1
2.8114044666290283,266,0.05,154.36641221374043,0.9002506006665462,unknown_1
2.820298910140991,266,0.05,160.36641221374043,0.9002506006665462,unknown_1
2.820298910140991,266,0.05,157.36641221374043,0.9002506006665462,unknown_1
2.8279778957366943,266,0.05,155.36641221374043,0.9002506006665462,unknown_1
2.8368542194366455,265,0.05,162.36641221374043,0.8968661999121607,unknown_1
2.8368542194366455,265,0.05,161.36641221374043,0.8968661999121607,unknown_1
2.844393730163574,265,0.05,157.36641221374043,0.8968661999121607,unknown_1
2.8518214225769043,264,0.05,163.36641221374043,0.8934817991577751,unknown_1
2.8533453941345215,264,0.05,164.36641221374043,0.8934817991577751,unknown_1
2.86033296585083,264,0.05,159.36641221374043,0.8934817991577751,unknown_1
2.8681933879852295,264,0.05,164.36641221374043,0.8934817991577751,unknown_1
2.8681933879852295,264,0.05,167.36641221374043,0.8934817991577751,unknown_1
2.8775362968444824,264,0.05,162.36641221374043,0.8934817991577751,unknown_1
2.884486675262451,264,0.05,165.36641221374043,0.8934817991577751,unknown_1
2.8885653018951416,264,0.05,169.36641221374043,0.8934817991577751,unknown_1
2.8919155597686768,264,0.05,164.36641221374043,0.8934817991577751,unknown_1
2.8947391510009766,264,0.05,165.36641221374043,0.8934817991577751,unknown_1
2.902322769165039,264,0.05,170.36641221374043,0.8934817991577751,unknown_1
2.910984754562378,264,0.05,165.36641221374043,0.8934817991577751,unknown_1
2.9110591411590576,264,0.05,164.36641221374043,0.8934817991577751,unknown_1
2.9206533432006836,264,0.05,169.36641221374043,0.8934817991577751,unknown_1
2.9267687797546387,264,0.05,166.36641221374043,0.8934817991577751,unknown_1
2.927476644515991,264,0.05,164.36641221374043,0.8934817991577751,unknown_1
2.937086582183838,263,0.05,170.36641221374043,0.8900973984033895,unknown_1
2.942519187927246,263,0.05,168.36641221374043,0.8900973984033895,unknown_1
2.944274425506592,263,0.05,165.36641221374043,0.8900973984033895,unknown_1
2.9510936737060547,263,0.05,170.36641221374043,0.8900973984033895,unknown_1
2.960381269454956,263,0.05,169.36641221374043,0.8900973984033895,unknown_1
2.960940361022949,263,0.05,164.36641221374043,0.8900973984033895,unknown_1
2.9677343368530273,263,0.05,169.36641221374043,0.8900973984033895,unknown_1
2.9677343368530273,263,0.05,170.36641221374043,0.8900973984033895,unknown_1
2.977928876876831,264,0.05,164.36641221374043,0.8934817991577751,unknown_1
2.977928876876831,264,0.05,167.36641221374043,0.8934817991577751,unknown_1
2.9857096672058105,264,0.05,170.36641221374043,0.8934817991577751,unknown_1
2.99462890625,264,0.05,164.36641221374043,0.8934817991577751,unknown_1
2.99462890625,264,0.05,165.36641221374043,0.8934817991577751,unknown_1
3.004350423812866,264,0.05,170.36641221374043,0.8934817991577751,unknown_1
3.0119762420654297,264,0.05,165.36641221374043,0.8934817991577751,unknown_1
3.0119762420654297,264,0.05,165.36641221374043,0.8934817991577751,unknown_1
3.019059181213379,264,0.05,170.36641221374043,0.8934817991577751,unknown_1
3.0216174125671387,264,0.05,166.36641221374043,0.8934817991577751,unknown_1
3.0286593437194824,264,0.05,164.36641221374043,0.8934817991577751,unknown_1
3.035402536392212,264,0.05,170.36641221374043,0.8934817991577751,unknown_1
3.037795305252075,264,0.05,167.36641221374043,0.8934817991577751,unknown_1
3.0471723079681396,264,0.05,165.36641221374043,0.8934817991577751,unknown_1
3.053252696990967,263,0.05,171.36641221374043,0.8900973984033895,unknown_1
3.0577635765075684,263,0.05,170.36641221374043,0.8900973984033895,unknown_1
3.06097412109375,263,0.05,166.36641221374043,0.8900973984033895,unknown_1
3.068378448486328,262,0.05,171.36641221374043,0.886712997649004,unknown_1
3.068378448486328,262,0.05,171.36641221374043,0.886712997649004,unknown_1
3.077805757522583,263,0.05,166.36641221374043,0.8900973984033895,unknown_1
3.084733724594116,263,0.05,170.36641221374043,0.8900973984033895,unknown_1
3.0903429985046387,263,0.05,172.36641221374043,0.8900973984033895,unknown_1
3.0953359603881836,263,0.05,167.36641221374043,0.8900973984033895,unknown_1
3.102280616760254,263,0.05,169.36641221374043,0.8900973984033895,unknown_1
3.106731414794922,263,0.05,173.36641221374043,0.8900973984033895,unknown_1
3.11106014251709,263,0.05,168.36641221374043,0.8900973984033895,unknown_1
3.11106014251709,263,0.05,168.36641221374043,0.8900973984033895,unknown_1
3.118502378463745,263,0.05,173.36641221374043,0.8900973984033895,unknown_1
3.1264588832855225,263,0.05,169.36641221374043,0.8900973984033895,unknown_1
3.1264588832855225,263,0.05,168.36641221374043,0.8900973984033895,unknown_1
3.1376073360443115,263,0.05,173.36641221374043,0.8900973984033895,unknown_1
3.1430907249450684,263,0.05,171.36641221374043,0.8900973984033895,unknown_1
3.144535779953003,263,0.05,168.36641221374043,0.8900973984033895,unknown_1
3.152141809463501,262,0.05,173.36641221374043,0.886712997649004,unknown_1
3.1619973182678223,262,0.05,171.36641221374043,0.886712997649004,unknown_1
3.1619973182678223,262,0.05,167.36641221374043,0.886712997649004,unknown_1
3.1687164306640625,262,0.05,171.36641221374043,0.886712997649004,unknown_1
3.176793098449707,262,0.05,171.36641221374043,0.886712997649004,unknown_1
3.177572250366211,263,0.05,166.36641221374043,0.8900973984033895,unknown_1
3.1852588653564453,263,0.05,170.36641221374043,0.8900973984033895,unknown_1
3.1872446537017822,263,0.05,171.36641221374043,0.8900973984033895,unknown_1
3.194505453109741,263,0.05,166.36641221374043,0.8900973984033895,unknown_1
3.194505453109741,263,0.05,169.36641221374043,0.8900973984033895,unknown_1
3.204270124435425,263,0.05,172.36641221374043,0.8900973984033895,unknown_1
3.2118611335754395,263,0.05,167.36641221374043,0.8900973984033895,unknown_1
3.2118611335754395,263,0.05,169.36641221374043,0.8900973984033895,unknown_1
3.2216274738311768,263,0.05,173.36641221374043,0.8900973984033895,unknown_1
3.2220959663391113,263,0.05,168.36641221374043,0.8900973984033895,unknown_1
3.228550672531128,263,0.05,168.36641221374043,0.8900973984033895,unknown_1
3.2380738258361816,263,0.05,173.36641221374043,0.8900973984033895,unknown_1
3.2380738258361816,263,0.05,169.36641221374043,0.8900973984033895,unknown_1
3.244188070297241,263,0.05,167.36641221374043,0.8900973984033895,unknown_1
3.2519137859344482,263,0.05,172.36641221374043,0.8900973984033895,unknown_1
3.256519079208374,263,0.05,170.36641221374043,0.8900973984033895,unknown_1
3.2608044147491455,263,0.05,167.36641221374043,0.8900973984033895,unknown_1
3.2686662673950195,262,0.05,172.36641221374043,0.886712997649004,unknown_1
3.2745673656463623,262,0.05,172.36641221374043,0.886712997649004,unknown_1
3.2779552936553955,262,0.05,168.36641221374043,0.886712997649004,unknown_1
3.286372184753418,262,0.05,173.36641221374043,0.886712997649004,unknown_1
3.2889792919158936,262,0.05,174.36641221374043,0.886712997649004,unknown_1
3.2945475578308105,262,0.05,170.36641221374043,0.886712997649004,unknown_1
3.3025124073028564,262,0.05,173.36641221374043,0.886712997649004,unknown_1
3.305624008178711,262,0.05,175.36641221374043,0.886712997649004,unknown_1
3.3119924068450928,262,0.05,170.36641221374043,0.886712997649004,unknown_1
3.3119924068450928,262,0.05,172.36641221374043,0.886712997649004,unknown_1
3.3212780952453613,262,0.05,176.36641221374043,0.886712997649004,unknown_1
3.3275532722473145,262,0.05,172.36641221374043,0.886712997649004,unknown_1
3.3275532722473145,262,0.05,173.36641221374043,0.886712997649004,unknown_1
3.3359181880950928,262,0.05,178.36641221374043,0.886712997649004,unknown_1
3.344231128692627,262,0.05,174.36641221374043,0.886712997649004,unknown_1
3.344231128692627,262,0.05,172.36641221374043,0.886712997649004,unknown_1
3.3525679111480713,262,0.05,177.36641221374043,0.886712997649004,unknown_1
3.3614718914031982,262,0.05,174.36641221374043,0.886712997649004,unknown_1
3.3626062870025635,262,0.05,171.36641221374043,0.886712997649004,unknown_1
3.36932635307312,262,0.05,176.36641221374043,0.886712997649004,unknown_1
3.379244565963745,262,0.05,175.36641221374043,0.886712997649004,unknown_1
3.379244565963745,262,0.05,171.36641221374043,0.886712997649004,unknown_1
3.3855552673339844,261,0.05,176.36641221374043,0.8833285968946185,unknown_1
3.389413356781006,261,0.05,176.36641221374043,0.8833285968946185,unknown_1
3.395371437072754,262,0.05,171.36641221374043,0.886712997649004,unknown_1
3.402104616165161,262,0.05,175.36641221374043,0.886712997649004,unknown_1
3.4048001766204834,262,0.05,177.36641221374043,0.886712997649004,unknown_1
3.412381649017334,262,0.05,172.36641221374043,0.886712997649004,unknown_1
3.4186465740203857,262,0.05,174.36641221374043,0.886712997649004,unknown_1
3.4209959506988525,262,0.05,177.36641221374043,0.886712997649004,unknown_1
3.4265167713165283,262,0.05,172.36641221374043,0.886712997649004,unknown_1
3.4351799488067627,262,0.05,173.36641221374043,0.886712997649004,unknown_1
3.438185691833496,262,0.05,177.36641221374043,0.886712997649004,unknown_1
3.4432849884033203,262,0.05,173.36641221374043,0.886712997649004,unknown_1
3.4517362117767334,262,0.05,173.36641221374043,0.886712997649004,unknown_1
3.4517362117767334,262,0.05,178.36641221374043,0.886712997649004,unknown_1
3.4517362117767334,262,0.05,174.36641221374043,0.886712997649004,unknown_1
3.462214946746826,262,0.05,172.36641221374043,0.886712997649004,unknown_1
3.4714314937591553,262,0.05,177.36641221374043,0.886712997649004,unknown_1
3.4714314937591553,262,0.05,175.36641221374043,0.886712997649004,unknown_1
3.4781954288482666,262,0.05,171.36641221374043,0.886712997649004,unknown_1
3.4878106117248535,261,0.05,176.36641221374043,0.8833285968946185,unknown_1
3.491508722305298,261,0.05,175.36641221374043,0.8833285968946185,unknown_1
3.4958059787750244,262,0.05,170.36641221374043,0.886712997649004,unknown_1
3.5042331218719482,262,0.05,174.36641221374043,0.886712997649004,unknown_1
3.5042331218719482,262,0.05,175.36641221374043,0.886712997649004,unknown_1
3.5107309818267822,262,0.05,170.36641221374043,0.886712997649004,unknown_1
3.5107309818267822,262,0.05,174.36641221374043,0.886712997649004,unknown_1
3.520749807357788,262,0.05,177.36641221374043,0.886712997649004,unknown_1
3.527477741241455,262,0.05,172.36641221374043,0.886712997649004,unknown_1
3.527477741241455,262,0.05,174.36641221374043,0.886712997649004,unknown_1
3.539536952972412,262,0.05,178.36641221374043,0.886712997649004,unknown_1
3.544238567352295,262,0.05,173.36641221374043,0.886712997649004,unknown_1
3.544238567352295,262,0.05,173.36641221374043,0.886712997649004,unknown_1
3.550926685333252,262,0.05,178.36641221374043,0.886712997649004,unknown_1
3.561213254928589,262,0.05,174.36641221374043,0.886712997649004,unknown_1
3.5658211708068848,262,0.05,173.36641221374043,0.886712997649004,unknown_1
3.5682291984558105,262,0.05,178.36641221374043,0.886712997649004,unknown_1
3.5777854919433594,262,0.05,175.36641221374043,0.886712997649004,unknown_1
3.5777854919433594,262,0.05,171.36641221374043,0.886712997649004,unknown_1
3.5858547687530518,262,0.05,176.36641221374043,0.886712997649004,unknown_1
3.5858547687530518,262,0.05,174.36641221374043,0.886712997649004,unknown_1
3.5923757553100586,262,0.05,170.36641221374043,0.886712997649004,unknown_1
3.5996854305267334,261,0.05,175.36641221374043,0.8833285968946185,unknown_1
3.602994680404663,261,0.05,176.36641221374043,0.8833285968946185,unknown_1
3.6111910343170166,262,0.05,171.36641221374043,0.886712997649004,unknown_1
3.6157937049865723,262,0.05,175.36641221374043,0.886712997649004,unknown_1
3.6157937049865723,262,0.05,177.36641221374043,0.886712997649004,unknown_1
3.6265461444854736,262,0.05,172.36641221374043,0.886712997649004,unknown_1
3.6324076652526855,262,0.05,175.36641221374043,0.886712997649004,unknown_1
3.6324076652526855,262,0.05,179.36641221374043,0.886712997649004,unknown_1
3.6419241428375244,262,0.05,174.36641221374043,0.886712997649004,unknown_1
3.6508030891418457,262,0.05,175.36641221374043,0.886712997649004,unknown_1
3.6542105674743652,262,0.05,180.36641221374043,0.886712997649004,unknown_1
3.6607885360717773,262,0.05,175.36641221374043,0.886712997649004,unknown_1
3.6684539318084717,262,0.05,174.36641221374043,0.886712997649004,unknown_1
3.6719677448272705,262,0.05,179.36641221374043,0.886712997649004,unknown_1
3.676515579223633,262,0.05,176.36641221374043,0.886712997649004,unknown_1
3.678473711013794,262,0.05,173.36641221374043,0.886712997649004,unknown_1
3.6853199005126953,261,0.05,179.36641221374043,0.8833285968946185,unknown_1
3.6924362182617188,261,0.05,177.36641221374043,0.8833285968946185,unknown_1
3.695061445236206,261,0.05,174.36641221374043,0.8833285968946185,unknown_1
3.7036304473876953,261,0.05,179.36641221374043,0.8833285968946185,unknown_1
3.706660270690918,261,0.05,179.36641221374043,0.8833285968946185,unknown_1
3.7106213569641113,261,0.05,174.36641221374043,0.8833285968946185,unknown_1
3.7106213569641113,261,0.05,179.36641221374043,0.8833285968946185,unknown_1
3.722519636154175,261,0.05,180.36641221374043,0.8833285968946185,unknown_1
3.727435827255249,261,0.05,175.36641221374043,0.8833285968946185,unknown_1
3.727435827255249,261,0.05,178.36641221374043,0.8833285968946185,unknown_1
3.737769842147827,261,0.05,181.36641221374043,0.8833285968946185,unknown_1
3.7440109252929688,261,0.05,176.36641221374043,0.8833285968946185,unknown_1
3.7440109252929688,261,0.05,177.36641221374043,0.8833285968946185,unknown_1
3.7523348331451416,261,0.05,181.36641221374043,0.8833285968946185,unknown_1
3.7626194953918457,262,0.05,176.36641221374043,0.886712997649004,unknown_1
3.7719080448150635,262,0.05,176.36641221374043,0.886712997649004,unknown_1
3.7719080448150635,262,0.05,181.36641221374043,0.886712997649004,unknown_1
3.7768921852111816,262,0.05,178.36641221374043,0.886712997649004,unknown_1
3.7768921852111816,262,0.05,176.36641221374043,0.886712997649004,unknown_1
3.7852869033813477,261,0.05,182.36641221374043,0.8833285968946185,unknown_1
3.788144588470459,261,0.05,179.36641221374043,0.8833285968946185,unknown_1
3.7941994667053223,261,0.05,175.36641221374043,0.8833285968946185,unknown_1
3.803276777267456,261,0.05,180.36641221374043,0.8833285968946185,unknown_1
3.803276777267456,261,0.05,179.36641221374043,0.8833285968946185,unknown_1
3.8112502098083496,261,0.05,174.36641221374043,0.8833285968946185,unknown_1
3.81954026222229,261,0.05,179.36641221374043,0.8833285968946185,unknown_1
3.81954026222229,261,0.05,180.36641221374043,0.8833285968946185,unknown_1
3.8274078369140625,261,0.05,175.36641221374043,0.8833285968946185,unknown_1
3.8346633911132812,261,0.05,179.36641221374043,0.8833285968946185,unknown_1
3.837376594543457,261,0.05,182.36641221374043,0.8833285968946185,unknown_1
3.843623638153076,261,0.05,177.36641221374043,0.8833285968946185,unknown_1
3.8510005474090576,261,0.05,179.36641221374043,0.8833285968946185,unknown_1
3.8510005474090576,261,0.05,183.36641221374043,0.8833285968946185,unknown_1
3.858764171600342,261,0.05,178.36641221374043,0.8833285968946185,unknown_1
3.867156505584717,261,0.05,178.36641221374043,0.8833285968946185,unknown_1
3.8703267574310303,261,0.05,182.36641221374043,0.8833285968946185,unknown_1
3.8771188259124756,261,0.05,178.36641221374043,0.8833285968946185,unknown_1
3.87925386428833,261,0.05,177.36641221374043,0.8833285968946185,unknown_1
3.885526180267334,261,0.05,182.36641221374043,0.8833285968946185,unknown_1
3.893099784851074,261,0.05,179.36641221374043,0.8833285968946185,unknown_1
3.893099784851074,261,0.05,177.36641221374043,0.8833285968946185,unknown_1
3.9031646251678467,261,0.05,182.36641221374043,0.8833285968946185,unknown_1
3.908964157104492,261,0.05,180.36641221374043,0.8833285968946185,unknown_1
3.910778522491455,261,0.05,176.36641221374043,0.8833285968946185,unknown_1
3.917691469192505,260,0.05,181.36641221374043,0.879944196140233,unknown_1
3.9260940551757812,260,0.05,181.36641221374043,0.879944196140233,unknown_1
3.928403615951538,261,0.05,176.36641221374043,0.8833285968946185,unknown_1
3.9342637062072754,261,0.05,180.36641221374043,0.8833285968946185,unknown_1
3.9427859783172607,261,0.05,182.36641221374043,0.8833285968946185,unknown_1
3.945704936981201,261,0.05,177.36641221374043,0.8833285968946185,unknown_1
3.950998306274414,261,0.05,180.36641221374043,0.8833285968946185,unknown_1
3.9535772800445557,261,0.05,184.36641221374043,0.8833285968946185,unknown_1
3.961143970489502,261,0.05,179.36641221374043,0.8833285968946185,unknown_1
3.967510223388672,261,0.05,180.36641221374043,0.8833285968946185,unknown_1
3.9709858894348145,261,0.05,184.36641221374043,0.8833285968946185,unknown_1
3.9795286655426025,261,0.05,179.36641221374043,0.8833285968946185,unknown_1
3.9795286655426025,261,0.05,179.36641221374043,0.8833285968946185,unknown_1
3.985820770263672,261,0.05,184.36641221374043,0.8833285968946185,unknown_1
3.9917361736297607,261,0.05,180.36641221374043,0.8833285968946185,unknown_1
4.000537633895874,261,0.05,179.36641221374043,0.8833285968946185,unknown_1
4.000537633895874,261,0.05,184.36641221374043,0.8833285968946185,unknown_1
4.000537633895874,261,0.05,181.36641221374043,0.8833285968946185,unknown_1
4.011306524276733,261,0.05,178.36641221374043,0.8833285968946185,unknown_1
4.019831895828247,260,0.05,183.36641221374043,0.879944196140233,unknown_1
4.021536111831665,260,0.05,182.36641221374043,0.879944196140233,unknown_1
4.028331995010376,260,0.05,178.36641221374043,0.879944196140233,unknown_1
4.036046028137207,260,0.05,182.36641221374043,0.879944196140233,unknown_1
4.037422180175781,260,0.05,183.36641221374043,0.879944196140233,unknown_1
4.045248985290527,261,0.05,178.36641221374043,0.8833285968946185,unknown_1
4.052536249160767,261,0.05,181.36641221374043,0.8833285968946185,unknown_1
4.055679559707642,261,0.05,183.36641221374043,0.8833285968946185,unknown_1
4.061888217926025,261,0.05,178.36641221374043,0.8833285968946185,unknown_1
4.069347620010376,261,0.05,180.36641221374043,0.8833285968946185,unknown_1
4.072786569595337,261,0.05,184.36641221374043,0.8833285968946185,unknown_1
4.078418493270874,261,0.05,179.36641221374043,0.8833285968946185,unknown_1
4.079775810241699,261,0.05,180.36641221374043,0.8833285968946185,unknown_1
4.08536958694458,261,0.05,185.36641221374043,0.8833285968946185,unknown_1
4.095487594604492,261,0.05,180.36641221374043,0.8833285968946185,unknown_1
4.095487594604492,261,0.05,179.36641221374043,0.8833285968946185,unknown_1
4.102056980133057,261,0.05,184.36641221374043,0.8833285968946185,unknown_1
4.110178232192993,261,0.05,181.36641221374043,0.8833285968946185,unknown_1
4.111487627029419,261,0.05,178.36641221374043,0.8833285968946185,unknown_1
4.118879079818726,260,0.05,183.36641221374043,0.879944196140233,unknown_1
4.128244876861572,260,0.05,182.36641221374043,0.879944196140233,unknown_1
4.128244876861572,260,0.05,178.36641221374043,0.879944196140233,unknown_1
4.135034799575806,260,0.05,182.36641221374043,0.879944196140233,unknown_1
4.144744634628296,260,0.05,182.36641221374043,0.879944196140233,unknown_1
4.144744634628296,261,0.05,177.36641221374043,0.8833285968946185,unknown_1
4.151852369308472,261,0.05,180.36641221374043,0.8833285968946185,unknown_1
4.154374599456787,261,0.05,182.36641221374043,0.8833285968946185,unknown_1
4.161375045776367,261,0.05,177.36641221374043,0.8833285968946185,unknown_1
4.168193101882935,261,0.05,179.36641221374043,0.8833285968946185,unknown_1
4.170283079147339,261,0.05,183.36641221374043,0.8833285968946185,unknown_1
4.177844762802124,261,0.05,178.36641221374043,0.8833285968946185,unknown_1
4.184368371963501,261,0.05,179.36641221374043,0.8833285968946185,unknown_1
4.186549663543701,261,0.05,184.36641221374043,0.8833285968946185,unknown_1
4.1943199634552,261,0.05,180.36641221374043,0.8833285968946185,unknown_1
4.1943199634552,261,0.05,179.36641221374043,0.8833285968946185,unknown_1
4.202795028686523,261,0.05,184.36641221374043,0.8833285968946185,unknown_1
4.202795028686523,261,0.05,180.36641221374043,0.8833285968946185,unknown_1
4.211044073104858,261,0.05,177.36641221374043,0.8833285968946185,unknown_1
4.219488620758057,261,0.05,182.36641221374043,0.8833285968946185,unknown_1
4.22518253326416,261,0.05,180.36641221374043,0.8833285968946185,unknown_1
4.2265520095825195,261,0.05,176.36641221374043,0.8833285968946185,unknown_1
4.2360146045684814,260,0.05,181.36641221374043,0.879944196140233,unknown_1
4.2360146045684814,260,0.05,181.36641221374043,0.879944196140233,unknown_1
4.2441229820251465,260,0.05,177.36641221374043,0.879944196140233,unknown_1
4.25074577331543,260,0.05,181.36641221374043,0.879944196140233,unknown_1
4.257567644119263,260,0.05,182.36641221374043,0.879944196140233,unknown_1
4.261916875839233,261,0.05,177.36641221374043,0.8833285968946185,unknown_1
4.268502712249756,261,0.05,180.36641221374043,0.8833285968946185,unknown_1
4.271675109863281,261,0.05,183.36641221374043,0.8833285968946185,unknown_1
4.278541088104248,261,0.05,178.36641221374043,0.8833285968946185,unknown_1
4.278541088104248,261,0.05,180.36641221374043,0.8833285968946185,unknown_1
4.2854838371276855,261,0.05,184.36641221374043,0.8833285968946185,unknown_1
4.2946765422821045,261,0.05,179.36641221374043,0.8833285968946185,unknown_1
4.326891183853149,261,0.05,178.36641221374043,0.8833285968946185,unknown_1
4.327960014343262,261,0.05,183.36641221374043,0.8833285968946185,unknown_1
4.327960014343262,261,0.05,179.36641221374043,0.8833285968946185,unknown_1
4.327960014343262,261,0.05,178.36641221374043,0.8833285968946185,unknown_1
4.327960014343262,261,0.05,183.36641221374043,0.8833285968946185,unknown_1
4.3316650390625,261,0.05,180.36641221374043,0.8833285968946185,unknown_1
4.332383632659912,261,0.05,177.36641221374043,0.8833285968946185,unknown_1
4.344790935516357,261,0.05,182.36641221374043,0.8833285968946185,unknown_1
4.344790935516357,261,0.05,180.36641221374043,0.8833285968946185,unknown_1
4.344790935516357,261,0.05,176.36641221374043,0.8833285968946185,unknown_1
4.351905345916748,260,0.05,181.36641221374043,0.879944196140233,unknown_1
4.351905345916748,260,0.05,181.36641221374043,0.879944196140233,unknown_1
4.363288640975952,261,0.05,176.36641221374043,0.8833285968946185,unknown_1
4.363288640975952,261,0.05,180.36641221374043,0.8833285968946185,unknown_1
4.368914365768433,261,0.05,182.36641221374043,0.8833285968946185,unknown_1
4.377819538116455,261,0.05,177.36641221374043,0.8833285968946185,unknown_1
4.377819538116455,261,0.05,179.36641221374043,0.8833285968946185,unknown_1
4.388864040374756,261,0.05,183.36641221374043,0.8833285968946185,unknown_1
4.397197008132935,261,0.05,178.36641221374043,0.8833285968946185,unknown_1
4.401309967041016,261,0.05,178.36641221374043,0.8833285968946185,unknown_1
4.403392791748047,261,0.05,182.36641221374043,0.8833285968946185,unknown_1
4.408971309661865,261,0.05,178.36641221374043,0.8833285968946185,unknown_1
4.417419672012329,261,0.05,176.36641221374043,0.8833285968946185,unknown_1
4.4195356369018555,261,0.05,181.36641221374043,0.8833285968946185,unknown_1
4.425647974014282,261,0.05,178.36641221374043,0.8833285968946185,unknown_1
4.434224367141724,261,0.05,175.36641221374043,0.8833285968946185,unknown_1
4.434224367141724,261,0.05,180.36641221374043,0.8833285968946185,unknown_1
4.434224367141724,261,0.05,179.36641221374043,0.8833285968946185,unknown_1
4.445354461669922,261,0.05,175.36641221374043,0.8833285968946185,unknown_1
4.452628135681152,260,0.05,180.36641221374043,0.879944196140233,unknown_1
4.452628135681152,260,0.05,181.36641221374043,0.879944196140233,unknown_1
4.461945056915283,261,0.05,176.36641221374043,0.8833285968946185,unknown_1
4.469341993331909,261,0.05,180.36641221374043,0.8833285968946185,unknown_1
4.474673748016357,261,0.05,182.36641221374043,0.8833285968946185,unknown_1
4.479497909545898,261,0.05,177.36641221374043,0.8833285968946185,unknown_1
4.479497909545898,261,0.05,180.36641221374043,0.8833285968946185,unknown_1
4.48809552192688,261,0.05,183.36641221374043,0.8833285968946185,unknown_1
4.494282007217407,261,0.05,178.36641221374043,0.8833285968946185,unknown_1
4.494282007217407,261,0.05,179.36641221374043,0.8833285968946185,unknown_1
4.503777980804443,261,0.05,183.36641221374043,0.8833285968946185,unknown_1
4.510749101638794,261,0.05,178.36641221374043,0.8833285968946185,unknown_1
4.510749101638794,261,0.05,178.36641221374043,0.8833285968946185,unknown_1
4.518957138061523,261,0.05,183.36641221374043,0.8833285968946185,unknown_1
4.528668403625488,261,0.05,179.36641221374043,0.8833285968946185,unknown_1
4.528668403625488,261,0.05,177.36641221374043,0.8833285968946185,unknown_1
4.536097526550293,261,0.05,182.36641221374043,0.8833285968946185,unknown_1
4.544899225234985,261,0.05,180.36641221374043,0.8833285968946185,unknown_1
4.544899225234985,261,0.05,176.36641221374043,0.8833285968946185,unknown_1
4.552802324295044,260,0.05,181.36641221374043,0.879944196140233,unknown_1
4.560791492462158,260,0.05,181.36641221374043,0.879944196140233,unknown_1
4.561891078948975,260,0.05,177.36641221374043,0.879944196140233,unknown_1
4.569289922714233,260,0.05,181.36641221374043,0.879944196140233,unknown_1
4.5716798305511475,260,0.05,182.36641221374043,0.879944196140233,unknown_1
4.578221559524536,261,0.05,177.36641221374043,0.8833285968946185,unknown_1
4.586136341094971,261,0.05,180.36641221374043,0.8833285968946185,unknown_1
4.587237119674683,261,0.05,182.36641221374043,0.8833285968946185,unknown_1
4.598008871078491,261,0.05,177.36641221374043,0.8833285968946185,unknown_1
4.6021857261657715,261,0.05,179.36641221374043,0.8833285968946185,unknown_1
4.603465557098389,261,0.05,183.36641221374043,0.8833285968946185,unknown_1
4.609560251235962,261,0.05,178.36641221374043,0.8833285968946185,unknown_1
4.617994070053101,261,0.05,178.36641221374043,0.8833285968946185,unknown_1
4.617994070053101,261,0.05,183.36641221374043,0.8833285968946185,unknown_1
4.626223087310791,261,0.05,179.36641221374043,0.8833285968946185,unknown_1
4.634701251983643,261,0.05,177.36641221374043,0.8833285968946185,unknown_1
4.638900518417358,261,0.05,182.36641221374043,0.8833285968946185,unknown_1
4.642565727233887,261,0.05,180.36641221374043,0.8833285968946185,unknown_1
4.644687175750732,261,0.05,177.36641221374043,0.8833285968946185,unknown_1
4.652563810348511,260,0.05,182.36641221374043,0.879944196140233,unknown_1
4.658883571624756,260,0.05,181.36641221374043,0.879944196140233,unknown_1
4.661107540130615,260,0.05,177.36641221374043,0.879944196140233,unknown_1
4.669201850891113,260,0.05,181.36641221374043,0.879944196140233,unknown_1
4.675049781799316,260,0.05,181.36641221374043,0.879944196140233,unknown_1
4.675049781799316,261,0.05,176.36641221374043,0.8833285968946185,unknown_1
4.683372735977173,261,0.05,180.36641221374043,0.8833285968946185,unknown_1
4.691543102264404,261,0.05,182.36641221374043,0.8833285968946185,unknown_1
4.693477392196655,261,0.05,177.36641221374043,0.8833285968946185,unknown_1
4.699649333953857,261,0.05,180.36641221374043,0.8833285968946185,unknown_1
4.70789909362793,261,0.05,184.36641221374043,0.8833285968946185,unknown_1
4.711463212966919,261,0.05,179.36641221374043,0.8833285968946185,unknown_1
4.7163121700286865,261,0.05,180.36641221374043,0.8833285968946185,unknown_1
4.718133449554443,261,0.05,185.36641221374043,0.8833285968946185,unknown_1
4.7276599407196045,261,0.05,181.36641221374043,0.8833285968946185,unknown_1
4.732215881347656,261,0.05,180.36641221374043,0.8833285968946185,unknown_1
4.732215881347656,260,0.05,185.36641221374043,0.879944196140233,unknown_1
4.744696855545044,260,0.05,182.36641221374043,0.879944196140233,unknown_1
4.748797655105591,260,0.05,180.36641221374043,0.879944196140233,unknown_1
4.750869035720825,260,0.05,184.36641221374043,0.879944196140233,unknown_1
4.760673522949219,260,0.05,182.36641221374043,0.879944196140233,unknown_1
4.765348196029663,260,0.05,179.36641221374043,0.879944196140233,unknown_1
4.765348196029663,260,0.05,183.36641221374043,0.879944196140233,unknown_1
4.773683309555054,260,0.05,182.36641221374043,0.879944196140233,unknown_1
4.781637668609619,260,0.05,178.36641221374043,0.879944196140233,unknown_1
4.781637668609619,260,0.05,182.36641221374043,0.879944196140233,unknown_1
4.790054798126221,260,0.05,183.36641221374043,0.879944196140233,unknown_1
4.797967195510864,261,0.05,178.36641221374043,0.8833285968946185,unknown_1
4.797967195510864,261,0.05,181.36641221374043,0.8833285968946185,unknown_1
4.806262731552124,261,0.05,184.36641221374043,0.8833285968946185,unknown_1
4.81157922744751,261,0.05,179.36641221374043,0.8833285968946185,unknown_1
4.814181566238403,261,0.05,181.36641221374043,0.8833285968946185,unknown_1
4.822619676589966,261,0.05,186.36641221374043,0.8833285968946185,unknown_1
4.827501535415649,261,0.05,181.36641221374043,0.8833285968946185,unknown_1
4.83085560798645,261,0.05,180.36641221374043,0.8833285968946185,unknown_1
4.839055061340332,261,0.05,185.36641221374043,0.8833285968946185,unknown_1
4.840890169143677,261,0.05,180.36641221374043,0.8833285968946185,unknown_1
4.847360372543335,261,0.05,178.36641221374043,0.8833285968946185,unknown_1
4.855732202529907,261,0.05,183.36641221374043,0.8833285968946185,unknown_1
4.8603832721710205,261,0.05,181.36641221374043,0.8833285968946185,unknown_1
4.863969326019287,261,0.05,178.36641221374043,0.8833285968946185,unknown_1
4.872286319732666,260,0.05,183.36641221374043,0.879944196140233,unknown_1
4.87476658821106,260,0.05,181.36641221374043,0.879944196140233,unknown_1
4.880085229873657,260,0.05,177.36641221374043,0.879944196140233,unknown_1
4.880085229873657,260,0.05,181.36641221374043,0.879944196140233,unknown_1
4.888397932052612,260,0.05,181.36641221374043,0.879944196140233,unknown_1
4.896010398864746,261,0.05,176.36641221374043,0.8833285968946185,unknown_1
4.896010398864746,261,0.05,180.36641221374043,0.8833285968946185,unknown_1
4.905806064605713,261,0.05,182.36641221374043,0.8833285968946185,unknown_1
4.912132501602173,261,0.05,177.36641221374043,0.8833285968946185,unknown_1
4.912132501602173,261,0.05,180.36641221374043,0.8833285968946185,unknown_1
4.921902656555176,261,0.05,184.36641221374043,0.8833285968946185,unknown_1
4.92829442024231,261,0.05,179.36641221374043,0.8833285968946185,unknown_1
4.92829442024231,261,0.05,180.36641221374043,0.8833285968946185,unknown_1
4.937905550003052,261,0.05,185.36641221374043,0.8833285968946185,unknown_1
4.944692134857178,261,0.05,180.36641221374043,0.8833285968946185,unknown_1
4.944692134857178,261,0.05,179.36641221374043,0.8833285968946185,unknown_1
4.95304012298584,261,0.05,184.36641221374043,0.8833285968946185,unknown_1
4.961884260177612,261,0.05,181.36641221374043,0.8833285968946185,unknown_1
4.961884260177612,261,0.05,179.36641221374043,0.8833285968946185,unknown_1
4.96970009803772,260,0.05,184.36641221374043,0.879944196140233,unknown_1
4.972974538803101,260,0.05,182.36641221374043,0.879944196140233,unknown_1
4.978559970855713,260,0.05,179.36641221374043,0.879944196140233,unknown_1
4.987203121185303,260,0.05,183.36641221374043,0.879944196140233,unknown_1
4.98729133605957,260,0.05,182.36641221374043,0.879944196140233,unknown_1
4.995415449142456,260,0.05,178.36641221374043,0.879944196140233,unknown_1
5.0017781257629395,260,0.05,182.36641221374043,0.879944196140233,unknown_1
5.007404327392578,260,0.05,183.36641221374043,0.879944196140233,unknown_1
5.0112810134887695,261,0.05,178.36641221374043,0.8833285968946185,unknown_1
5.018166780471802,261,0.05,181.36641221374043,0.8833285968946185,unknown_1
5.018166780471802,261,0.05,184.36641221374043,0.8833285968946185,unknown_1
5.027330160140991,261,0.05,179.36641221374043,0.8833285968946185,unknown_1
5.034892797470093,261,0.05,180.36641221374043,0.8833285968946185,unknown_1
5.034892797470093,261,0.05,184.36641221374043,0.8833285968946185,unknown_1
5.043179750442505,261,0.05,179.36641221374043,0.8833285968946185,unknown_1
5.043179750442505,261,0.05,178.36641221374043,0.8833285968946185,unknown_1
5.053715229034424,261,0.05,183.36641221374043,0.8833285968946185,unknown_1
5.0598304271698,261,0.05,179.36641221374043,0.8833285968946185,unknown_1
5.0598304271698,261,0.05,177.36641221374043,0.8833285968946185,unknown_1
5.068178653717041,261,0.05,182.36641221374043,0.8833285968946185,unknown_1
5.076403617858887,261,0.05,180.36641221374043,0.8833285968946185,unknown_1
5.0786216259002686,261,0.05,177.36641221374043,0.8833285968946185,unknown_1
5.085005044937134,260,0.05,182.36641221374043,0.879944196140233,unknown_1
5.095093727111816,260,0.05,182.36641221374043,0.879944196140233,unknown_1
5.095093727111816,260,0.05,178.36641221374043,0.879944196140233,unknown_1
5.1016011238098145,260,0.05,182.36641221374043,0.879944196140233,unknown_1
5.110188722610474,260,0.05,183.36641221374043,0.879944196140233,unknown_1
5.1133317947387695,261,0.05,178.36641221374043,0.8833285968946185,unknown_1
5.118093490600586,261,0.05,181.36641221374043,0.8833285968946185,unknown_1
5.126375675201416,261,0.05,183.36641221374043,0.8833285968946185,unknown_1
5.129896640777588,261,0.05,178.36641221374043,0.8833285968946185,unknown_1
5.134631633758545,261,0.05,179.36641221374043,0.8833285968946185,unknown_1
5.137665271759033,261,0.05,183.36641221374043,0.8833285968946185,unknown_1
5.144677400588989,261,0.05,178.36641221374043,0.8833285968946185,unknown_1
5.151194334030151,261,0.05,178.36641221374043,0.8833285968946185,unknown_1
5.153347730636597,261,0.05,183.36641221374043,0.8833285968946185,unknown_1
5.161626577377319,261,0.05,179.36641221374043,0.8833285968946185,unknown_1
5.161626577377319,261,0.05,178.36641221374043,0.8833285968946185,unknown_1
5.170006990432739,261,0.05,183.36641221374043,0.8833285968946185,unknown_1
5.175635099411011,261,0.05,181.36641221374043,0.8833285968946185,unknown_1
5.177876949310303,261,0.05,178.36641221374043,0.8833285968946185,unknown_1
5.185006856918335,260,0.05,183.36641221374043,0.879944196140233,unknown_1
5.185006856918335,260,0.05,181.36641221374043,0.879944196140233,unknown_1
5.194565296173096,260,0.05,177.36641221374043,0.879944196140233,unknown_1
5.2039854526519775,260,0.05,181.36641221374043,0.879944196140233,unknown_1
5.2039854526519775,260,0.05,181.36641221374043,0.879944196140233,unknown_1
5.210843086242676,261,0.05,176.36641221374043,0.8833285968946185,unknown_1
5.21871018409729,261,0.05,180.36641221374043,0.8833285968946185,unknown_1
5.223960876464844,261,0.05,182.36641221374043,0.8833285968946185,unknown_1
5.2275848388671875,261,0.05,177.36641221374043,0.8833285968946185,unknown_1
5.235479831695557,261,0.05,180.36641221374043,0.8833285968946185,unknown_1
5.238507032394409,261,0.05,184.36641221374043,0.8833285968946185,unknown_1
5.244886636734009,261,0.05,179.36641221374043,0.8833285968946185,unknown_1
5.244886636734009,261,0.05,180.36641221374043,0.8833285968946185,unknown_1
5.25372314453125,261,0.05,184.36641221374043,0.8833285968946185,unknown_1
5.261279344558716,261,0.05,179.36641221374043,0.8833285968946185,unknown_1
5.261279344558716,261,0.05,178.36641221374043,0.8833285968946185,unknown_1
5.270969867706299,261,0.05,183.36641221374043,0.8833285968946185,unknown_1
5.277673721313477,261,0.05,179.36641221374043,0.8833285968946185,unknown_1
5.277673721313477,261,0.05,178.36641221374043,0.8833285968946185,unknown_1
5.285301923751831,261,0.05,183.36641221374043,0.8833285968946185,unknown_1
5.294230222702026,261,0.05,181.36641221374043,0.8833285968946185,unknown_1
5.294230222702026,261,0.05,178.36641221374043,0.8833285968946185,unknown_1
5.300872087478638,260,0.05,184.36641221374043,0.879944196140233,unknown_1
5.310372591018677,260,0.05,183.36641221374043,0.879944196140233,unknown_1
5.311156988143921,260,0.05,179.36641221374043,0.879944196140233,unknown_1
5.318339586257935,260,0.05,183.36641221374043,0.879944196140233,unknown_1
5.326493501663208,260,0.05,184.36641221374043,0.879944196140233,unknown_1
5.328393220901489,261,0.05,178.36641221374043,0.8833285968946185,unknown_1
5.334549903869629,261,0.05,181.36641221374043,0.8833285968946185,unknown_1
5.334549903869629,261,0.05,184.36641221374043,0.8833285968946185,unknown_1
5.344060897827148,261,0.05,179.36641221374043,0.8833285968946185,unknown_1
5.351475238800049,261,0.05,180.36641221374043,0.8833285968946185,unknown_1
5.351475238800049,261,0.05,185.36641221374043,0.8833285968946185,unknown_1
5.360796928405762,261,0.05,180.36641221374043,0.8833285968946185,unknown_1
5.367733955383301,261,0.05,180.36641221374043,0.8833285968946185,unknown_1
5.367733955383301,261,0.05,185.36641221374043,0.8833285968946185,unknown_1
5.3754401206970215,261,0.05,181.36641221374043,0.8833285968946185,unknown_1
5.382614374160767,261,0.05,179.36641221374043,0.8833285968946185,unknown_1
5.382614374160767,261,0.05,184.36641221374043,0.8833285968946185,unknown_1
5.39099383354187,261,0.05,181.36641221374043,0.8833285968946185,unknown_1
5.399324417114258,261,0.05,178.36641221374043,0.8833285968946185,unknown_1
5.404383659362793,260,0.05,183.36641221374043,0.879944196140233,unknown_1
5.408847093582153,260,0.05,182.36641221374043,0.879944196140233,unknown_1
5.408847093582153,260,0.05,178.36641221374043,0.879944196140233,unknown_1
5.417712926864624,260,0.05,182.36641221374043,0.879944196140233,unknown_1
5.42417049407959,260,0.05,182.36641221374043,0.879944196140233,unknown_1
5.427324533462524,261,0.05,177.36641221374043,0.8833285968946185,unknown_1
5.4340338706970215,261,0.05,180.36641221374043,0.8833285968946185,unknown_1
5.440495014190674,261,0.05,182.36641221374043,0.8833285968946185,unknown_1
5.444464683532715,261,0.05,177.36641221374043,0.8833285968946185,unknown_1
5.449086904525757,261,0.05,180.36641221374043,0.8833285968946185,unknown_1
5.457587242126465,261,0.05,184.36641221374043,0.8833285968946185,unknown_1
5.460914373397827,261,0.05,179.36641221374043,0.8833285968946185,unknown_1
5.465548038482666,261,0.05,180.36641221374043,0.8833285968946185,unknown_1
5.473765850067139,261,0.05,185.36641221374043,0.8833285968946185,unknown_1
5.47751784324646,261,0.05,180.36641221374043,0.8833285968946185,unknown_1
5.482172966003418,261,0.05,179.36641221374043,0.8833285968946185,unknown_1
5.49056339263916,261,0.05,184.36641221374043,0.8833285968946185,unknown_1
5.495477914810181,261,0.05,181.36641221374043,0.8833285968946185,unknown_1
5.49864935874939,261,0.05,178.36641221374043,0.8833285968946185,unknown_1
5.49864935874939,260,0.05,183.36641221374043,0.879944196140233,unknown_1
5.511104583740234,260,0.05,181.36641221374043,0.879944196140233,unknown_1
5.515261173248291,260,0.05,177.36641221374043,0.879944196140233,unknown_1
5.515261173248291,260,0.05,181.36641221374043,0.879944196140233,unknown_1
5.527639627456665,260,0.05,181.36641221374043,0.879944196140233,unknown_1
5.531838417053223,261,0.05,176.36641221374043,0.8833285968946185,unknown_1
5.531838417053223,261,0.05,180.36641221374043,0.8833285968946185,unknown_1
5.540140867233276,261,0.05,182.36641221374043,0.8833285968946185,unknown_1
5.548217535018921,261,0.05,177.36641221374043,0.8833285968946185,unknown_1
5.548217535018921,261,0.05,180.36641221374043,0.8833285968946185,unknown_1
5.556434154510498,261,0.05,184.36641221374043,0.8833285968946185,unknown_1
5.56439208984375,261,0.05,179.36641221374043,0.8833285968946185,unknown_1
5.56439208984375,261,0.05,180.36641221374043,0.8833285968946185,unknown_1
5.57277250289917,261,0.05,184.36641221374043,0.8833285968946185,unknown_1
5.574384450912476,261,0.05,179.36641221374043,0.8833285968946185,unknown_1
5.580988168716431,261,0.05,178.36641221374043,0.8833285968946185,unknown_1
5.589252710342407,261,0.05,183.36641221374043,0.8833285968946185,unknown_1
5.590782642364502,261,0.05,179.36641221374043,0.8833285968946185,unknown_1
5.596952676773071,261,0.05,178.36641221374043,0.8833285968946185,unknown_1
5.6053385734558105,261,0.05,183.36641221374043,0.8833285968946185,unknown_1
5.6053385734558105,261,0.05,181.36641221374043,0.8833285968946185,unknown_1
5.613668918609619,261,0.05,178.36641221374043,0.8833285968946185,unknown_1
5.619028806686401,260,0.05,183.36641221374043,0.879944196140233,unknown_1
5.625872611999512,260,0.05,181.36641221374043,0.879944196140233,unknown_1
5.627448797225952,260,0.05,177.36641221374043,0.879944196140233,unknown_1
5.63051176071167,260,0.05,181.36641221374043,0.879944196140233,unknown_1
5.642115354537964,260,0.05,181.36641221374043,0.879944196140233,unknown_1
5.645023584365845,261,0.05,176.36641221374043,0.8833285968946185,unknown_1
5.647076368331909,261,0.05,180.36641221374043,0.8833285968946185,unknown_1
5.657773971557617,261,0.05,182.36641221374043,0.8833285968946185,unknown_1
5.6608946323394775,261,0.05,177.36641221374043,0.8833285968946185,unknown_1
5.66340970993042,261,0.05,179.36641221374043,0.8833285968946185,unknown_1
5.671793699264526,261,0.05,183.36641221374043,0.8833285968946185,unknown_1
5.678690195083618,261,0.05,178.36641221374043,0.8833285968946185,unknown_1
5.679721117019653,261,0.05,178.36641221374043,0.8833285968946185,unknown_1
5.6893696784973145,261,0.05,183.36641221374043,0.8833285968946185,unknown_1
5.695727586746216,261,0.05,179.36641221374043,0.8833285968946185,unknown_1
5.695727586746216,261,0.05,177.36641221374043,0.8833285968946185,unknown_1
5.70400071144104,261,0.05,182.36641221374043,0.8833285968946185,unknown_1
5.711792230606079,261,0.05,179.36641221374043,0.8833285968946185,unknown_1
5.712928295135498,261,0.05,176.36641221374043,0.8833285968946185,unknown_1
5.72013783454895,261,0.05,181.36641221374043,0.8833285968946185,unknown_1
5.728390216827393,261,0.05,180.36641221374043,0.8833285968946185,unknown_1
5.728390216827393,261,0.05,176.36641221374043,0.8833285968946185,unknown_1
5.736544609069824,260,0.05,181.36641221374043,0.879944196140233,unknown_1
5.736544609069824,260,0.05,181.36641221374043,0.879944196140233,unknown_1
5.744854927062988,261,0.05,176.36641221374043,0.8833285968946185,unknown_1
5.753209590911865,261,0.05,180.36641221374043,0.8833285968946185,unknown_1
5.754634857177734,261,0.05,182.36641221374043,0.8833285968946185,unknown_1
5.760395526885986,261,0.05,177.36641221374043,0.8833285968946185,unknown_1
5.768573999404907,261,0.05,180.36641221374043,0.8833285968946185,unknown_1
5.7720019817352295,261,0.05,184.36641221374043,0.8833285968946185,unknown_1
5.776435136795044,261,0.05,179.36641221374043,0.8833285968946185,unknown_1
5.784835577011108,261,0.05,180.36641221374043,0.8833285968946185,unknown_1
5.787147760391235,261,0.05,184.36641221374043,0.8833285968946185,unknown_1
5.794726848602295,261,0.05,179.36641221374043,0.8833285968946185,unknown_1
5.801783800125122,261,0.05,178.36641221374043,0.8833285968946185,unknown_1
5.804824352264404,261,0.05,183.36641221374043,0.8833285968946185,unknown_1
5.810857772827148,261,0.05,179.36641221374043,0.8833285968946185,unknown_1
5.810857772827148,261,0.05,177.36641221374043,0.8833285968946185,unknown_1
5.820003032684326,261,0.05,182.36641221374043,0.8833285968946185,unknown_1
5.827312469482422,261,0.05,180.36641221374043,0.8833285968946185,unknown_1
5.828518629074097,261,0.05,176.36641221374043,0.8833285968946185,unknown_1
5.8364903926849365,260,0.05,181.36641221374043,0.879944196140233,unknown_1
5.84358286857605,260,0.05,181.36641221374043,0.879944196140233,unknown_1
5.844347715377808,260,0.05,177.36641221374043,0.879944196140233,unknown_1
5.851322889328003,260,0.05,181.36641221374043,0.879944196140233,unknown_1
5.859027862548828,260,0.05,183.36641221374043,0.879944196140233,unknown_1
5.859027862548828,260,0.05,179.36641221374043,0.879944196140233,unknown_1
5.867428541183472,260,0.05,182.36641221374043,0.879944196140233,unknown_1
5.875678777694702,260,0.05,185.36641221374043,0.879944196140233,unknown_1
5.877908229827881,261,0.05,180.36641221374043,0.8833285968946185,unknown_1
5.883957386016846,261,0.05,182.36641221374043,0.8833285968946185,unknown_1
5.8919267654418945,261,0.05,186.36641221374043,0.8833285968946185,unknown_1
5.894639015197754,261,0.05,181.36641221374043,0.8833285968946185,unknown_1
5.900372266769409,261,0.05,180.36641221374043,0.8833285968946185,unknown_1
5.900372266769409,261,0.05,185.36641221374043,0.8833285968946185,unknown_1
5.908185005187988,261,0.05,181.36641221374043,0.8833285968946185,unknown_1
5.9166038036346436,261,0.05,179.36641221374043,0.8833285968946185,unknown_1
5.918253660202026,260,0.05,184.36641221374043,0.879944196140233,unknown_1
5.927520036697388,260,0.05,182.36641221374043,0.879944196140233,unknown_1
5.9329822063446045,260,0.05,179.36641221374043,0.879944196140233,unknown_1
5.934766530990601,260,0.05,183.36641221374043,0.879944196140233,unknown_1
5.9407994747161865,260,0.05,181.36641221374043,0.879944196140233,unknown_1
5.94913125038147,260,0.05,177.36641221374043,0.879944196140233,unknown_1
5.94913125038147,260,0.05,181.36641221374043,0.879944196140233,unknown_1
5.95747447013855,260,0.05,181.36641221374043,0.879944196140233,unknown_1
6.001906394958496,261,0.05,176.36641221374043,0.8833285968946185,unknown_1
6.001906394958496,261,0.05,180.36641221374043,0.8833285968946185,unknown_1
6.001906394958496,261,0.05,182.36641221374043,0.8833285968946185,unknown_1
6.001906394958496,261,0.05,177.36641221374043,0.8833285968946185,unknown_1
6.001906394958496,261,0.05,179.36641221374043,0.8833285968946185,unknown_1
6.001906394958496,261,0.05,183.36641221374043,0.8833285968946185,unknown_1
6.018369436264038,261,0.05,178.36641221374043,0.8833285968946185,unknown_1
6.018369436264038,261,0.05,179.36641221374043,0.8833285968946185,unknown_1
6.018369436264038,261,0.05,184.36641221374043,0.8833285968946185,unknown_1
6.027658462524414,261,0.05,180.36641221374043,0.8833285968946185,unknown_1
6.027658462524414,261,0.05,179.36641221374043,0.8833285968946185,unknown_1
6.027658462524414,261,0.05,184.36641221374043,0.8833285968946185,unknown_1
6.027658462524414,261,0.05,181.36641221374043,0.8833285968946185,unknown_1
6.027658462524414,261,0.05,179.36641221374043,0.8833285968946185,unknown_1
6.035365104675293,260,0.05,184.36641221374043,0.879944196140233,unknown_1
6.0445637702941895,260,0.05,182.36641221374043,0.879944196140233,unknown_1
6.0445637702941895,260,0.05,179.36641221374043,0.879944196140233,unknown_1
6.051697254180908,260,0.05,183.36641221374043,0.879944196140233,unknown_1
6.059732437133789,260,0.05,182.36641221374043,0.879944196140233,unknown_1
6.0607757568359375,260,0.05,178.36641221374043,0.879944196140233,unknown_1
6.068096399307251,260,0.05,182.36641221374043,0.879944196140233,unknown_1
6.0761964321136475,260,0.05,183.36641221374043,0.879944196140233,unknown_1
6.078066349029541,261,0.05,178.36641221374043,0.8833285968946185,unknown_1
6.08434271812439,261,0.05,181.36641221374043,0.8833285968946185,unknown_1
6.092763423919678,261,0.05,184.36641221374043,0.8833285968946185,unknown_1
6.096912622451782,261,0.05,179.36641221374043,0.8833285968946185,unknown_1
6.101118326187134,261,0.05,180.36641221374043,0.8833285968946185,unknown_1
6.1041460037231445,261,0.05,184.36641221374043,0.8833285968946185,unknown_1
6.111282587051392,261,0.05,179.36641221374043,0.8833285968946185,unknown_1
6.117567777633667,261,0.05,178.36641221374043,0.8833285968946185,unknown_1
6.1194093227386475,261,0.05,183.36641221374043,0.8833285968946185,unknown_1
6.127726078033447,261,0.05,179.36641221374043,0.8833285968946185,unknown_1
6.133485794067383,261,0.05,178.36641221374043,0.8833285968946185,unknown_1
6.136487245559692,261,0.05,184.36641221374043,0.8833285968946185,unknown_1
6.14096999168396,261,0.05,182.36641221374043,0.8833285968946185,unknown_1
6.149971008300781,261,0.05,178.36641221374043,0.8833285968946185,unknown_1
6.1531898975372314,260,0.05,183.36641221374043,0.879944196140233,unknown_1
6.158021688461304,260,0.05,182.36641221374043,0.879944196140233,unknown_1
6.166552543640137,260,0.05,177.36641221374043,0.879944196140233,unknown_1
6.169252395629883,260,0.05,181.36641221374043,0.879944196140233,unknown_1
6.174577951431274,260,0.05,183.36641221374043,0.879944196140233,unknown_1
6.1779868602752686,260,0.05,179.36641221374043,0.879944196140233,unknown_1
6.182575464248657,260,0.05,182.36641221374043,0.879944196140233,unknown_1
6.190943002700806,260,0.05,184.36641221374043,0.879944196140233,unknown_1
6.194723844528198,261,0.05,179.36641221374043,0.8833285968946185,unknown_1
6.198830842971802,261,0.05,181.36641221374043,0.8833285968946185,unknown_1
6.2073540687561035,261,0.05,184.36641221374043,0.8833285968946185,unknown_1
6.211109399795532,261,0.05,179.36641221374043,0.8833285968946185,unknown_1
6.215212345123291,261,0.05,180.36641221374043,0.8833285968946185,unknown_1
6.223679065704346,261,0.05,185.36641221374043,0.8833285968946185,unknown_1
6.227744102478027,261,0.05,181.36641221374043,0.8833285968946185,unknown_1
6.231804370880127,261,0.05,180.36641221374043,0.8833285968946185,unknown_1
6.240227699279785,260,0.05,185.36641221374043,0.879944196140233,unknown_1
6.244589328765869,260,0.05,182.36641221374043,0.879944196140233,unknown_1
6.248101472854614,260,0.05,179.36641221374043,0.879944196140233,unknown_1
6.2564308643341064,260,0.05,183.36641221374043,0.879944196140233,unknown_1
6.2589452266693115,260,0.05,181.36641221374043,0.879944196140233,unknown_1
6.264520168304443,260,0.05,177.36641221374043,0.879944196140233,unknown_1
6.264520168304443,260,0.05,181.36641221374043,0.879944196140233,unknown_1
6.276888132095337,260,0.05,181.36641221374043,0.879944196140233,unknown_1
6.280951499938965,261,0.05,176.36641221374043,0.8833285968946185,unknown_1
6.280951499938965,261,0.05,180.36641221374043,0.8833285968946185,unknown_1
6.291707277297974,261,0.05,182.36641221374043,0.8833285968946185,unknown_1
6.297499895095825,261,0.05,177.36641221374043,0.8833285968946185,unknown_1
6.297499895095825,261,0.05,180.36641221374043,0.8833285968946185,unknown_1
6.305859565734863,261,0.05,183.36641221374043,0.8833285968946185,unknown_1
6.31370735168457,261,0.05,178.36641221374043,0.8833285968946185,unknown_1
6.31370735168457,261,0.05,178.36641221374043,0.8833285968946185,unknown_1
6.322031497955322,261,0.05,182.36641221374043,0.8833285968946185,unknown_1
6.329986810684204,261,0.05,177.36641221374043,0.8833285968946185,unknown_1
6.329986810684204,261,0.05,177.36641221374043,0.8833285968946185,unknown_1
6.338365077972412,261,0.05,182.36641221374043,0.8833285968946185,unknown_1
6.3407673835754395,261,0.05,179.36641221374043,0.8833285968946185,unknown_1
6.3465306758880615,261,0.05,177.36641221374043,0.8833285968946185,unknown_1
6.354987621307373,261,0.05,182.36641221374043,0.8833285968946185,unknown_1
6.356539726257324,261,0.05,179.36641221374043,0.8833285968946185,unknown_1
6.362818956375122,261,0.05,175.36641221374043,0.8833285968946185,unknown_1
6.371294975280762,261,0.05,180.36641221374043,0.8833285968946185,unknown_1
6.373175859451294,261,0.05,179.36641221374043,0.8833285968946185,unknown_1
6.379130125045776,261,0.05,174.36641221374043,0.8833285968946185,unknown_1
6.3876214027404785,261,0.05,179.36641221374043,0.8833285968946185,unknown_1
6.389101266860962,261,0.05,180.36641221374043,0.8833285968946185,unknown_1
6.395559787750244,261,0.05,175.36641221374043,0.8833285968946185,unknown_1
6.40392279624939,261,0.05,178.36641221374043,0.8833285968946185,unknown_1
6.407549142837524,261,0.05,181.36641221374043,0.8833285968946185,unknown_1
6.412029981613159,262,0.05,175.36641221374043,0.886712997649004,unknown_1
6.4203832149505615,262,0.05,177.36641221374043,0.886712997649004,unknown_1
6.4228174686431885,262,0.05,181.36641221374043,0.886712997649004,unknown_1
6.428027391433716,262,0.05,177.36641221374043,0.886712997649004,unknown_1
6.428027391433716,262,0.05,177.36641221374043,0.886712997649004,unknown_1
6.436394929885864,261,0.05,183.36641221374043,0.8833285968946185,unknown_1
6.444909334182739,262,0.05,178.36641221374043,0.886712997649004,unknown_1
6.444909334182739,262,0.05,176.36641221374043,0.886712997649004,unknown_1
6.452713251113892,262,0.05,181.36641221374043,0.886712997649004,unknown_1
6.460761547088623,262,0.05,178.36641221374043,0.886712997649004,unknown_1
6.460761547088623,262,0.05,175.36641221374043,0.886712997649004,unknown_1
6.4691386222839355,261,0.05,181.36641221374043,0.8833285968946185,unknown_1
6.477261066436768,261,0.05,180.36641221374043,0.8833285968946185,unknown_1
6.477261066436768,261,0.05,176.36641221374043,0.8833285968946185,unknown_1
6.485716819763184,260,0.05,181.36641221374043,0.879944196140233,unknown_1
6.497492074966431,260,0.05,181.36641221374043,0.879944196140233,unknown_1
6.497492074966431,261,0.05,176.36641221374043,0.8833285968946185,unknown_1
6.502185106277466,261,0.05,180.36641221374043,0.8833285968946185,unknown_1
6.502185106277466,261,0.05,182.36641221374043,0.8833285968946185,unknown_1
6.509789228439331,261,0.05,177.36641221374043,0.8833285968946185,unknown_1
6.5180535316467285,261,0.05,179.36641221374043,0.8833285968946185,unknown_1
6.51977276802063,261,0.05,183.36641221374043,0.8833285968946185,unknown_1
6.527726650238037,261,0.05,178.36641221374043,0.8833285968946185,unknown_1
6.5341198444366455,261,0.05,179.36641221374043,0.8833285968946185,unknown_1
6.5356292724609375,261,0.05,184.36641221374043,0.8833285968946185,unknown_1
6.544876575469971,261,0.05,180.36641221374043,0.8833285968946185,unknown_1
6.551281929016113,261,0.05,179.36641221374043,0.8833285968946185,unknown_1
6.553087949752808,261,0.05,184.36641221374043,0.8833285968946185,unknown_1
6.558828353881836,261,0.05,180.36641221374043,0.8833285968946185,unknown_1
6.5677149295806885,261,0.05,177.36641221374043,0.8833285968946185,unknown_1
6.5677149295806885,261,0.05,182.36641221374043,0.8833285968946185,unknown_1
6.575873851776123,261,0.05,180.36641221374043,0.8833285968946185,unknown_1
6.584259986877441,261,0.05,176.36641221374043,0.8833285968946185,unknown_1
6.584259986877441,260,0.05,181.36641221374043,0.879944196140233,unknown_1
6.5922558307647705,260,0.05,180.36641221374043,0.879944196140233,unknown_1
6.594486236572266,261,0.05,175.36641221374043,0.8833285968946185,unknown_1
6.602754354476929,261,0.05,179.36641221374043,0.8833285968946185,unknown_1
6.60907244682312,261,0.05,180.36641221374043,0.8833285968946185,unknown_1
6.60907244682312,262,0.05,174.36641221374043,0.886712997649004,unknown_1
6.619055986404419,262,0.05,177.36641221374043,0.886712997649004,unknown_1
6.6254730224609375,262,0.05,180.36641221374043,0.886712997649004,unknown_1
6.627661943435669,262,0.05,174.36641221374043,0.886712997649004,unknown_1
6.633724689483643,262,0.05,175.36641221374043,0.886712997649004,unknown_1
6.641795873641968,262,0.05,180.36641221374043,0.886712997649004,unknown_1
6.6443281173706055,262,0.05,175.36641221374043,0.886712997649004,unknown_1
6.6501171588897705,262,0.05,175.36641221374043,0.886712997649004,unknown_1
6.652381896972656,262,0.05,181.36641221374043,0.886712997649004,unknown_1
6.660273313522339,262,0.05,178.36641221374043,0.886712997649004,unknown_1
6.660273313522339,262,0.05,176.36641221374043,0.886712997649004,unknown_1
6.668747663497925,261,0.05,182.36641221374043,0.8833285968946185,unknown_1
6.6779210567474365,261,0.05,180.36641221374043,0.8833285968946185,unknown_1
6.679955244064331,261,0.05,176.36641221374043,0.8833285968946185,unknown_1
6.686975479125977,260,0.05,181.36641221374043,0.879944196140233,unknown_1
6.695563077926636,260,0.05,181.36641221374043,0.879944196140233,unknown_1
6.695626735687256,260,0.05,177.36641221374043,0.879944196140233,unknown_1
6.70205545425415,260,0.05,181.36641221374043,0.879944196140233,unknown_1
6.70370626449585,260,0.05,182.36641221374043,0.879944196140233,unknown_1
6.711136817932129,261,0.05,177.36641221374043,0.8833285968946185,unknown_1
6.717910528182983,261,0.05,180.36641221374043,0.8833285968946185,unknown_1
6.719703912734985,261,0.05,183.36641221374043,0.8833285968946185,unknown_1
6.727640151977539,261,0.05,178.36641221374043,0.8833285968946185,unknown_1
6.734490156173706,261,0.05,181.36641221374043,0.8833285968946185,unknown_1
6.7370710372924805,261,0.05,185.36641221374043,0.8833285968946185,unknown_1
6.744243860244751,261,0.05,180.36641221374043,0.8833285968946185,unknown_1
6.752134323120117,261,0.05,180.36641221374043,0.8833285968946185,unknown_1
6.752134323120117,261,0.05,185.36641221374043,0.8833285968946185,unknown_1
6.759342670440674,261,0.05,180.36641221374043,0.8833285968946185,unknown_1
6.766637802124023,261,0.05,179.36641221374043,0.8833285968946185,unknown_1
6.766637802124023,261,0.05,184.36641221374043,0.8833285968946185,unknown_1
6.7749950885772705,261,0.05,181.36641221374043,0.8833285968946185,unknown_1
6.783501148223877,261,0.05,178.36641221374043,0.8833285968946185,unknown_1
6.788771867752075,260,0.05,183.36641221374043,0.879944196140233,unknown_1
6.793648958206177,260,0.05,181.36641221374043,0.879944196140233,unknown_1
6.793648958206177,260,0.05,177.36641221374043,0.879944196140233,unknown_1
6.80095362663269,260,0.05,181.36641221374043,0.879944196140233,unknown_1
6.8092429637908936,260,0.05,181.36641221374043,0.879944196140233,unknown_1
6.8109636306762695,261,0.05,176.36641221374043,0.8833285968946185,unknown_1
6.82110071182251,261,0.05,180.36641221374043,0.8833285968946185,unknown_1
6.8256425857543945,261,0.05,182.36641221374043,0.8833285968946185,unknown_1
6.8278138637542725,261,0.05,177.36641221374043,0.8833285968946185,unknown_1
6.8340959548950195,261,0.05,180.36641221374043,0.8833285968946185,unknown_1
6.842541456222534,261,0.05,184.36641221374043,0.8833285968946185,unknown_1
6.844431638717651,261,0.05,179.36641221374043,0.8833285968946185,unknown_1
6.850698709487915,261,0.05,180.36641221374043,0.8833285968946185,unknown_1
6.85877537727356,261,0.05,185.36641221374043,0.8833285968946185,unknown_1
6.860429286956787,261,0.05,180.36641221374043,0.8833285968946185,unknown_1
6.8669843673706055,261,0.05,179.36641221374043,0.8833285968946185,unknown_1
6.867208003997803,261,0.05,184.36641221374043,0.8833285968946185,unknown_1
6.878434896469116,261,0.05,180.36641221374043,0.8833285968946185,unknown_1
6.883489608764648,261,0.05,177.36641221374043,0.8833285968946185,unknown_1
6.883696794509888,261,0.05,182.36641221374043,0.8833285968946185,unknown_1
6.894363880157471,261,0.05,180.36641221374043,0.8833285968946185,unknown_1
6.894363880157471,261,0.05,176.36641221374043,0.8833285968946185,unknown_1
6.902307987213135,260,0.05,181.36641221374043,0.879944196140233,unknown_1
6.911296844482422,260,0.05,180.36641221374043,0.879944196140233,unknown_1
6.911296844482422,261,0.05,175.36641221374043,0.8833285968946185,unknown_1
6.9195756912231445,261,0.05,179.36641221374043,0.8833285968946185,unknown_1
6.9195756912231445,261,0.05,180.36641221374043,0.8833285968946185,unknown_1
6.927438259124756,261,0.05,175.36641221374043,0.8833285968946185,unknown_1
6.936254501342773,261,0.05,179.36641221374043,0.8833285968946185,unknown_1
6.937153339385986,261,0.05,182.36641221374043,0.8833285968946185,unknown_1
6.944235801696777,261,0.05,177.36641221374043,0.8833285968946185,unknown_1
6.953062295913696,261,0.05,179.36641221374043,0.8833285968946185,unknown_1
6.953062295913696,261,0.05,183.36641221374043,0.8833285968946185,unknown_1
6.9603962898254395,261,0.05,178.36641221374043,0.8833285968946185,unknown_1
6.96772837638855,261,0.05,178.36641221374043,0.8833285968946185,unknown_1
6.971432209014893,261,0.05,183.36641221374043,0.8833285968946185,unknown_1
6.977921962738037,261,0.05,179.36641221374043,0.8833285968946185,unknown_1
6.985737562179565,261,0.05,178.36641221374043,0.8833285968946185,unknown_1
6.988417387008667,261,0.05,183.36641221374043,0.8833285968946185,unknown_1
6.994590997695923,261,0.05,181.36641221374043,0.8833285968946185,unknown_1
6.994790315628052,261,0.05,178.36641221374043,0.8833285968946185,unknown_1
7.004748344421387,260,0.05,183.36641221374043,0.879944196140233,unknown_1
7.009803295135498,260,0.05,181.36641221374043,0.879944196140233,unknown_1
7.011106967926025,260,0.05,177.36641221374043,0.879944196140233,unknown_1
7.022326469421387,260,0.05,181.36641221374043,0.879944196140233,unknown_1
7.022326469421387,260,0.05,181.36641221374043,0.879944196140233,unknown_1
7.028865337371826,260,0.05,177.36641221374043,0.879944196140233,unknown_1
7.028865337371826,260,0.05,181.36641221374043,0.879944196140233,unknown_1
7.035759210586548,260,0.05,183.36641221374043,0.879944196140233,unknown_1
7.045322895050049,261,0.05,178.36641221374043,0.8833285968946185,unknown_1
7.045322895050049,261,0.05,181.36641221374043,0.8833285968946185,unknown_1
7.053826808929443,261,0.05,184.36641221374043,0.8833285968946185,unknown_1
7.061923980712891,261,0.05,179.36641221374043,0.8833285968946185,unknown_1
7.061923980712891,261,0.05,180.36641221374043,0.8833285968946185,unknown_1
7.071734428405762,261,0.05,185.36641221374043,0.8833285968946185,unknown_1
7.079219818115234,261,0.05,180.36641221374043,0.8833285968946185,unknown_1
7.079219818115234,261,0.05,179.36641221374043,0.8833285968946185,unknown_1
7.0880959033966064,261,0.05,184.36641221374043,0.8833285968946185,unknown_1
7.096116065979004,261,0.05,180.36641221374043,0.8833285968946185,unknown_1
7.096116065979004,261,0.05,177.36641221374043,0.8833285968946185,unknown_1
7.1047585010528564,261,0.05,182.36641221374043,0.8833285968946185,unknown_1
7.1115593910217285,261,0.05,180.36641221374043,0.8833285968946185,unknown_1
7.1115593910217285,261,0.05,176.36641221374043,0.8833285968946185,unknown_1
7.120808124542236,260,0.05,181.36641221374043,0.879944196140233,unknown_1
7.120808124542236,260,0.05,181.36641221374043,0.879944196140233,unknown_1
7.127666711807251,261,0.05,176.36641221374043,0.8833285968946185,unknown_1
7.137199640274048,261,0.05,180.36641221374043,0.8833285968946185,unknown_1
7.137199640274048,261,0.05,181.36641221374043,0.8833285968946185,unknown_1
7.149200439453125,261,0.05,176.36641221374043,0.8833285968946185,unknown_1
7.153329133987427,261,0.05,179.36641221374043,0.8833285968946185,unknown_1
7.154719829559326,261,0.05,182.36641221374043,0.8833285968946185,unknown_1
7.1608617305755615,261,0.05,177.36641221374043,0.8833285968946185,unknown_1
7.168256759643555,261,0.05,179.36641221374043,0.8833285968946185,unknown_1
7.173846960067749,261,0.05,183.36641221374043,0.8833285968946185,unknown_1
7.178109884262085,261,0.05,178.36641221374043,0.8833285968946185,unknown_1
7.186246395111084,261,0.05,178.36641221374043,0.8833285968946185,unknown_1
7.190778970718384,261,0.05,183.36641221374043,0.8833285968946185,unknown_1
7.194873094558716,261,0.05,179.36641221374043,0.8833285968946185,unknown_1
7.194873094558716,261,0.05,177.36641221374043,0.8833285968946185,unknown_1
7.205348014831543,261,0.05,182.36641221374043,0.8833285968946185,unknown_1
7.211179256439209,261,0.05,179.36641221374043,0.8833285968946185,unknown_1
7.211845874786377,261,0.05,176.36641221374043,0.8833285968946185,unknown_1
7.219553470611572,261,0.05,181.36641221374043,0.8833285968946185,unknown_1
7.226745128631592,261,0.05,180.36641221374043,0.8833285968946185,unknown_1
7.227764844894409,261,0.05,176.36641221374043,0.8833285968946185,unknown_1
7.235840082168579,260,0.05,181.36641221374043,0.879944196140233,unknown_1
7.244006872177124,260,0.05,181.36641221374043,0.879944196140233,unknown_1
7.244677782058716,261,0.05,176.36641221374043,0.8833285968946185,unknown_1
7.252249002456665,261,0.05,180.36641221374043,0.8833285968946185,unknown_1
7.260506868362427,261,0.05,182.36641221374043,0.8833285968946185,unknown_1
7.262506008148193,261,0.05,177.36641221374043,0.8833285968946185,unknown_1
7.268570899963379,261,0.05,179.36641221374043,0.8833285968946185,unknown_1
7.27102255821228,261,0.05,183.36641221374043,0.8833285968946185,unknown_1
7.2788708209991455,261,0.05,178.36641221374043,0.8833285968946185,unknown_1
7.2788708209991455,261,0.05,178.36641221374043,0.8833285968946185,unknown_1
7.288872241973877,261,0.05,183.36641221374043,0.8833285968946185,unknown_1
7.296794652938843,261,0.05,179.36641221374043,0.8833285968946185,unknown_1
7.300570249557495,261,0.05,178.36641221374043,0.8833285968946185,unknown_1
7.305441617965698,261,0.05,183.36641221374043,0.8833285968946185,unknown_1
7.311311721801758,261,0.05,181.36641221374043,0.8833285968946185,unknown_1
7.317589998245239,261,0.05,178.36641221374043,0.8833285968946185,unknown_1
7.320261478424072,260,0.05,183.36641221374043,0.879944196140233,unknown_1
7.325869798660278,260,0.05,181.36641221374043,0.879944196140233,unknown_1
7.334297180175781,260,0.05,177.36641221374043,0.879944196140233,unknown_1
7.337141990661621,260,0.05,181.36641221374043,0.879944196140233,unknown_1
7.337141990661621,260,0.05,181.36641221374043,0.879944196140233,unknown_1
7.3445045948028564,261,0.05,176.36641221374043,0.8833285968946185,unknown_1
7.354418039321899,261,0.05,180.36641221374043,0.8833285968946185,unknown_1
7.354535341262817,261,0.05,182.36641221374043,0.8833285968946185,unknown_1
7.3609230518341064,261,0.05,177.36641221374043,0.8833285968946185,unknown_1
7.367786645889282,261,0.05,180.36641221374043,0.8833285968946185,unknown_1
7.374569892883301,261,0.05,184.36641221374043,0.8833285968946185,unknown_1
7.377853155136108,261,0.05,180.36641221374043,0.8833285968946185,unknown_1
7.385652542114258,261,0.05,181.36641221374043,0.8833285968946185,unknown_1
7.388631582260132,260,0.05,186.36641221374043,0.879944196140233,unknown_1
7.395347595214844,261,0.05,181.36641221374043,0.8833285968946185,unknown_1
7.395347595214844,261,0.05,180.36641221374043,0.8833285968946185,unknown_1
7.403641700744629,261,0.05,184.36641221374043,0.8833285968946185,unknown_1
7.411067962646484,261,0.05,180.36641221374043,0.8833285968946185,unknown_1
7.411067962646484,261,0.05,177.36641221374043,0.8833285968946185,unknown_1
7.42209792137146,261,0.05,182.36641221374043,0.8833285968946185,unknown_1
7.428033113479614,261,0.05,180.36641221374043,0.8833285968946185,unknown_1
7.428033113479614,261,0.05,177.36641221374043,0.8833285968946185,unknown_1
7.435429811477661,260,0.05,182.36641221374043,0.879944196140233,unknown_1
7.444952726364136,260,0.05,182.36641221374043,0.879944196140233,unknown_1
7.4456329345703125,260,0.05,178.36641221374043,0.879944196140233,unknown_1
7.452006816864014,260,0.05,182.36641221374043,0.879944196140233,unknown_1
7.4615466594696045,260,0.05,183.36641221374043,0.879944196140233,unknown_1
7.462249040603638,261,0.05,178.36641221374043,0.8833285968946185,unknown_1
7.468621253967285,261,0.05,181.36641221374043,0.8833285968946185,unknown_1
7.477646112442017,261,0.05,183.36641221374043,0.8833285968946185,unknown_1
7.478965997695923,261,0.05,178.36641221374043,0.8833285968946185,unknown_1
7.485402584075928,261,0.05,179.36641221374043,0.8833285968946185,unknown_1
7.488274335861206,261,0.05,183.36641221374043,0.8833285968946185,unknown_1
7.494731664657593,261,0.05,178.36641221374043,0.8833285968946185,unknown_1
7.5020363330841064,261,0.05,178.36641221374043,0.8833285968946185,unknown_1
7.505097389221191,261,0.05,183.36641221374043,0.8833285968946185,unknown_1
7.511519193649292,261,0.05,179.36641221374043,0.8833285968946185,unknown_1
7.518610000610352,261,0.05,178.36641221374043,0.8833285968946185,unknown_1
7.522258758544922,261,0.05,183.36641221374043,0.8833285968946185,unknown_1
7.526110649108887,261,0.05,181.36641221374043,0.8833285968946185,unknown_1
7.534876346588135,261,0.05,178.36641221374043,0.8833285968946185,unknown_1
7.537927627563477,260,0.05,183.36641221374043,0.879944196140233,unknown_1
7.542465448379517,260,0.05,181.36641221374043,0.879944196140233,unknown_1
7.551126718521118,260,0.05,177.36641221374043,0.879944196140233,unknown_1
7.555279970169067,260,0.05,181.36641221374043,0.879944196140233,unknown_1
7.559544801712036,260,0.05,181.36641221374043,0.879944196140233,unknown_1
7.561018943786621,261,0.05,176.36641221374043,0.8833285968946185,unknown_1
7.567870616912842,261,0.05,180.36641221374043,0.8833285968946185,unknown_1
7.575244188308716,261,0.05,182.36641221374043,0.8833285968946185,unknown_1
7.57793116569519,261,0.05,177.36641221374043,0.8833285968946185,unknown_1
7.585345029830933,261,0.05,179.36641221374043,0.8833285968946185,unknown_1
7.591203689575195,261,0.05,183.36641221374043,0.8833285968946185,unknown_1
7.591203689575195,261,0.05,178.36641221374043,0.8833285968946185,unknown_1
7.599459648132324,261,0.05,179.36641221374043,0.8833285968946185,unknown_1
7.607744455337524,261,0.05,184.36641221374043,0.8833285968946185,unknown_1
7.6115148067474365,261,0.05,180.36641221374043,0.8833285968946185,unknown_1
7.616360902786255,261,0.05,179.36641221374043,0.8833285968946185,unknown_1
7.616360902786255,261,0.05,184.36641221374043,0.8833285968946185,unknown_1
7.627093076705933,261,0.05,180.36641221374043,0.8833285968946185,unknown_1
7.627093076705933,261,0.05,177.36641221374043,0.8833285968946185,unknown_1
7.637017488479614,261,0.05,182.36641221374043,0.8833285968946185,unknown_1
7.6445701122283936,261,0.05,180.36641221374043,0.8833285968946185,unknown_1
7.6445701122283936,261,0.05,176.36641221374043,0.8833285968946185,unknown_1
7.651999473571777,260,0.05,181.36641221374043,0.879944196140233,unknown_1
7.686412334442139,260,0.05,180.36641221374043,0.879944196140233,unknown_1
7.711562395095825,261,0.05,175.36641221374043,0.8833285968946185,unknown_1
7.712075471878052,261,0.05,179.36641221374043,0.8833285968946185,unknown_1
7.718651294708252,261,0.05,181.36641221374043,0.8833285968946185,unknown_1
7.718651294708252,261,0.05,176.36641221374043,0.8833285968946185,unknown_1
7.718651294708252,261,0.05,179.36641221374043,0.8833285968946185,unknown_1
7.718651294708252,261,0.05,182.36641221374043,0.8833285968946185,unknown_1
7.718651294708252,261,0.05,177.36641221374043,0.8833285968946185,unknown_1
7.718651294708252,261,0.05,178.36641221374043,0.8833285968946185,unknown_1
7.718651294708252,261,0.05,182.36641221374043,0.8833285968946185,unknown_1
7.718651294708252,261,0.05,178.36641221374043,0.8833285968946185,unknown_1
7.726970672607422,261,0.05,178.36641221374043,0.8833285968946185,unknown_1
7.727341651916504,261,0.05,183.36641221374043,0.8833285968946185,unknown_1
7.727341651916504,261,0.05,179.36641221374043,0.8833285968946185,unknown_1
7.735432147979736,261,0.05,177.36641221374043,0.8833285968946185,unknown_1
7.735432147979736,261,0.05,182.36641221374043,0.8833285968946185,unknown_1
7.743976354598999,261,0.05,180.36641221374043,0.8833285968946185,unknown_1
7.743976354598999,261,0.05,177.36641221374043,0.8833285968946185,unknown_1
7.7538979053497314,260,0.05,182.36641221374043,0.879944196140233,unknown_1
7.7538979053497314,260,0.05,181.36641221374043,0.879944196140233,unknown_1
7.761646747589111,260,0.05,177.36641221374043,0.879944196140233,unknown_1
7.768925666809082,260,0.05,181.36641221374043,0.879944196140233,unknown_1
7.768925666809082,260,0.05,181.36641221374043,0.879944196140233,unknown_1
7.778268337249756,260,0.05,177.36641221374043,0.879944196140233,unknown_1
7.7856292724609375,260,0.05,181.36641221374043,0.879944196140233,unknown_1
7.792668342590332,260,0.05,183.36641221374043,0.879944196140233,unknown_1
7.793687105178833,260,0.05,179.36641221374043,0.879944196140233,unknown_1
7.793687105178833,260,0.05,182.36641221374043,0.879944196140233,unknown_1
7.803872108459473,260,0.05,185.36641221374043,0.879944196140233,unknown_1
7.811723470687866,261,0.05,180.36641221374043,0.8833285968946185,unknown_1
7.811723470687866,261,0.05,180.36641221374043,0.8833285968946185,unknown_1
7.821203231811523,261,0.05,184.36641221374043,0.8833285968946185,unknown_1
7.829081058502197,261,0.05,179.36641221374043,0.8833285968946185,unknown_1
7.829081058502197,261,0.05,178.36641221374043,0.8833285968946185,unknown_1
7.835326910018921,261,0.05,183.36641221374043,0.8833285968946185,unknown_1
7.844580173492432,261,0.05,181.36641221374043,0.8833285968946185,unknown_1
7.844580173492432,261,0.05,178.36641221374043,0.8833285968946185,unknown_1
7.853804111480713,260,0.05,183.36641221374043,0.879944196140233,unknown_1
7.862096309661865,260,0.05,181.36641221374043,0.879944196140233,unknown_1
7.871607065200806,260,0.05,177.36641221374043,0.879944196140233,unknown_1
7.874129772186279,260,0.05,181.36641221374043,0.879944196140233,unknown_1
7.8779919147491455,260,0.05,181.36641221374043,0.879944196140233,unknown_1
7.8779919147491455,261,0.05,176.36641221374043,0.8833285968946185,unknown_1
7.885386228561401,261,0.05,180.36641221374043,0.8833285968946185,unknown_1
7.888468503952026,261,0.05,182.36641221374043,0.8833285968946185,unknown_1
7.894366979598999,261,0.05,177.36641221374043,0.8833285968946185,unknown_1
7.903125047683716,261,0.05,180.36641221374043,0.8833285968946185,unknown_1
7.906027317047119,261,0.05,184.36641221374043,0.8833285968946185,unknown_1
7.911203384399414,261,0.05,179.36641221374043,0.8833285968946185,unknown_1
7.919671058654785,261,0.05,180.36641221374043,0.8833285968946185,unknown_1
7.919671058654785,261,0.05,184.36641221374043,0.8833285968946185,unknown_1
7.927658557891846,261,0.05,179.36641221374043,0.8833285968946185,unknown_1
7.934499979019165,261,0.05,178.36641221374043,0.8833285968946185,unknown_1
7.9373931884765625,261,0.05,183.36641221374043,0.8833285968946185,unknown_1
7.943504333496094,261,0.05,179.36641221374043,0.8833285968946185,unknown_1
7.950803279876709,261,0.05,177.36641221374043,0.8833285968946185,unknown_1
7.952773332595825,261,0.05,182.36641221374043,0.8833285968946185,unknown_1
7.959285020828247,261,0.05,180.36641221374043,0.8833285968946185,unknown_1
7.960811614990234,261,0.05,176.36641221374043,0.8833285968946185,unknown_1
7.968981027603149,260,0.05,181.36641221374043,0.879944196140233,unknown_1
7.976686000823975,260,0.05,180.36641221374043,0.879944196140233,unknown_1
7.976686000823975,261,0.05,175.36641221374043,0.8833285968946185,unknown_1
7.984986066818237,261,0.05,179.36641221374043,0.8833285968946185,unknown_1
7.993727922439575,261,0.05,180.36641221374043,0.8833285968946185,unknown_1
7.993727922439575,261,0.05,175.36641221374043,0.8833285968946185,unknown_1
8.002266645431519,261,0.05,178.36641221374043,0.8833285968946185,unknown_1
8.007778406143188,261,0.05,181.36641221374043,0.8833285968946185,unknown_1
8.010998249053955,261,0.05,176.36641221374043,0.8833285968946185,unknown_1
8.016364812850952,261,0.05,178.36641221374043,0.8833285968946185,unknown_1
8.016364812850952,261,0.05,182.36641221374043,0.8833285968946185,unknown_1
8.02921462059021,261,0.05,178.36641221374043,0.8833285968946185,unknown_1
8.02921462059021,261,0.05,178.36641221374043,0.8833285968946185,unknown_1
8.038277626037598,261,0.05,183.36641221374043,0.8833285968946185,unknown_1
8.04503345489502,261,0.05,179.36641221374043,0.8833285968946185,unknown_1
8.04503345489502,261,0.05,177.36641221374043,0.8833285968946185,unknown_1
8.05448865890503,261,0.05,182.36641221374043,0.8833285968946185,unknown_1
8.062657833099365,261,0.05,179.36641221374043,0.8833285968946185,unknown_1
8.062657833099365,261,0.05,176.36641221374043,0.8833285968946185,unknown_1
8.070947647094727,261,0.05,181.36641221374043,0.8833285968946185,unknown_1
8.07836389541626,261,0.05,180.36641221374043,0.8833285968946185,unknown_1
8.07836389541626,261,0.05,176.36641221374043,0.8833285968946185,unknown_1
8.087399959564209,260,0.05,181.36641221374043,0.879944196140233,unknown_1
8.088258266448975,260,0.05,181.36641221374043,0.879944196140233,unknown_1
8.095015525817871,261,0.05,176.36641221374043,0.8833285968946185,unknown_1
8.10415768623352,261,0.05,180.36641221374043,0.8833285968946185,unknown_1
8.10415768623352,261,0.05,182.36641221374043,0.8833285968946185,unknown_1
8.11104702949524,261,0.05,177.36641221374043,0.8833285968946185,unknown_1
8.120413541793823,261,0.05,180.36641221374043,0.8833285968946185,unknown_1
8.120413541793823,261,0.05,184.36641221374043,0.8833285968946185,unknown_1
8.127140045166016,261,0.05,179.36641221374043,0.8833285968946185,unknown_1
8.13503122329712,261,0.05,180.36641221374043,0.8833285968946185,unknown_1
8.140884399414062,261,0.05,185.36641221374043,0.8833285968946185,unknown_1
8.144888401031494,261,0.05,180.36641221374043,0.8833285968946185,unknown_1
8.151110172271729,261,0.05,179.36641221374043,0.8833285968946185,unknown_1
8.154793739318848,261,0.05,184.36641221374043,0.8833285968946185,unknown_1
8.161433458328247,261,0.05,181.36641221374043,0.8833285968946185,unknown_1
8.161433458328247,261,0.05,179.36641221374043,0.8833285968946185,unknown_1
8.169172763824463,260,0.05,184.36641221374043,0.879944196140233,unknown_1
8.176751136779785,260,0.05,182.36641221374043,0.879944196140233,unknown_1
8.176751136779785,260,0.05,178.36641221374043,0.879944196140233,unknown_1
8.189736604690552,260,0.05,182.36641221374043,0.879944196140233,unknown_1
8.193489074707031,260,0.05,181.36641221374043,0.879944196140233,unknown_1
8.19692611694336,260,0.05,177.36641221374043,0.879944196140233,unknown_1
8.203632831573486,260,0.05,181.36641221374043,0.879944196140233,unknown_1
8.209104061126709,260,0.05,183.36641221374043,0.879944196140233,unknown_1
8.214342594146729,261,0.05,178.36641221374043,0.8833285968946185,unknown_1
8.218005657196045,261,0.05,181.36641221374043,0.8833285968946185,unknown_1
8.22625184059143,261,0.05,184.36641221374043,0.8833285968946185,unknown_1
8.22625184059143,261,0.05,179.36641221374043,0.8833285968946185,unknown_1
8.234821081161499,261,0.05,180.36641221374043,0.8833285968946185,unknown_1
8.242615222930908,261,0.05,184.36641221374043,0.8833285968946185,unknown_1
8.24460744857788,261,0.05,179.36641221374043,0.8833285968946185,unknown_1
8.249120473861694,261,0.05,178.36641221374043,0.8833285968946185,unknown_1
8.249120473861694,261,0.05,183.36641221374043,0.8833285968946185,unknown_1
8.258665561676025,261,0.05,179.36641221374043,0.8833285968946185,unknown_1
8.265195369720459,261,0.05,178.36641221374043,0.8833285968946185,unknown_1
8.265195369720459,261,0.05,183.36641221374043,0.8833285968946185,unknown_1
8.27554965019226,261,0.05,181.36641221374043,0.8833285968946185,unknown_1
8.281562089920044,261,0.05,178.36641221374043,0.8833285968946185,unknown_1
8.281562089920044,260,0.05,183.36641221374043,0.879944196140233,unknown_1
8.29214096069336,260,0.05,181.36641221374043,0.879944196140233,unknown_1
8.297897577285767,260,0.05,177.36641221374043,0.879944196140233,unknown_1
8.297897577285767,260,0.05,181.36641221374043,0.879944196140233,unknown_1
8.307825326919556,260,0.05,181.36641221374043,0.879944196140233,unknown_1
8.314367055892944,261,0.05,176.36641221374043,0.8833285968946185,unknown_1
8.314367055892944,261,0.05,180.36641221374043,0.8833285968946185,unknown_1
8.325135946273804,261,0.05,182.36641221374043,0.8833285968946185,unknown_1
8.325333595275879,261,0.05,177.36641221374043,0.8833285968946185,unknown_1
8.33084750175476,261,0.05,180.36641221374043,0.8833285968946185,unknown_1
8.341215372085571,261,0.05,184.36641221374043,0.8833285968946185,unknown_1
8.344317197799683,261,0.05,179.36641221374043,0.8833285968946185,unknown_1
8.348374366760254,261,0.05,180.36641221374043,0.8833285968946185,unknown_1
8.357266902923584,261,0.05,185.36641221374043,0.8833285968946185,unknown_1
8.361493587493896,261,0.05,180.36641221374043,0.8833285968946185,unknown_1
8.363553762435913,261,0.05,179.36641221374043,0.8833285968946185,unknown_1
8.373525857925415,261,0.05,184.36641221374043,0.8833285968946185,unknown_1
8.377641677856445,261,0.05,181.36641221374043,0.8833285968946185,unknown_1
8.380479574203491,261,0.05,178.36641221374043,0.8833285968946185,unknown_1
8.38833737373352,260,0.05,183.36641221374043,0.879944196140233,unknown_1
8.393296718597412,260,0.05,181.36641221374043,0.879944196140233,unknown_1
8.397109270095825,260,0.05,177.36641221374043,0.879944196140233,unknown_1
8.405452728271484,260,0.05,181.36641221374043,0.879944196140233,unknown_1
8.408253192901611,260,0.05,181.36641221374043,0.879944196140233,unknown_1
8.413771152496338,261,0.05,176.36641221374043,0.8833285968946185,unknown_1
8.413771152496338,261,0.05,180.36641221374043,0.8833285968946185,unknown_1
8.423527956008911,261,0.05,182.36641221374043,0.8833285968946185,unknown_1
8.430211544036865,261,0.05,177.36641221374043,0.8833285968946185,unknown_1
8.430211544036865,261,0.05,180.36641221374043,0.8833285968946185,unknown_1
8.440677881240845,261,0.05,184.36641221374043,0.8833285968946185,unknown_1
8.44677996635437,261,0.05,179.36641221374043,0.8833285968946185,unknown_1
8.44677996635437,261,0.05,180.36641221374043,0.8833285968946185,unknown_1
8.455224752426147,261,0.05,185.36641221374043,0.8833285968946185,unknown_1
8.463155031204224,261,0.05,180.36641221374043,0.8833285968946185,unknown_1
8.463155031204224,261,0.05,180.36641221374043,0.8833285968946185,unknown_1
8.47160792350769,261,0.05,185.36641221374043,0.8833285968946185,unknown_1
8.479743957519531,261,0.05,181.36641221374043,0.8833285968946185,unknown_1
8.479743957519531,261,0.05,178.36641221374043,0.8833285968946185,unknown_1
8.48808765411377,261,0.05,183.36641221374043,0.8833285968946185,unknown_1
8.49156403541565,261,0.05,180.36641221374043,0.8833285968946185,unknown_1
8.496299505233765,261,0.05,176.36641221374043,0.8833285968946185,unknown_1
8.504648923873901,260,0.05,181.36641221374043,0.879944196140233,unknown_1
8.504648923873901,260,0.05,181.36641221374043,0.879944196140233,unknown_1
8.511708498001099,260,0.05,177.36641221374043,0.879944196140233,unknown_1
8.52169394493103,260,0.05,181.36641221374043,0.879944196140233,unknown_1
8.52169394493103,260,0.05,183.36641221374043,0.879944196140233,unknown_1
8.528806924819946,261,0.05,178.36641221374043,0.8833285968946185,unknown_1
8.536710977554321,261,0.05,181.36641221374043,0.8833285968946185,unknown_1
8.54187560081482,261,0.05,183.36641221374043,0.8833285968946185,unknown_1
8.545079231262207,261,0.05,178.36641221374043,0.8833285968946185,unknown_1
8.552900552749634,261,0.05,179.36641221374043,0.8833285968946185,unknown_1
8.555863857269287,261,0.05,183.36641221374043,0.8833285968946185,unknown_1
8.561673164367676,261,0.05,178.36641221374043,0.8833285968946185,unknown_1
8.569590091705322,261,0.05,178.36641221374043,0.8833285968946185,unknown_1
8.572435140609741,261,0.05,183.36641221374043,0.8833285968946185,unknown_1
8.578010559082031,261,0.05,179.36641221374043,0.8833285968946185,unknown_1
8.578010559082031,261,0.05,178.36641221374043,0.8833285968946185,unknown_1
8.588071346282959,261,0.05,183.36641221374043,0.8833285968946185,unknown_1
8.594366312026978,261,0.05,180.36641221374043,0.8833285968946185,unknown_1
8.594366312026978,261,0.05,177.36641221374043,0.8833285968946185,unknown_1
8.604118585586548,261,0.05,182.36641221374043,0.8833285968946185,unknown_1
8.610656023025513,261,0.05,180.36641221374043,0.8833285968946185,unknown_1
8.610656023025513,261,0.05,176.36641221374043,0.8833285968946185,unknown_1
8.618834733963013,260,0.05,181.36641221374043,0.879944196140233,unknown_1
8.629325866699219,260,0.05,181.36641221374043,0.879944196140233,unknown_1
8.629325866699219,261,0.05,176.36641221374043,0.8833285968946185,unknown_1
8.635847091674805,261,0.05,180.36641221374043,0.8833285968946185,unknown_1
8.645072937011719,261,0.05,182.36641221374043,0.8833285968946185,unknown_1
8.645072937011719,261,0.05,177.36641221374043,0.8833285968946185,unknown_1
8.652115106582642,261,0.05,179.36641221374043,0.8833285968946185,unknown_1
8.655836343765259,261,0.05,183.36641221374043,0.8833285968946185,unknown_1
8.661946773529053,261,0.05,178.36641221374043,0.8833285968946185,unknown_1
8.668816804885864,261,0.05,179.36641221374043,0.8833285968946185,unknown_1
8.67024040222168,261,0.05,184.36641221374043,0.8833285968946185,unknown_1
8.676182746887207,261,0.05,180.36641221374043,0.8833285968946185,unknown_1
8.684266805648804,261,0.05,179.36641221374043,0.8833285968946185,unknown_1
8.685767650604248,261,0.05,184.36641221374043,0.8833285968946185,unknown_1
8.693153858184814,261,0.05,180.36641221374043,0.8833285968946185,unknown_1
8.700546026229858,261,0.05,177.36641221374043,0.8833285968946185,unknown_1
8.705679178237915,261,0.05,182.36641221374043,0.8833285968946185,unknown_1
8.711562156677246,261,0.05,180.36641221374043,0.8833285968946185,unknown_1
8.717402696609497,261,0.05,176.36641221374043,0.8833285968946185,unknown_1
8.722070693969727,260,0.05,181.36641221374043,0.879944196140233,unknown_1
8.726316213607788,260,0.05,181.36641221374043,0.879944196140233,unknown_1
8.734330415725708,261,0.05,176.36641221374043,0.8833285968946185,unknown_1
8.734330415725708,261,0.05,180.36641221374043,0.8833285968946185,unknown_1
8.742579460144043,261,0.05,182.36641221374043,0.8833285968946185,unknown_1
8.742579460144043,261,0.05,177.36641221374043,0.8833285968946185,unknown_1
8.750965356826782,261,0.05,180.36641221374043,0.8833285968946185,unknown_1
8.758876323699951,261,0.05,183.36641221374043,0.8833285968946185,unknown_1
8.758876323699951,261,0.05,178.36641221374043,0.8833285968946185,unknown_1
8.767206907272339,261,0.05,179.36641221374043,0.8833285968946185,unknown_1
8.77515721321106,261,0.05,183.36641221374043,0.8833285968946185,unknown_1
8.777939796447754,261,0.05,178.36641221374043,0.8833285968946185,unknown_1
8.783820629119873,261,0.05,178.36641221374043,0.8833285968946185,unknown_1
8.791971445083618,261,0.05,183.36641221374043,0.8833285968946185,unknown_1
8.793779134750366,261,0.05,179.36641221374043,0.8833285968946185,unknown_1
8.800530195236206,261,0.05,177.36641221374043,0.8833285968946185,unknown_1
8.800530195236206,261,0.05,182.36641221374043,0.8833285968946185,unknown_1
8.811789751052856,261,0.05,180.36641221374043,0.8833285968946185,unknown_1
8.811789751052856,261,0.05,177.36641221374043,0.8833285968946185,unknown_1
8.820925235748291,260,0.05,182.36641221374043,0.879944196140233,unknown_1
8.829447507858276,260,0.05,182.36641221374043,0.879944196140233,unknown_1
8.829447507858276,260,0.05,178.36641221374043,0.879944196140233,unknown_1
8.835536241531372,260,0.05,182.36641221374043,0.879944196140233,unknown_1
8.845376014709473,260,0.05,182.36641221374043,0.879944196140233,unknown_1
8.845376014709473,261,0.05,177.36641221374043,0.8833285968946185,unknown_1
8.852225065231323,261,0.05,180.36641221374043,0.8833285968946185,unknown_1
8.855289936065674,261,0.05,182.36641221374043,0.8833285968946185,unknown_1
8.862047672271729,261,0.05,177.36641221374043,0.8833285968946185,unknown_1
8.86862301826477,261,0.05,179.36641221374043,0.8833285968946185,unknown_1
8.870179653167725,261,0.05,183.36641221374043,0.8833285968946185,unknown_1
8.87784457206726,261,0.05,178.36641221374043,0.8833285968946185,unknown_1
8.884617567062378,261,0.05,178.36641221374043,0.8833285968946185,unknown_1
8.88730263710022,261,0.05,183.36641221374043,0.8833285968946185,unknown_1
8.894335508346558,261,0.05,179.36641221374043,0.8833285968946185,unknown_1
8.902442455291748,261,0.05,178.36641221374043,0.8833285968946185,unknown_1
8.902442455291748,261,0.05,183.36641221374043,0.8833285968946185,unknown_1
8.911516189575195,261,0.05,181.36641221374043,0.8833285968946185,unknown_1
8.918078899383545,261,0.05,178.36641221374043,0.8833285968946185,unknown_1
8.918078899383545,260,0.05,183.36641221374043,0.879944196140233,unknown_1
8.926526308059692,260,0.05,181.36641221374043,0.879944196140233,unknown_1
8.934890508651733,260,0.05,177.36641221374043,0.879944196140233,unknown_1
8.938675880432129,260,0.05,181.36641221374043,0.879944196140233,unknown_1
8.944275617599487,260,0.05,181.36641221374043,0.879944196140233,unknown_1
8.944275617599487,261,0.05,176.36641221374043,0.8833285968946185,unknown_1
8.952846050262451,261,0.05,180.36641221374043,0.8833285968946185,unknown_1
8.959020376205444,261,0.05,182.36641221374043,0.8833285968946185,unknown_1
8.959020376205444,261,0.05,177.36641221374043,0.8833285968946185,unknown_1
8.967328071594238,261,0.05,180.36641221374043,0.8833285968946185,unknown_1
8.975923299789429,261,0.05,184.36641221374043,0.8833285968946185,unknown_1
8.975923299789429,261,0.05,179.36641221374043,0.8833285968946185,unknown_1
8.984323501586914,261,0.05,180.36641221374043,0.8833285968946185,unknown_1
8.992533206939697,261,0.05,184.36641221374043,0.8833285968946185,unknown_1
8.99480938911438,261,0.05,179.36641221374043,0.8833285968946185,unknown_1
9.000710487365723,261,0.05,178.36641221374043,0.8833285968946185,unknown_1
9.008795022964478,261,0.05,183.36641221374043,0.8833285968946185,unknown_1
9.011687994003296,261,0.05,179.36641221374043,0.8833285968946185,unknown_1
9.017085075378418,261,0.05,177.36641221374043,0.8833285968946185,unknown_1
9.017085075378418,261,0.05,182.36641221374043,0.8833285968946185,unknown_1
9.025439262390137,261,0.05,180.36641221374043,0.8833285968946185,unknown_1
9.03336238861084,261,0.05,176.36641221374043,0.8833285968946185,unknown_1
9.035033702850342,260,0.05,181.36641221374043,0.879944196140233,unknown_1
9.044692039489746,260,0.05,180.36641221374043,0.879944196140233,unknown_1
9.049293756484985,261,0.05,175.36641221374043,0.8833285968946185,unknown_1
9.049293756484985,261,0.05,179.36641221374043,0.8833285968946185,unknown_1
9.057603359222412,261,0.05,180.36641221374043,0.8833285968946185,unknown_1
9.065760612487793,261,0.05,175.36641221374043,0.8833285968946185,unknown_1
9.065760612487793,261,0.05,178.36641221374043,0.8833285968946185,unknown_1
9.074073314666748,261,0.05,181.36641221374043,0.8833285968946185,unknown_1
9.08202052116394,262,0.05,175.36641221374043,0.886712997649004,unknown_1
9.08202052116394,262,0.05,177.36641221374043,0.886712997649004,unknown_1
9.090441226959229,262,0.05,181.36641221374043,0.886712997649004,unknown_1
9.098639965057373,262,0.05,176.36641221374043,0.886712997649004,unknown_1
9.098639965057373,262,0.05,176.36641221374043,0.886712997649004,unknown_1
9.107015371322632,262,0.05,181.36641221374043,0.886712997649004,unknown_1
9.109303712844849,262,0.05,176.36641221374043,0.886712997649004,unknown_1
9.114904642105103,262,0.05,174.36641221374043,0.886712997649004,unknown_1
9.123292922973633,262,0.05,180.36641221374043,0.886712997649004,unknown_1
9.128582954406738,262,0.05,177.36641221374043,0.886712997649004,unknown_1
9.131165027618408,262,0.05,174.36641221374043,0.886712997649004,unknown_1
9.139465808868408,261,0.05,180.36641221374043,0.8833285968946185,unknown_1
9.144834995269775,261,0.05,179.36641221374043,0.8833285968946185,unknown_1
9.14794635772705,261,0.05,175.36641221374043,0.8833285968946185,unknown_1
9.156630039215088,260,0.05,180.36641221374043,0.879944196140233,unknown_1
9.16086459159851,260,0.05,181.36641221374043,0.879944196140233,unknown_1
9.164885759353638,261,0.05,176.36641221374043,0.8833285968946185,unknown_1
9.166341066360474,261,0.05,180.36641221374043,0.8833285968946185,unknown_1
9.17580270767212,261,0.05,182.36641221374043,0.8833285968946185,unknown_1
9.178555965423584,261,0.05,177.36641221374043,0.8833285968946185,unknown_1
9.181626796722412,261,0.05,179.36641221374043,0.8833285968946185,unknown_1
9.194361686706543,261,0.05,182.36641221374043,0.8833285968946185,unknown_1
9.197874784469604,261,0.05,177.36641221374043,0.8833285968946185,unknown_1
9.197874784469604,261,0.05,177.36641221374043,0.8833285968946185,unknown_1
9.2073814868927,261,0.05,181.36641221374043,0.8833285968946185,unknown_1
9.213001728057861,261,0.05,177.36641221374043,0.8833285968946185,unknown_1
9.22496485710144,261,0.05,177.36641221374043,0.8833285968946185,unknown_1
9.227955102920532,261,0.05,182.36641221374043,0.8833285968946185,unknown_1
9.229736089706421,261,0.05,179.36641221374043,0.8833285968946185,unknown_1
9.233701705932617,261,0.05,177.36641221374043,0.8833285968946185,unknown_1
9.238306045532227,261,0.05,182.36641221374043,0.8833285968946185,unknown_1
9.246593713760376,261,0.05,180.36641221374043,0.8833285968946185,unknown_1
9.246593713760376,261,0.05,176.36641221374043,0.8833285968946185,unknown_1
9.254848003387451,260,0.05,181.36641221374043,0.879944196140233,unknown_1
9.256552696228027,260,0.05,181.36641221374043,0.879944196140233,unknown_1
9.262762069702148,260,0.05,177.36641221374043,0.879944196140233,unknown_1
9.27106237411499,260,0.05,181.36641221374043,0.879944196140233,unknown_1
9.272889852523804,260,0.05,183.36641221374043,0.879944196140233,unknown_1
9.279338121414185,261,0.05,178.36641221374043,0.8833285968946185,unknown_1
9.287798643112183,261,0.05,181.36641221374043,0.8833285968946185,unknown_1
9.2891685962677,261,0.05,183.36641221374043,0.8833285968946185,unknown_1
9.295746326446533,261,0.05,178.36641221374043,0.8833285968946185,unknown_1
9.304281234741211,261,0.05,179.36641221374043,0.8833285968946185,unknown_1
9.305832147598267,261,0.05,183.36641221374043,0.8833285968946185,unknown_1
9.312416553497314,261,0.05,178.36641221374043,0.8833285968946185,unknown_1
9.320622444152832,261,0.05,178.36641221374043,0.8833285968946185,unknown_1
9.320622444152832,261,0.05,183.36641221374043,0.8833285968946185,unknown_1
9.327859163284302,261,0.05,179.36641221374043,0.8833285968946185,unknown_1
9.337309122085571,261,0.05,178.36641221374043,0.8833285968946185,unknown_1
9.340859413146973,261,0.05,183.36641221374043,0.8833285968946185,unknown_1
9.343305587768555,261,0.05,181.36641221374043,0.8833285968946185,unknown_1
9.348098039627075,261,0.05,178.36641221374043,0.8833285968946185,unknown_1
9.35502815246582,260,0.05,183.36641221374043,0.879944196140233,unknown_1
9.399306774139404,260,0.05,181.36641221374043,0.879944196140233,unknown_1
9.399306774139404,260,0.05,177.36641221374043,0.879944196140233,unknown_1
9.399306774139404,260,0.05,181.36641221374043,0.879944196140233,unknown_1
9.399306774139404,260,0.05,181.36641221374043,0.879944196140233,unknown_1
9.399306774139404,261,0.05,176.36641221374043,0.8833285968946185,unknown_1
9.399306774139404,261,0.05,180.36641221374043,0.8833285968946185,unknown_1
9.411127805709839,261,0.05,182.36641221374043,0.8833285968946185,unknown_1
9.411127805709839,261,0.05,177.36641221374043,0.8833285968946185,unknown_1
9.411127805709839,261,0.05,180.36641221374043,0.8833285968946185,unknown_1
9.411127805709839,261,0.05,184.36641221374043,0.8833285968946185,unknown_1
9.411127805709839,261,0.05,179.36641221374043,0.8833285968946185,unknown_1
9.411127805709839,261,0.05,180.36641221374043,0.8833285968946185,unknown_1
9.418671369552612,261,0.05,185.36641221374043,0.8833285968946185,unknown_1
9.427172183990479,261,0.05,180.36641221374043,0.8833285968946185,unknown_1
9.43528413772583,261,0.05,179.36641221374043,0.8833285968946185,unknown_1
9.43528413772583,261,0.05,184.36641221374043,0.8833285968946185,unknown_1
9.444172382354736,261,0.05,180.36641221374043,0.8833285968946185,unknown_1
9.459237575531006,261,0.05,177.36641221374043,0.8833285968946185,unknown_1
9.460127592086792,261,0.05,182.36641221374043,0.8833285968946185,unknown_1
9.460127592086792,261,0.05,180.36641221374043,0.8833285968946185,unknown_1
9.467735290527344,261,0.05,176.36641221374043,0.8833285968946185,unknown_1
9.469138622283936,260,0.05,181.36641221374043,0.879944196140233,unknown_1
9.475822687149048,260,0.05,181.36641221374043,0.879944196140233,unknown_1
9.483956575393677,261,0.05,176.36641221374043,0.8833285968946185,unknown_1
9.48819613456726,261,0.05,180.36641221374043,0.8833285968946185,unknown_1
9.492233991622925,261,0.05,182.36641221374043,0.8833285968946185,unknown_1
9.500364542007446,261,0.05,177.36641221374043,0.8833285968946185,unknown_1
9.50325059890747,261,0.05,180.36641221374043,0.8833285968946185,unknown_1
9.509150266647339,261,0.05,184.36641221374043,0.8833285968946185,unknown_1
9.511380434036255,261,0.05,179.36641221374043,0.8833285968946185,unknown_1
9.519510269165039,261,0.05,180.36641221374043,0.8833285968946185,unknown_1
9.52486777305603,261,0.05,185.36641221374043,0.8833285968946185,unknown_1
9.527796983718872,261,0.05,180.36641221374043,0.8833285968946185,unknown_1
9.536720752716064,261,0.05,179.36641221374043,0.8833285968946185,unknown_1
9.538999557495117,261,0.05,184.36641221374043,0.8833285968946185,unknown_1
9.543595790863037,261,0.05,180.36641221374043,0.8833285968946185,unknown_1
9.543595790863037,261,0.05,177.36641221374043,0.8833285968946185,unknown_1
9.553814888000488,261,0.05,182.36641221374043,0.8833285968946185,unknown_1
9.560159921646118,261,0.05,180.36641221374043,0.8833285968946185,unknown_1
9.560159921646118,261,0.05,176.36641221374043,0.8833285968946185,unknown_1
9.570513010025024,260,0.05,181.36641221374043,0.879944196140233,unknown_1
9.578638315200806,260,0.05,181.36641221374043,0.879944196140233,unknown_1
9.582468509674072,260,0.05,177.36641221374043,0.879944196140233,unknown_1
9.58666205406189,260,0.05,181.36641221374043,0.879944196140233,unknown_1
9.593658208847046,260,0.05,183.36641221374043,0.879944196140233,unknown_1
9.593658208847046,261,0.05,178.36641221374043,0.8833285968946185,unknown_1
9.602071285247803,261,0.05,181.36641221374043,0.8833285968946185,unknown_1
9.602071285247803,261,0.05,183.36641221374043,0.8833285968946185,unknown_1
9.611804962158203,261,0.05,178.36641221374043,0.8833285968946185,unknown_1
9.619823217391968,261,0.05,179.36641221374043,0.8833285968946185,unknown_1
9.621927499771118,261,0.05,183.36641221374043,0.8833285968946185,unknown_1
9.62794828414917,261,0.05,178.36641221374043,0.8833285968946185,unknown_1
9.635987281799316,261,0.05,178.36641221374043,0.8833285968946185,unknown_1
9.638818264007568,261,0.05,183.36641221374043,0.8833285968946185,unknown_1
9.644332885742188,261,0.05,179.36641221374043,0.8833285968946185,unknown_1
9.652415037155151,261,0.05,178.36641221374043,0.8833285968946185,unknown_1
9.653430700302124,261,0.05,183.36641221374043,0.8833285968946185,unknown_1
9.65998101234436,261,0.05,181.36641221374043,0.8833285968946185,unknown_1
9.66803526878357,261,0.05,178.36641221374043,0.8833285968946185,unknown_1
9.670113563537598,260,0.05,183.36641221374043,0.879944196140233,unknown_1
9.676762819290161,260,0.05,181.36641221374043,0.879944196140233,unknown_1
9.684792518615723,260,0.05,177.36641221374043,0.879944196140233,unknown_1
9.688148260116577,260,0.05,181.36641221374043,0.879944196140233,unknown_1
9.693159341812134,260,0.05,181.36641221374043,0.879944196140233,unknown_1
9.70141315460205,261,0.05,176.36641221374043,0.8833285968946185,unknown_1
9.705429315567017,261,0.05,180.36641221374043,0.8833285968946185,unknown_1
9.70960021018982,261,0.05,182.36641221374043,0.8833285968946185,unknown_1
9.70960021018982,261,0.05,177.36641221374043,0.8833285968946185,unknown_1
9.719734191894531,261,0.05,180.36641221374043,0.8833285968946185,unknown_1
9.725906133651733,261,0.05,184.36641221374043,0.8833285968946185,unknown_1
9.726877450942993,261,0.05,179.36641221374043,0.8833285968946185,unknown_1
9.737289428710938,261,0.05,180.36641221374043,0.8833285968946185,unknown_1
9.742356538772583,261,0.05,184.36641221374043,0.8833285968946185,unknown_1
9.74291205406189,262,0.05,178.36641221374043,0.886712997649004,unknown_1
9.750246286392212,262,0.05,176.36641221374043,0.886712997649004,unknown_1
9.758634090423584,262,0.05,181.36641221374043,0.886712997649004,unknown_1
9.760174036026001,262,0.05,177.36641221374043,0.886712997649004,unknown_1
9.766748189926147,262,0.05,174.36641221374043,0.886712997649004,unknown_1
9.767403602600098,261,0.05,180.36641221374043,0.8833285968946185,unknown_1
9.776994466781616,261,0.05,178.36641221374043,0.8833285968946185,unknown_1
9.776994466781616,261,0.05,174.36641221374043,0.8833285968946185,unknown_1
9.787110090255737,261,0.05,179.36641221374043,0.8833285968946185,unknown_1
9.79374098777771,261,0.05,179.36641221374043,0.8833285968946185,unknown_1
9.79374098777771,261,0.05,174.36641221374043,0.8833285968946185,unknown_1
9.803509712219238,261,0.05,179.36641221374043,0.8833285968946185,unknown_1
9.810483455657959,261,0.05,180.36641221374043,0.8833285968946185,unknown_1
9.810483455657959,261,0.05,175.36641221374043,0.8833285968946185,unknown_1
9.818675994873047,261,0.05,179.36641221374043,0.8833285968946185,unknown_1
9.827213287353516,261,0.05,182.36641221374043,0.8833285968946185,unknown_1
9.827213287353516,261,0.05,177.36641221374043,0.8833285968946185,unknown_1
9.836272239685059,261,0.05,179.36641221374043,0.8833285968946185,unknown_1
9.8384268283844,261,0.05,184.36641221374043,0.8833285968946185,unknown_1
9.842867851257324,261,0.05,179.36641221374043,0.8833285968946185,unknown_1
9.852734565734863,261,0.05,179.36641221374043,0.8833285968946185,unknown_1
9.852734565734863,261,0.05,184.36641221374043,0.8833285968946185,unknown_1
9.859398603439331,261,0.05,180.36641221374043,0.8833285968946185,unknown_1
9.869122743606567,261,0.05,178.36641221374043,0.8833285968946185,unknown_1
9.869496822357178,261,0.05,183.36641221374043,0.8833285968946185,unknown_1
9.876595735549927,261,0.05,181.36641221374043,0.8833285968946185,unknown_1
9.884892225265503,261,0.05,178.36641221374043,0.8833285968946185,unknown_1
9.887234926223755,260,0.05,183.36641221374043,0.879944196140233,unknown_1
9.891606569290161,260,0.05,182.36641221374043,0.879944196140233,unknown_1
9.900795221328735,260,0.05,178.36641221374043,0.879944196140233,unknown_1
9.905664205551147,260,0.05,182.36641221374043,0.879944196140233,unknown_1
9.908023595809937,260,0.05,182.36641221374043,0.879944196140233,unknown_1
9.908023595809937,261,0.05,177.36641221374043,0.8833285968946185,unknown_1
9.919051885604858,261,0.05,180.36641221374043,0.8833285968946185,unknown_1
9.926294326782227,261,0.05,182.36641221374043,0.8833285968946185,unknown_1
9.926294326782227,261,0.05,177.36641221374043,0.8833285968946185,unknown_1
9.935121297836304,261,0.05,180.36641221374043,0.8833285968946185,unknown_1
9.942386150360107,261,0.05,184.36641221374043,0.8833285968946185,unknown_1
9.942386150360107,261,0.05,179.36641221374043,0.8833285968946185,unknown_1
9.951245069503784,261,0.05,180.36641221374043,0.8833285968946185,unknown_1
9.959704399108887,261,0.05,185.36641221374043,0.8833285968946185,unknown_1
9.960163831710815,261,0.05,180.36641221374043,0.8833285968946185,unknown_1
9.966952085494995,261,0.05,179.36641221374043,0.8833285968946185,unknown_1
9.974957466125488,261,0.05,184.36641221374043,0.8833285968946185,unknown_1
9.979391813278198,261,0.05,181.36641221374043,0.8833285968946185,unknown_1
9.983386993408203,261,0.05,178.36641221374043,0.8833285968946185,unknown_1
9.991864681243896,260,0.05,183.36641221374043,0.879944196140233,unknown_1
9.994443893432617,260,0.05,181.36641221374043,0.879944196140233,unknown_1
10.000096082687378,260,0.05,177.36641221374043,0.879944196140233,unknown_1
10.002297639846802,260,0.05,181.36641221374043,0.879944196140233,unknown_1
10.008529901504517,260,0.05,181.36641221374043,0.879944196140233,unknown_1
10.016042232513428,261,0.05,176.36641221374043,0.8833285968946185,unknown_1
10.01976490020752,261,0.05,180.36641221374043,0.8833285968946185,unknown_1
10.028132200241089,261,0.05,182.36641221374043,0.8833285968946185,unknown_1
10.032739639282227,261,0.05,177.36641221374043,0.8833285968946185,unknown_1
10.032739639282227,261,0.05,179.36641221374043,0.8833285968946185,unknown_1
10.040899991989136,261,0.05,182.36641221374043,0.8833285968946185,unknown_1
10.049097299575806,262,0.05,176.36641221374043,0.886712997649004,unknown_1
10.051927328109741,262,0.05,176.36641221374043,0.886712997649004,unknown_1
10.057780504226685,262,0.05,180.36641221374043,0.886712997649004,unknown_1
10.065922737121582,262,0.05,176.36641221374043,0.886712997649004,unknown_1
10.069279193878174,262,0.05,176.36641221374043,0.886712997649004,unknown_1
10.071281671524048,261,0.05,182.36641221374043,0.8833285968946185,unknown_1
10.076914072036743,261,0.05,179.36641221374043,0.8833285968946185,unknown_1
10.082425117492676,261,0.05,177.36641221374043,0.8833285968946185,unknown_1
10.090442180633545,261,0.05,182.36641221374043,0.8833285968946185,unknown_1
10.092092990875244,261,0.05,179.36641221374043,0.8833285968946185,unknown_1
10.098694562911987,261,0.05,175.36641221374043,0.8833285968946185,unknown_1
10.106721878051758,261,0.05,180.36641221374043,0.8833285968946185,unknown_1
10.108805656433105,261,0.05,180.36641221374043,0.8833285968946185,unknown_1
10.11482548713684,261,0.05,175.36641221374043,0.8833285968946185,unknown_1
10.122913837432861,261,0.05,180.36641221374043,0.8833285968946185,unknown_1
10.126101016998291,261,0.05,182.36641221374043,0.8833285968946185,unknown_1
10.131117343902588,261,0.05,177.36641221374043,0.8833285968946185,unknown_1
10.139260053634644,261,0.05,180.36641221374043,0.8833285968946185,unknown_1
10.142203330993652,261,0.05,183.36641221374043,0.8833285968946185,unknown_1
10.14772653579712,261,0.05,178.36641221374043,0.8833285968946185,unknown_1
10.14772653579712,261,0.05,179.36641221374043,0.8833285968946185,unknown_1
10.158392429351807,261,0.05,183.36641221374043,0.8833285968946185,unknown_1
10.163912534713745,261,0.05,178.36641221374043,0.8833285968946185,unknown_1
10.163912534713745,261,0.05,178.36641221374043,0.8833285968946185,unknown_1
10.174140691757202,261,0.05,183.36641221374043,0.8833285968946185,unknown_1
10.180157661437988,261,0.05,179.36641221374043,0.8833285968946185,unknown_1
10.180157661437988,261,0.05,178.36641221374043,0.8833285968946185,unknown_1
10.190252304077148,261,0.05,183.36641221374043,0.8833285968946185,unknown_1
10.196825504302979,261,0.05,181.36641221374043,0.8833285968946185,unknown_1
10.196825504302979,261,0.05,178.36641221374043,0.8833285968946185,unknown_1
10.204843759536743,260,0.05,183.36641221374043,0.879944196140233,unknown_1
10.213256120681763,260,0.05,182.36641221374043,0.879944196140233,unknown_1
10.213256120681763,260,0.05,178.36641221374043,0.879944196140233,unknown_1
10.221280097961426,260,0.05,182.36641221374043,0.879944196140233,unknown_1
10.22880244255066,260,0.05,182.36641221374043,0.879944196140233,unknown_1
10.22880244255066,261,0.05,177.36641221374043,0.8833285968946185,unknown_1
10.23762321472168,261,0.05,180.36641221374043,0.8833285968946185,unknown_1
10.23762321472168,261,0.05,182.36641221374043,0.8833285968946185,unknown_1
10.249735355377197,261,0.05,177.36641221374043,0.8833285968946185,unknown_1
10.254106998443604,261,0.05,180.36641221374043,0.8833285968946185,unknown_1
10.255850076675415,261,0.05,184.36641221374043,0.8833285968946185,unknown_1
10.26326298713684,261,0.05,179.36641221374043,0.8833285968946185,unknown_1
10.269861936569214,261,0.05,180.36641221374043,0.8833285968946185,unknown_1
10.273300886154175,261,0.05,185.36641221374043,0.8833285968946185,unknown_1
10.278369426727295,261,0.05,180.36641221374043,0.8833285968946185,unknown_1
10.286673069000244,261,0.05,179.36641221374043,0.8833285968946185,unknown_1
10.290389060974121,261,0.05,184.36641221374043,0.8833285968946185,unknown_1
10.295023202896118,261,0.05,180.36641221374043,0.8833285968946185,unknown_1
10.303510189056396,261,0.05,177.36641221374043,0.8833285968946185,unknown_1
10.306450843811035,261,0.05,182.36641221374043,0.8833285968946185,unknown_1
10.31174349784851,261,0.05,180.36641221374043,0.8833285968946185,unknown_1
10.31174349784851,261,0.05,176.36641221374043,0.8833285968946185,unknown_1
10.322417974472046,260,0.05,181.36641221374043,0.879944196140233,unknown_1
10.326299905776978,260,0.05,181.36641221374043,0.879944196140233,unknown_1
10.328314304351807,260,0.05,177.36641221374043,0.879944196140233,unknown_1
10.338299989700317,260,0.05,181.36641221374043,0.879944196140233,unknown_1
10.343361854553223,260,0.05,183.36641221374043,0.879944196140233,unknown_1
10.344873905181885,261,0.05,178.36641221374043,0.8833285968946185,unknown_1
10.354915618896484,261,0.05,181.36641221374043,0.8833285968946185,unknown_1
10.359802484512329,261,0.05,184.36641221374043,0.8833285968946185,unknown_1
10.361317873001099,261,0.05,179.36641221374043,0.8833285968946185,unknown_1
10.361317873001099,261,0.05,180.36641221374043,0.8833285968946185,unknown_1
10.371293067932129,261,0.05,184.36641221374043,0.8833285968946185,unknown_1
10.37781047821045,261,0.05,179.36641221374043,0.8833285968946185,unknown_1
10.37781047821045,261,0.05,178.36641221374043,0.8833285968946185,unknown_1
10.389742136001587,261,0.05,183.36641221374043,0.8833285968946185,unknown_1
10.394260883331299,261,0.05,179.36641221374043,0.8833285968946185,unknown_1
10.394260883331299,261,0.05,178.36641221374043,0.8833285968946185,unknown_1
10.40451717376709,261,0.05,183.36641221374043,0.8833285968946185,unknown_1
10.41053318977356,261,0.05,181.36641221374043,0.8833285968946185,unknown_1
10.41053318977356,261,0.05,178.36641221374043,0.8833285968946185,unknown_1
10.42134952545166,260,0.05,183.36641221374043,0.879944196140233,unknown_1
10.42792296409607,260,0.05,181.36641221374043,0.879944196140233,unknown_1
10.42792296409607,260,0.05,177.36641221374043,0.879944196140233,unknown_1
10.437609672546387,260,0.05,181.36641221374043,0.879944196140233,unknown_1
10.437609672546387,260,0.05,181.36641221374043,0.879944196140233,unknown_1
10.44362759590149,261,0.05,176.36641221374043,0.8833285968946185,unknown_1
10.45457410812378,261,0.05,180.36641221374043,0.8833285968946185,unknown_1
10.45457410812378,261,0.05,182.36641221374043,0.8833285968946185,unknown_1
10.46009373664856,261,0.05,177.36641221374043,0.8833285968946185,unknown_1
10.470431327819824,261,0.05,179.36641221374043,0.8833285968946185,unknown_1
10.470431327819824,261,0.05,183.36641221374043,0.8833285968946185,unknown_1
10.476940393447876,261,0.05,178.36641221374043,0.8833285968946185,unknown_1
10.487722635269165,261,0.05,178.36641221374043,0.8833285968946185,unknown_1
10.487722635269165,261,0.05,183.36641221374043,0.8833285968946185,unknown_1
10.493727445602417,261,0.05,179.36641221374043,0.8833285968946185,unknown_1
10.502849817276001,261,0.05,178.36641221374043,0.8833285968946185,unknown_1
10.504971027374268,261,0.05,183.36641221374043,0.8833285968946185,unknown_1
10.510232925415039,261,0.05,180.36641221374043,0.8833285968946185,unknown_1
10.510232925415039,261,0.05,177.36641221374043,0.8833285968946185,unknown_1
10.520161390304565,261,0.05,182.36641221374043,0.8833285968946185,unknown_1
10.526385307312012,261,0.05,180.36641221374043,0.8833285968946185,unknown_1
10.526385307312012,261,0.05,176.36641221374043,0.8833285968946185,unknown_1
10.536896705627441,260,0.05,181.36641221374043,0.879944196140233,unknown_1
10.54328203201294,260,0.05,181.36641221374043,0.879944196140233,unknown_1
10.54328203201294,261,0.05,176.36641221374043,0.8833285968946185,unknown_1
10.553130149841309,261,0.05,180.36641221374043,0.8833285968946185,unknown_1
10.559568166732788,261,0.05,182.36641221374043,0.8833285968946185,unknown_1
10.559568166732788,261,0.05,177.36641221374043,0.8833285968946185,unknown_1
10.569562196731567,261,0.05,180.36641221374043,0.8833285968946185,unknown_1
10.579062700271606,261,0.05,184.36641221374043,0.8833285968946185,unknown_1
10.588420867919922,261,0.05,179.36641221374043,0.8833285968946185,unknown_1
10.591364860534668,261,0.05,180.36641221374043,0.8833285968946185,unknown_1
10.592422723770142,261,0.05,184.36641221374043,0.8833285968946185,unknown_1
10.592422723770142,261,0.05,179.36641221374043,0.8833285968946185,unknown_1
10.602180242538452,261,0.05,178.36641221374043,0.8833285968946185,unknown_1
10.602180242538452,261,0.05,183.36641221374043,0.8833285968946185,unknown_1
10.60823130607605,261,0.05,179.36641221374043,0.8833285968946185,unknown_1
10.617637157440186,261,0.05,177.36641221374043,0.8833285968946185,unknown_1
10.620893478393555,261,0.05,182.36641221374043,0.8833285968946185,unknown_1
10.626913070678711,261,0.05,180.36641221374043,0.8833285968946185,unknown_1
10.634963274002075,261,0.05,177.36641221374043,0.8833285968946185,unknown_1
10.634963274002075,260,0.05,182.36641221374043,0.879944196140233,unknown_1
10.642603874206543,260,0.05,182.36641221374043,0.879944196140233,unknown_1
10.650933027267456,261,0.05,177.36641221374043,0.8833285968946185,unknown_1
10.653578996658325,261,0.05,181.36641221374043,0.8833285968946185,unknown_1
10.65767502784729,261,0.05,182.36641221374043,0.8833285968946185,unknown_1
10.666800022125244,261,0.05,177.36641221374043,0.8833285968946185,unknown_1
10.672096967697144,261,0.05,180.36641221374043,0.8833285968946185,unknown_1
10.673666715621948,261,0.05,183.36641221374043,0.8833285968946185,unknown_1
10.673666715621948,261,0.05,178.36641221374043,0.8833285968946185,unknown_1
10.681686878204346,261,0.05,179.36641221374043,0.8833285968946185,unknown_1
10.692169904708862,261,0.05,183.36641221374043,0.8833285968946185,unknown_1
10.692169904708862,261,0.05,178.36641221374043,0.8833285968946185,unknown_1
10.70016622543335,261,0.05,178.36641221374043,0.8833285968946185,unknown_1
10.708815813064575,261,0.05,183.36641221374043,0.8833285968946185,unknown_1
10.708815813064575,261,0.05,179.36641221374043,0.8833285968946185,unknown_1
10.714829683303833,261,0.05,178.36641221374043,0.8833285968946185,unknown_1
10.725044965744019,261,0.05,183.36641221374043,0.8833285968946185,unknown_1
10.725044965744019,261,0.05,181.36641221374043,0.8833285968946185,unknown_1
10.732060432434082,261,0.05,178.36641221374043,0.8833285968946185,unknown_1
10.74066972732544,260,0.05,183.36641221374043,0.879944196140233,unknown_1
10.744038105010986,260,0.05,181.36641221374043,0.879944196140233,unknown_1
10.7490234375,260,0.05,177.36641221374043,0.879944196140233,unknown_1
10.757501125335693,260,0.05,181.36641221374043,0.879944196140233,unknown_1
10.760910034179688,260,0.05,181.36641221374043,0.879944196140233,unknown_1
10.764862537384033,261,0.05,176.36641221374043,0.8833285968946185,unknown_1
10.769241571426392,261,0.05,180.36641221374043,0.8833285968946185,unknown_1
10.77538800239563,261,0.05,182.36641221374043,0.8833285968946185,unknown_1
10.780410766601562,261,0.05,177.36641221374043,0.8833285968946185,unknown_1
10.780410766601562,261,0.05,180.36641221374043,0.8833285968946185,unknown_1
10.790431261062622,261,0.05,184.36641221374043,0.8833285968946185,unknown_1
10.797041177749634,261,0.05,179.36641221374043,0.8833285968946185,unknown_1
10.797041177749634,261,0.05,180.36641221374043,0.8833285968946185,unknown_1
10.805943965911865,261,0.05,185.36641221374043,0.8833285968946185,unknown_1
10.813404321670532,261,0.05,180.36641221374043,0.8833285968946185,unknown_1
10.813404321670532,261,0.05,179.36641221374043,0.8833285968946185,unknown_1
10.823299884796143,261,0.05,184.36641221374043,0.8833285968946185,unknown_1
10.8310227394104,261,0.05,181.36641221374043,0.8833285968946185,unknown_1
10.8310227394104,261,0.05,178.36641221374043,0.8833285968946185,unknown_1
10.839021921157837,260,0.05,183.36641221374043,0.879944196140233,unknown_1
10.841385126113892,260,0.05,181.36641221374043,0.879944196140233,unknown_1
10.846495389938354,260,0.05,177.36641221374043,0.879944196140233,unknown_1
10.856186628341675,260,0.05,181.36641221374043,0.879944196140233,unknown_1
10.856186628341675,260,0.05,180.36641221374043,0.879944196140233,unknown_1
10.862710237503052,261,0.05,175.36641221374043,0.8833285968946185,unknown_1
10.872742891311646,261,0.05,179.36641221374043,0.8833285968946185,unknown_1
10.87284803390503,261,0.05,180.36641221374043,0.8833285968946185,unknown_1
10.878905296325684,261,0.05,175.36641221374043,0.8833285968946185,unknown_1
10.887986898422241,261,0.05,178.36641221374043,0.8833285968946185,unknown_1
10.89275860786438,261,0.05,181.36641221374043,0.8833285968946185,unknown_1
10.895754337310791,261,0.05,176.36641221374043,0.8833285968946185,unknown_1
10.90487790107727,261,0.05,178.36641221374043,0.8833285968946185,unknown_1
10.907235860824585,261,0.05,182.36641221374043,0.8833285968946185,unknown_1
10.91229796409607,261,0.05,178.36641221374043,0.8833285968946185,unknown_1
10.92148494720459,261,0.05,178.36641221374043,0.8833285968946185,unknown_1
10.923656702041626,261,0.05,183.36641221374043,0.8833285968946185,unknown_1
10.928693056106567,261,0.05,179.36641221374043,0.8833285968946185,unknown_1
10.928693056106567,261,0.05,177.36641221374043,0.8833285968946185,unknown_1
10.938831806182861,261,0.05,182.36641221374043,0.8833285968946185,unknown_1
10.944849967956543,261,0.05,180.36641221374043,0.8833285968946185,unknown_1
10.944849967956543,261,0.05,176.36641221374043,0.8833285968946185,unknown_1
10.954939365386963,260,0.05,181.36641221374043,0.879944196140233,unknown_1
10.960957288742065,260,0.05,180.36641221374043,0.879944196140233,unknown_1
10.960957288742065,260,0.05,176.36641221374043,0.879944196140233,unknown_1
10.971004009246826,260,0.05,180.36641221374043,0.879944196140233,unknown_1
10.9773588180542,260,0.05,181.36641221374043,0.879944196140233,unknown_1
10.9773588180542,261,0.05,176.36641221374043,0.8833285968946185,unknown_1
10.987374305725098,261,0.05,180.36641221374043,0.8833285968946185,unknown_1
10.993895053863525,261,0.05,182.36641221374043,0.8833285968946185,unknown_1
10.993895053863525,261,0.05,177.36641221374043,0.8833285968946185,unknown_1
11.002797842025757,261,0.05,180.36641221374043,0.8833285968946185,unknown_1
11.004288911819458,261,0.05,184.36641221374043,0.8833285968946185,unknown_1
11.01015591621399,261,0.05,179.36641221374043,0.8833285968946185,unknown_1
11.02021336555481,261,0.05,180.36641221374043,0.8833285968946185,unknown_1
11.02021336555481,261,0.05,185.36641221374043,0.8833285968946185,unknown_1
11.026728391647339,261,0.05,180.36641221374043,0.8833285968946185,unknown_1
11.035626649856567,261,0.05,179.36641221374043,0.8833285968946185,unknown_1
11.03738784790039,261,0.05,184.36641221374043,0.8833285968946185,unknown_1
11.04274845123291,261,0.05,181.36641221374043,0.8833285968946185,unknown_1
11.051219463348389,261,0.05,178.36641221374043,0.8833285968946185,unknown_1
11.051219463348389,260,0.05,183.36641221374043,0.879944196140233,unknown_1
11.061758995056152,260,0.05,181.36641221374043,0.879944196140233,unknown_1
11.068111658096313,260,0.05,177.36641221374043,0.879944196140233,unknown_1
11.068111658096313,260,0.05,181.36641221374043,0.879944196140233,unknown_1
11.07659387588501,260,0.05,181.36641221374043,0.879944196140233,unknown_1
11.08543348312378,261,0.05,176.36641221374043,0.8833285968946185,unknown_1
11.088782548904419,261,0.05,180.36641221374043,0.8833285968946185,unknown_1
11.093294620513916,261,0.05,182.36641221374043,0.8833285968946185,unknown_1
11.097034215927124,261,0.05,177.36641221374043,0.8833285968946185,unknown_1
11.10185694694519,261,0.05,180.36641221374043,0.8833285968946185,unknown_1
11.10988974571228,261,0.05,184.36641221374043,0.8833285968946185,unknown_1
11.10988974571228,261,0.05,179.36641221374043,0.8833285968946185,unknown_1
11.11965799331665,261,0.05,180.36641221374043,0.8833285968946185,unknown_1
11.12601900100708,261,0.05,184.36641221374043,0.8833285968946185,unknown_1
11.127631664276123,261,0.05,179.36641221374043,0.8833285968946185,unknown_1
11.134580850601196,261,0.05,178.36641221374043,0.8833285968946185,unknown_1
11.142770528793335,261,0.05,183.36641221374043,0.8833285968946185,unknown_1
11.143932104110718,261,0.05,179.36641221374043,0.8833285968946185,unknown_1
11.151135444641113,261,0.05,178.36641221374043,0.8833285968946185,unknown_1
11.151135444641113,261,0.05,183.36641221374043,0.8833285968946185,unknown_1
11.202260255813599,261,0.05,181.36641221374043,0.8833285968946185,unknown_1
11.218573331832886,261,0.05,178.36641221374043,0.8833285968946185,unknown_1
11.218573331832886,260,0.05,183.36641221374043,0.879944196140233,unknown_1
11.218573331832886,260,0.05,182.36641221374043,0.879944196140233,unknown_1
11.218573331832886,260,0.05,178.36641221374043,0.879944196140233,unknown_1
11.218573331832886,260,0.05,182.36641221374043,0.879944196140233,unknown_1
11.218573331832886,260,0.05,183.36641221374043,0.879944196140233,unknown_1
11.227399349212646,260,0.05,179.36641221374043,0.879944196140233,unknown_1
11.227399349212646,260,0.05,182.36641221374043,0.879944196140233,unknown_1
11.227399349212646,260,0.05,185.36641221374043,0.879944196140233,unknown_1
11.227399349212646,261,0.05,180.36641221374043,0.8833285968946185,unknown_1
11.227399349212646,261,0.05,182.36641221374043,0.8833285968946185,unknown_1
11.227399349212646,261,0.05,186.36641221374043,0.8833285968946185,unknown_1
11.227399349212646,261,0.05,181.36641221374043,0.8833285968946185,unknown_1
11.235411405563354,261,0.05,181.36641221374043,0.8833285968946185,unknown_1
11.235411405563354,261,0.05,186.36641221374043,0.8833285968946185,unknown_1
11.243948221206665,261,0.05,182.36641221374043,0.8833285968946185,unknown_1
11.253423929214478,261,0.05,180.36641221374043,0.8833285968946185,unknown_1
11.253423929214478,260,0.05,185.36641221374043,0.879944196140233,unknown_1
11.260908842086792,260,0.05,182.36641221374043,0.879944196140233,unknown_1
11.268274068832397,260,0.05,179.36641221374043,0.879944196140233,unknown_1
11.270334005355835,260,0.05,183.36641221374043,0.879944196140233,unknown_1
11.278313398361206,260,0.05,181.36641221374043,0.879944196140233,unknown_1
11.286553859710693,260,0.05,177.36641221374043,0.879944196140233,unknown_1
11.288248777389526,260,0.05,181.36641221374043,0.879944196140233,unknown_1
11.294839859008789,260,0.05,181.36641221374043,0.879944196140233,unknown_1
11.294839859008789,261,0.05,176.36641221374043,0.8833285968946185,unknown_1
11.30325698852539,261,0.05,180.36641221374043,0.8833285968946185,unknown_1
11.31103515625,261,0.05,182.36641221374043,0.8833285968946185,unknown_1
11.311485528945923,261,0.05,177.36641221374043,0.8833285968946185,unknown_1
11.319903135299683,261,0.05,180.36641221374043,0.8833285968946185,unknown_1
11.326703786849976,261,0.05,184.36641221374043,0.8833285968946185,unknown_1
11.328088283538818,261,0.05,179.36641221374043,0.8833285968946185,unknown_1
11.328088283538818,261,0.05,180.36641221374043,0.8833285968946185,unknown_1
11.33806037902832,261,0.05,185.36641221374043,0.8833285968946185,unknown_1
11.345621109008789,261,0.05,180.36641221374043,0.8833285968946185,unknown_1
11.345621109008789,261,0.05,179.36641221374043,0.8833285968946185,unknown_1
11.356544733047485,261,0.05,184.36641221374043,0.8833285968946185,unknown_1
11.362054586410522,261,0.05,181.36641221374043,0.8833285968946185,unknown_1
11.362054586410522,261,0.05,178.36641221374043,0.8833285968946185,unknown_1
11.37204623222351,260,0.05,183.36641221374043,0.879944196140233,unknown_1
11.378273963928223,260,0.05,181.36641221374043,0.879944196140233,unknown_1
11.378273963928223,260,0.05,177.36641221374043,0.879944196140233,unknown_1
11.38895297050476,260,0.05,181.36641221374043,0.879944196140233,unknown_1
11.395880699157715,260,0.05,181.36641221374043,0.879944196140233,unknown_1
11.397692918777466,261,0.05,176.36641221374043,0.8833285968946185,unknown_1
11.404325485229492,261,0.05,180.36641221374043,0.8833285968946185,unknown_1
11.404325485229492,261,0.05,181.36641221374043,0.8833285968946185,unknown_1
11.411757230758667,261,0.05,176.36641221374043,0.8833285968946185,unknown_1
11.421577453613281,261,0.05,179.36641221374043,0.8833285968946185,unknown_1
11.422389268875122,261,0.05,182.36641221374043,0.8833285968946185,unknown_1
11.428809881210327,261,0.05,177.36641221374043,0.8833285968946185,unknown_1
11.437472105026245,261,0.05,179.36641221374043,0.8833285968946185,unknown_1
11.437472105026245,261,0.05,183.36641221374043,0.8833285968946185,unknown_1
11.445683479309082,261,0.05,178.36641221374043,0.8833285968946185,unknown_1
11.45366883277893,261,0.05,178.36641221374043,0.8833285968946185,unknown_1
11.45366883277893,261,0.05,183.36641221374043,0.8833285968946185,unknown_1
11.460952758789062,261,0.05,179.36641221374043,0.8833285968946185,unknown_1
11.469321727752686,261,0.05,178.36641221374043,0.8833285968946185,unknown_1
11.474468469619751,261,0.05,183.36641221374043,0.8833285968946185,unknown_1
11.478280782699585,261,0.05,181.36641221374043,0.8833285968946185,unknown_1
11.48620343208313,261,0.05,177.36641221374043,0.8833285968946185,unknown_1
11.491565942764282,260,0.05,182.36641221374043,0.879944196140233,unknown_1
11.495310544967651,260,0.05,181.36641221374043,0.879944196140233,unknown_1
11.495310544967651,260,0.05,177.36641221374043,0.879944196140233,unknown_1
11.504191160202026,260,0.05,181.36641221374043,0.879944196140233,unknown_1
11.51152491569519,260,0.05,183.36641221374043,0.879944196140233,unknown_1
11.51152491569519,261,0.05,178.36641221374043,0.8833285968946185,unknown_1
11.520236015319824,261,0.05,181.36641221374043,0.8833285968946185,unknown_1
11.527493715286255,261,0.05,183.36641221374043,0.8833285968946185,unknown_1
11.527493715286255,261,0.05,178.36641221374043,0.8833285968946185,unknown_1
11.535702228546143,261,0.05,179.36641221374043,0.8833285968946185,unknown_1
11.54526948928833,261,0.05,183.36641221374043,0.8833285968946185,unknown_1
11.545906066894531,261,0.05,178.36641221374043,0.8833285968946185,unknown_1
11.552263259887695,261,0.05,179.36641221374043,0.8833285968946185,unknown_1
11.552263259887695,261,0.05,184.36641221374043,0.8833285968946185,unknown_1
11.563101291656494,261,0.05,180.36641221374043,0.8833285968946185,unknown_1
11.563101291656494,261,0.05,179.36641221374043,0.8833285968946185,unknown_1
11.573381900787354,261,0.05,184.36641221374043,0.8833285968946185,unknown_1
11.578479766845703,261,0.05,181.36641221374043,0.8833285968946185,unknown_1
11.578479766845703,261,0.05,178.36641221374043,0.8833285968946185,unknown_1
11.589473009109497,260,0.05,183.36641221374043,0.879944196140233,unknown_1
11.594951152801514,260,0.05,181.36641221374043,0.879944196140233,unknown_1
11.594951152801514,260,0.05,177.36641221374043,0.879944196140233,unknown_1
11.604887962341309,260,0.05,181.36641221374043,0.879944196140233,unknown_1
11.604887962341309,260,0.05,181.36641221374043,0.879944196140233,unknown_1
11.6116943359375,261,0.05,176.36641221374043,0.8833285968946185,unknown_1
11.622196674346924,261,0.05,180.36641221374043,0.8833285968946185,unknown_1
11.622196674346924,261,0.05,182.36641221374043,0.8833285968946185,unknown_1
11.628437757492065,261,0.05,177.36641221374043,0.8833285968946185,unknown_1
11.638652324676514,261,0.05,180.36641221374043,0.8833285968946185,unknown_1
11.638652324676514,261,0.05,184.36641221374043,0.8833285968946185,unknown_1
11.645430564880371,261,0.05,179.36641221374043,0.8833285968946185,unknown_1
11.653134107589722,261,0.05,180.36641221374043,0.8833285968946185,unknown_1
11.655502796173096,261,0.05,184.36641221374043,0.8833285968946185,unknown_1
11.662192106246948,261,0.05,179.36641221374043,0.8833285968946185,unknown_1
11.669573783874512,261,0.05,178.36641221374043,0.8833285968946185,unknown_1
11.672672748565674,261,0.05,183.36641221374043,0.8833285968946185,unknown_1
11.678061246871948,261,0.05,179.36641221374043,0.8833285968946185,unknown_1
11.686313390731812,261,0.05,177.36641221374043,0.8833285968946185,unknown_1
11.691519975662231,261,0.05,182.36641221374043,0.8833285968946185,unknown_1
11.69467306137085,261,0.05,180.36641221374043,0.8833285968946185,unknown_1
11.69467306137085,261,0.05,177.36641221374043,0.8833285968946185,unknown_1
11.706501483917236,260,0.05,182.36641221374043,0.879944196140233,unknown_1
11.710582733154297,260,0.05,181.36641221374043,0.879944196140233,unknown_1
11.710582733154297,261,0.05,176.36641221374043,0.8833285968946185,unknown_1
11.720347881317139,261,0.05,180.36641221374043,0.8833285968946185,unknown_1
11.728094100952148,261,0.05,180.36641221374043,0.8833285968946185,unknown_1
11.728094100952148,261,0.05,175.36641221374043,0.8833285968946185,unknown_1
11.735578060150146,261,0.05,179.36641221374043,0.8833285968946185,unknown_1
11.745816946029663,261,0.05,182.36641221374043,0.8833285968946185,unknown_1
11.745816946029663,261,0.05,177.36641221374043,0.8833285968946185,unknown_1
11.751941442489624,261,0.05,179.36641221374043,0.8833285968946185,unknown_1
11.761658430099487,261,0.05,183.36641221374043,0.8833285968946185,unknown_1
11.762603044509888,261,0.05,178.36641221374043,0.8833285968946185,unknown_1
11.768415689468384,261,0.05,178.36641221374043,0.8833285968946185,unknown_1
11.768415689468384,261,0.05,183.36641221374043,0.8833285968946185,unknown_1
11.777881383895874,261,0.05,179.36641221374043,0.8833285968946185,unknown_1
11.78511667251587,261,0.05,177.36641221374043,0.8833285968946185,unknown_1
11.786258459091187,261,0.05,182.36641221374043,0.8833285968946185,unknown_1
11.79830551147461,261,0.05,180.36641221374043,0.8833285968946185,unknown_1
11.802221298217773,261,0.05,177.36641221374043,0.8833285968946185,unknown_1
11.802221298217773,260,0.05,182.36641221374043,0.879944196140233,unknown_1
11.811426401138306,260,0.05,181.36641221374043,0.879944196140233,unknown_1
11.81737232208252,260,0.05,177.36641221374043,0.879944196140233,unknown_1
11.81908893585205,260,0.05,181.36641221374043,0.879944196140233,unknown_1
11.82730507850647,260,0.05,181.36641221374043,0.879944196140233,unknown_1
11.834000825881958,261,0.05,176.36641221374043,0.8833285968946185,unknown_1
11.836840629577637,261,0.05,180.36641221374043,0.8833285968946185,unknown_1
11.841165542602539,261,0.05,182.36641221374043,0.8833285968946185,unknown_1
11.851918935775757,261,0.05,177.36641221374043,0.8833285968946185,unknown_1
11.854677438735962,261,0.05,179.36641221374043,0.8833285968946185,unknown_1
11.854677438735962,261,0.05,183.36641221374043,0.8833285968946185,unknown_1
11.861497402191162,261,0.05,178.36641221374043,0.8833285968946185,unknown_1
11.871435165405273,261,0.05,179.36641221374043,0.8833285968946185,unknown_1
11.871435165405273,261,0.05,184.36641221374043,0.8833285968946185,unknown_1
11.877843141555786,261,0.05,180.36641221374043,0.8833285968946185,unknown_1
11.88578200340271,261,0.05,179.36641221374043,0.8833285968946185,unknown_1
11.892151117324829,261,0.05,184.36641221374043,0.8833285968946185,unknown_1
11.895265340805054,261,0.05,181.36641221374043,0.8833285968946185,unknown_1
11.895265340805054,261,0.05,178.36641221374043,0.8833285968946185,unknown_1
11.905762195587158,260,0.05,183.36641221374043,0.879944196140233,unknown_1
11.91117787361145,260,0.05,181.36641221374043,0.879944196140233,unknown_1
11.91117787361145,260,0.05,177.36641221374043,0.879944196140233,unknown_1
11.919454574584961,260,0.05,181.36641221374043,0.879944196140233,unknown_1
11.928161382675171,260,0.05,181.36641221374043,0.879944196140233,unknown_1
11.928161382675171,260,0.05,177.36641221374043,0.879944196140233,unknown_1
11.93767499923706,260,0.05,181.36641221374043,0.879944196140233,unknown_1
11.945849895477295,260,0.05,183.36641221374043,0.879944196140233,unknown_1
11.956025123596191,261,0.05,178.36641221374043,0.8833285968946185,unknown_1
11.956025123596191,261,0.05,181.36641221374043,0.8833285968946185,unknown_1
11.961238622665405,261,0.05,184.36641221374043,0.8833285968946185,unknown_1
11.961238622665405,261,0.05,179.36641221374043,0.8833285968946185,unknown_1
11.969784259796143,261,0.05,180.36641221374043,0.8833285968946185,unknown_1
11.969784259796143,261,0.05,185.36641221374043,0.8833285968946185,unknown_1
11.97777009010315,261,0.05,180.36641221374043,0.8833285968946185,unknown_1
11.986106634140015,261,0.05,179.36641221374043,0.8833285968946185,unknown_1
11.987423419952393,261,0.05,184.36641221374043,0.8833285968946185,unknown_1
11.993998765945435,261,0.05,180.36641221374043,0.8833285968946185,unknown_1
12.002208948135376,261,0.05,178.36641221374043,0.8833285968946185,unknown_1
12.003639698028564,261,0.05,183.36641221374043,0.8833285968946185,unknown_1
12.011766195297241,261,0.05,181.36641221374043,0.8833285968946185,unknown_1
12.01924753189087,261,0.05,178.36641221374043,0.8833285968946185,unknown_1
12.021719217300415,260,0.05,183.36641221374043,0.879944196140233,unknown_1
12.028018474578857,260,0.05,182.36641221374043,0.879944196140233,unknown_1
12.035962581634521,260,0.05,178.36641221374043,0.879944196140233,unknown_1
12.035962581634521,260,0.05,182.36641221374043,0.879944196140233,unknown_1
12.04329252243042,260,0.05,182.36641221374043,0.879944196140233,unknown_1
12.05197525024414,261,0.05,177.36641221374043,0.8833285968946185,unknown_1
12.05197525024414,261,0.05,180.36641221374043,0.8833285968946185,unknown_1
12.060692548751831,261,0.05,182.36641221374043,0.8833285968946185,unknown_1
12.062637090682983,261,0.05,177.36641221374043,0.8833285968946185,unknown_1
12.07034182548523,261,0.05,179.36641221374043,0.8833285968946185,unknown_1
12.07359504699707,261,0.05,183.36641221374043,0.8833285968946185,unknown_1
12.078617095947266,261,0.05,178.36641221374043,0.8833285968946185,unknown_1
12.08598804473877,261,0.05,178.36641221374043,0.8833285968946185,unknown_1
12.092883825302124,261,0.05,183.36641221374043,0.8833285968946185,unknown_1
12.094425439834595,261,0.05,179.36641221374043,0.8833285968946185,unknown_1
12.094425439834595,261,0.05,178.36641221374043,0.8833285968946185,unknown_1
12.103935956954956,261,0.05,183.36641221374043,0.8833285968946185,unknown_1
12.11204719543457,261,0.05,180.36641221374043,0.8833285968946185,unknown_1
12.11204719543457,261,0.05,177.36641221374043,0.8833285968946185,unknown_1
12.12570595741272,261,0.05,182.36641221374043,0.8833285968946185,unknown_1
12.128058433532715,261,0.05,180.36641221374043,0.8833285968946185,unknown_1
12.128058433532715,261,0.05,176.36641221374043,0.8833285968946185,unknown_1
12.137888431549072,260,0.05,181.36641221374043,0.879944196140233,unknown_1
12.14542293548584,260,0.05,181.36641221374043,0.879944196140233,unknown_1
12.14542293548584,261,0.05,176.36641221374043,0.8833285968946185,unknown_1
12.15226411819458,261,0.05,180.36641221374043,0.8833285968946185,unknown_1
12.161514520645142,261,0.05,182.36641221374043,0.8833285968946185,unknown_1
12.161514520645142,261,0.05,177.36641221374043,0.8833285968946185,unknown_1
12.168776750564575,261,0.05,180.36641221374043,0.8833285968946185,unknown_1
12.178313255310059,261,0.05,183.36641221374043,0.8833285968946185,unknown_1
12.178313255310059,261,0.05,178.36641221374043,0.8833285968946185,unknown_1
12.187639713287354,261,0.05,179.36641221374043,0.8833285968946185,unknown_1
12.187991857528687,261,0.05,184.36641221374043,0.8833285968946185,unknown_1
12.194504976272583,261,0.05,179.36641221374043,0.8833285968946185,unknown_1
12.20308804512024,261,0.05,179.36641221374043,0.8833285968946185,unknown_1
12.20308804512024,261,0.05,184.36641221374043,0.8833285968946185,unknown_1
12.211161851882935,261,0.05,180.36641221374043,0.8833285968946185,unknown_1
12.21942949295044,261,0.05,177.36641221374043,0.8833285968946185,unknown_1
12.22246503829956,261,0.05,182.36641221374043,0.8833285968946185,unknown_1
12.226991653442383,261,0.05,180.36641221374043,0.8833285968946185,unknown_1
12.234774827957153,261,0.05,177.36641221374043,0.8833285968946185,unknown_1
12.237801790237427,260,0.05,182.36641221374043,0.879944196140233,unknown_1
12.245550394058228,260,0.05,182.36641221374043,0.879944196140233,unknown_1
12.2514066696167,260,0.05,178.36641221374043,0.879944196140233,unknown_1
12.2514066696167,260,0.05,182.36641221374043,0.879944196140233,unknown_1
12.261285781860352,260,0.05,183.36641221374043,0.879944196140233,unknown_1
12.261285781860352,261,0.05,178.36641221374043,0.8833285968946185,unknown_1
12.270371675491333,261,0.05,181.36641221374043,0.8833285968946185,unknown_1
12.276138544082642,261,0.05,183.36641221374043,0.8833285968946185,unknown_1
12.276138544082642,261,0.05,178.36641221374043,0.8833285968946185,unknown_1
12.285800457000732,261,0.05,179.36641221374043,0.8833285968946185,unknown_1
12.293087482452393,261,0.05,183.36641221374043,0.8833285968946185,unknown_1
12.293087482452393,261,0.05,178.36641221374043,0.8833285968946185,unknown_1
12.302244901657104,261,0.05,178.36641221374043,0.8833285968946185,unknown_1
12.310494899749756,261,0.05,183.36641221374043,0.8833285968946185,unknown_1
12.313639402389526,261,0.05,179.36641221374043,0.8833285968946185,unknown_1
12.31885313987732,261,0.05,178.36641221374043,0.8833285968946185,unknown_1
12.324759244918823,261,0.05,183.36641221374043,0.8833285968946185,unknown_1
12.32881236076355,261,0.05,181.36641221374043,0.8833285968946185,unknown_1
12.333147287368774,261,0.05,178.36641221374043,0.8833285968946185,unknown_1
12.333147287368774,260,0.05,183.36641221374043,0.879944196140233,unknown_1
12.346091032028198,260,0.05,181.36641221374043,0.879944196140233,unknown_1
12.346091032028198,260,0.05,177.36641221374043,0.879944196140233,unknown_1
12.355620622634888,260,0.05,181.36641221374043,0.879944196140233,unknown_1
12.362169027328491,260,0.05,181.36641221374043,0.879944196140233,unknown_1
12.362169027328491,261,0.05,176.36641221374043,0.8833285968946185,unknown_1
12.371801376342773,261,0.05,180.36641221374043,0.8833285968946185,unknown_1
12.379180192947388,261,0.05,182.36641221374043,0.8833285968946185,unknown_1
12.379180192947388,261,0.05,177.36641221374043,0.8833285968946185,unknown_1
12.388068675994873,261,0.05,180.36641221374043,0.8833285968946185,unknown_1
12.388894319534302,261,0.05,184.36641221374043,0.8833285968946185,unknown_1
12.399760961532593,261,0.05,179.36641221374043,0.8833285968946185,unknown_1
12.404068946838379,261,0.05,180.36641221374043,0.8833285968946185,unknown_1
12.404068946838379,261,0.05,185.36641221374043,0.8833285968946185,unknown_1
12.410478591918945,261,0.05,180.36641221374043,0.8833285968946185,unknown_1
12.420115947723389,261,0.05,179.36641221374043,0.8833285968946185,unknown_1
12.420115947723389,261,0.05,184.36641221374043,0.8833285968946185,unknown_1
12.42797040939331,261,0.05,181.36641221374043,0.8833285968946185,unknown_1
12.43584656715393,261,0.05,179.36641221374043,0.8833285968946185,unknown_1
12.43584656715393,260,0.05,184.36641221374043,0.879944196140233,unknown_1
12.444666862487793,260,0.05,182.36641221374043,0.879944196140233,unknown_1
12.452063798904419,260,0.05,179.36641221374043,0.879944196140233,unknown_1
12.457470655441284,260,0.05,183.36641221374043,0.879944196140233,unknown_1
12.461975812911987,260,0.05,182.36641221374043,0.879944196140233,unknown_1
12.461975812911987,260,0.05,178.36641221374043,0.879944196140233,unknown_1
12.471558332443237,260,0.05,182.36641221374043,0.879944196140233,unknown_1
12.478471279144287,260,0.05,183.36641221374043,0.879944196140233,unknown_1
12.478471279144287,261,0.05,178.36641221374043,0.8833285968946185,unknown_1
12.48606824874878,261,0.05,181.36641221374043,0.8833285968946185,unknown_1
12.494035005569458,261,0.05,183.36641221374043,0.8833285968946185,unknown_1
12.494035005569458,261,0.05,178.36641221374043,0.8833285968946185,unknown_1
12.502683401107788,261,0.05,179.36641221374043,0.8833285968946185,unknown_1
12.510866641998291,261,0.05,183.36641221374043,0.8833285968946185,unknown_1
12.510866641998291,261,0.05,178.36641221374043,0.8833285968946185,unknown_1
12.519140720367432,261,0.05,178.36641221374043,0.8833285968946185,unknown_1
12.528558254241943,261,0.05,183.36641221374043,0.8833285968946185,unknown_1
12.529147386550903,261,0.05,179.36641221374043,0.8833285968946185,unknown_1
12.535454273223877,261,0.05,178.36641221374043,0.8833285968946185,unknown_1
12.545524835586548,261,0.05,183.36641221374043,0.8833285968946185,unknown_1
12.546334981918335,261,0.05,181.36641221374043,0.8833285968946185,unknown_1
12.551750183105469,261,0.05,178.36641221374043,0.8833285968946185,unknown_1
12.55630874633789,260,0.05,183.36641221374043,0.879944196140233,unknown_1
12.561293840408325,260,0.05,181.36641221374043,0.879944196140233,unknown_1
12.56853985786438,260,0.05,177.36641221374043,0.879944196140233,unknown_1
12.572031497955322,260,0.05,181.36641221374043,0.879944196140233,unknown_1
12.577792406082153,260,0.05,181.36641221374043,0.879944196140233,unknown_1
12.584553718566895,261,0.05,176.36641221374043,0.8833285968946185,unknown_1
12.587248802185059,261,0.05,180.36641221374043,0.8833285968946185,unknown_1
12.592849493026733,261,0.05,182.36641221374043,0.8833285968946185,unknown_1
12.601462841033936,261,0.05,177.36641221374043,0.8833285968946185,unknown_1
12.604676246643066,261,0.05,180.36641221374043,0.8833285968946185,unknown_1
12.604676246643066,261,0.05,184.36641221374043,0.8833285968946185,unknown_1
12.617850542068481,261,0.05,179.36641221374043,0.8833285968946185,unknown_1
12.618015766143799,261,0.05,180.36641221374043,0.8833285968946185,unknown_1
12.62224006652832,261,0.05,185.36641221374043,0.8833285968946185,unknown_1
12.628533363342285,261,0.05,180.36641221374043,0.8833285968946185,unknown_1
12.634910583496094,261,0.05,179.36641221374043,0.8833285968946185,unknown_1
12.641804456710815,261,0.05,184.36641221374043,0.8833285968946185,unknown_1
12.645348310470581,261,0.05,181.36641221374043,0.8833285968946185,unknown_1
12.653754472732544,261,0.05,178.36641221374043,0.8833285968946185,unknown_1
12.658686637878418,260,0.05,183.36641221374043,0.879944196140233,unknown_1
12.661646842956543,260,0.05,181.36641221374043,0.879944196140233,unknown_1
12.661646842956543,260,0.05,178.36641221374043,0.879944196140233,unknown_1
12.67149806022644,260,0.05,182.36641221374043,0.879944196140233,unknown_1
12.678170919418335,260,0.05,182.36641221374043,0.879944196140233,unknown_1
12.678170919418335,261,0.05,177.36641221374043,0.8833285968946185,unknown_1
12.686041116714478,261,0.05,181.36641221374043,0.8833285968946185,unknown_1
12.6951744556427,261,0.05,182.36641221374043,0.8833285968946185,unknown_1
12.6951744556427,261,0.05,177.36641221374043,0.8833285968946185,unknown_1
12.703679084777832,261,0.05,180.36641221374043,0.8833285968946185,unknown_1
12.712381362915039,261,0.05,184.36641221374043,0.8833285968946185,unknown_1
12.712381362915039,261,0.05,179.36641221374043,0.8833285968946185,unknown_1
12.71994423866272,261,0.05,180.36641221374043,0.8833285968946185,unknown_1
12.729039907455444,261,0.05,185.36641221374043,0.8833285968946185,unknown_1
12.730002164840698,261,0.05,180.36641221374043,0.8833285968946185,unknown_1
12.735254526138306,261,0.05,179.36641221374043,0.8833285968946185,unknown_1
12.744508981704712,261,0.05,184.36641221374043,0.8833285968946185,unknown_1
12.744508981704712,261,0.05,180.36641221374043,0.8833285968946185,unknown_1
12.751848936080933,261,0.05,177.36641221374043,0.8833285968946185,unknown_1
12.75675368309021,261,0.05,182.36641221374043,0.8833285968946185,unknown_1
12.761454820632935,261,0.05,180.36641221374043,0.8833285968946185,unknown_1
12.768938064575195,261,0.05,176.36641221374043,0.8833285968946185,unknown_1
12.770512580871582,260,0.05,181.36641221374043,0.879944196140233,unknown_1
12.77668309211731,260,0.05,180.36641221374043,0.879944196140233,unknown_1
12.784929513931274,260,0.05,176.36641221374043,0.879944196140233,unknown_1
12.786291599273682,260,0.05,180.36641221374043,0.879944196140233,unknown_1
12.792723417282104,260,0.05,181.36641221374043,0.879944196140233,unknown_1
12.801290512084961,261,0.05,176.36641221374043,0.8833285968946185,unknown_1
12.804980516433716,261,0.05,180.36641221374043,0.8833285968946185,unknown_1
12.810720443725586,261,0.05,182.36641221374043,0.8833285968946185,unknown_1
12.81815505027771,261,0.05,177.36641221374043,0.8833285968946185,unknown_1
12.820672512054443,261,0.05,179.36641221374043,0.8833285968946185,unknown_1
12.826190710067749,261,0.05,183.36641221374043,0.8833285968946185,unknown_1
12.828015804290771,261,0.05,178.36641221374043,0.8833285968946185,unknown_1
12.836458206176758,261,0.05,178.36641221374043,0.8833285968946185,unknown_1
12.842803239822388,261,0.05,183.36641221374043,0.8833285968946185,unknown_1
12.84435248374939,261,0.05,179.36641221374043,0.8833285968946185,unknown_1
12.852325201034546,261,0.05,178.36641221374043,0.8833285968946185,unknown_1
12.858853816986084,261,0.05,183.36641221374043,0.8833285968946185,unknown_1
12.861653566360474,261,0.05,181.36641221374043,0.8833285968946185,unknown_1
12.8677396774292,261,0.05,178.36641221374043,0.8833285968946185,unknown_1
12.875913381576538,260,0.05,183.36641221374043,0.879944196140233,unknown_1
12.877700328826904,260,0.05,182.36641221374043,0.879944196140233,unknown_1
12.884247541427612,260,0.05,178.36641221374043,0.879944196140233,unknown_1
12.88622760772705,260,0.05,182.36641221374043,0.879944196140233,unknown_1
12.912448406219482,260,0.05,182.36641221374043,0.879944196140233,unknown_1
12.928168296813965,261,0.05,177.36641221374043,0.8833285968946185,unknown_1
12.944920778274536,261,0.05,180.36641221374043,0.8833285968946185,unknown_1
12.944920778274536,261,0.05,182.36641221374043,0.8833285968946185,unknown_1
12.952004432678223,261,0.05,177.36641221374043,0.8833285968946185,unknown_1
12.952004432678223,261,0.05,179.36641221374043,0.8833285968946185,unknown_1
12.952004432678223,261,0.05,183.36641221374043,0.8833285968946185,unknown_1
12.952004432678223,261,0.05,178.36641221374043,0.8833285968946185,unknown_1
12.952004432678223,261,0.05,179.36641221374043,0.8833285968946185,unknown_1
12.960842609405518,261,0.05,184.36641221374043,0.8833285968946185,unknown_1
12.960842609405518,261,0.05,180.36641221374043,0.8833285968946185,unknown_1
12.960842609405518,261,0.05,179.36641221374043,0.8833285968946185,unknown_1
12.960842609405518,261,0.05,184.36641221374043,0.8833285968946185,unknown_1
12.960842609405518,261,0.05,180.36641221374043,0.8833285968946185,unknown_1
12.968740940093994,261,0.05,177.36641221374043,0.8833285968946185,unknown_1
12.968740940093994,261,0.05,182.36641221374043,0.8833285968946185,unknown_1
12.978115797042847,261,0.05,180.36641221374043,0.8833285968946185,unknown_1
12.984232902526855,261,0.05,177.36641221374043,0.8833285968946185,unknown_1
12.984232902526855,260,0.05,182.36641221374043,0.879944196140233,unknown_1
12.994453430175781,260,0.05,182.36641221374043,0.879944196140233,unknown_1
12.99975061416626,260,0.05,178.36641221374043,0.879944196140233,unknown_1
13.006201028823853,260,0.05,182.36641221374043,0.879944196140233,unknown_1
13.010236501693726,260,0.05,183.36641221374043,0.879944196140233,unknown_1
13.017526626586914,261,0.05,178.36641221374043,0.8833285968946185,unknown_1
13.020438432693481,261,0.05,181.36641221374043,0.8833285968946185,unknown_1
13.027159690856934,261,0.05,183.36641221374043,0.8833285968946185,unknown_1
13.028071403503418,261,0.05,178.36641221374043,0.8833285968946185,unknown_1
13.035324096679688,261,0.05,179.36641221374043,0.8833285968946185,unknown_1
13.042536973953247,261,0.05,183.36641221374043,0.8833285968946185,unknown_1
13.042536973953247,261,0.05,178.36641221374043,0.8833285968946185,unknown_1
13.051278114318848,261,0.05,178.36641221374043,0.8833285968946185,unknown_1
13.059017181396484,261,0.05,183.36641221374043,0.8833285968946185,unknown_1
13.061199188232422,261,0.05,179.36641221374043,0.8833285968946185,unknown_1
13.06825590133667,261,0.05,178.36641221374043,0.8833285968946185,unknown_1
13.075673580169678,261,0.05,183.36641221374043,0.8833285968946185,unknown_1
13.078006029129028,261,0.05,180.36641221374043,0.8833285968946185,unknown_1
13.082581520080566,261,0.05,177.36641221374043,0.8833285968946185,unknown_1
13.090929508209229,261,0.05,182.36641221374043,0.8833285968946185,unknown_1
13.094748973846436,261,0.05,180.36641221374043,0.8833285968946185,unknown_1
13.098774433135986,261,0.05,176.36641221374043,0.8833285968946185,unknown_1
13.108951330184937,260,0.05,181.36641221374043,0.879944196140233,unknown_1
13.111583232879639,260,0.05,181.36641221374043,0.879944196140233,unknown_1
13.115104913711548,261,0.05,176.36641221374043,0.8833285968946185,unknown_1
13.115104913711548,261,0.05,180.36641221374043,0.8833285968946185,unknown_1
13.12811017036438,261,0.05,182.36641221374043,0.8833285968946185,unknown_1
13.131640434265137,261,0.05,177.36641221374043,0.8833285968946185,unknown_1
13.131640434265137,261,0.05,179.36641221374043,0.8833285968946185,unknown_1
13.145671844482422,261,0.05,183.36641221374043,0.8833285968946185,unknown_1
13.150033950805664,261,0.05,178.36641221374043,0.8833285968946185,unknown_1
13.153557538986206,261,0.05,179.36641221374043,0.8833285968946185,unknown_1
13.157756567001343,261,0.05,183.36641221374043,0.8833285968946185,unknown_1
13.165953397750854,261,0.05,179.36641221374043,0.8833285968946185,unknown_1
13.165953397750854,261,0.05,178.36641221374043,0.8833285968946185,unknown_1
13.174351692199707,261,0.05,183.36641221374043,0.8833285968946185,unknown_1
13.182209253311157,261,0.05,180.36641221374043,0.8833285968946185,unknown_1
13.182209253311157,261,0.05,178.36641221374043,0.8833285968946185,unknown_1
13.190500259399414,260,0.05,183.36641221374043,0.879944196140233,unknown_1
13.19469928741455,260,0.05,181.36641221374043,0.879944196140233,unknown_1
13.198755979537964,260,0.05,177.36641221374043,0.879944196140233,unknown_1
13.207162857055664,260,0.05,181.36641221374043,0.879944196140233,unknown_1
13.211415767669678,260,0.05,181.36641221374043,0.879944196140233,unknown_1
13.215024471282959,261,0.05,176.36641221374043,0.8833285968946185,unknown_1
13.223484754562378,261,0.05,180.36641221374043,0.8833285968946185,unknown_1
13.228004455566406,261,0.05,182.36641221374043,0.8833285968946185,unknown_1
13.231573104858398,261,0.05,177.36641221374043,0.8833285968946185,unknown_1
13.239915609359741,261,0.05,180.36641221374043,0.8833285968946185,unknown_1
13.244141817092896,261,0.05,184.36641221374043,0.8833285968946185,unknown_1
13.247901678085327,261,0.05,180.36641221374043,0.8833285968946185,unknown_1
13.256282091140747,261,0.05,181.36641221374043,0.8833285968946185,unknown_1
13.259765386581421,260,0.05,186.36641221374043,0.879944196140233,unknown_1
13.264166355133057,261,0.05,181.36641221374043,0.8833285968946185,unknown_1
13.272513628005981,261,0.05,181.36641221374043,0.8833285968946185,unknown_1
13.27455997467041,261,0.05,185.36641221374043,0.8833285968946185,unknown_1
13.280858039855957,261,0.05,181.36641221374043,0.8833285968946185,unknown_1
13.280858039855957,261,0.05,179.36641221374043,0.8833285968946185,unknown_1
13.290433645248413,261,0.05,184.36641221374043,0.8833285968946185,unknown_1
13.29732370376587,261,0.05,181.36641221374043,0.8833285968946185,unknown_1
13.29732370376587,261,0.05,178.36641221374043,0.8833285968946185,unknown_1
13.309890270233154,260,0.05,183.36641221374043,0.879944196140233,unknown_1
13.317230939865112,260,0.05,182.36641221374043,0.879944196140233,unknown_1
13.317230939865112,260,0.05,178.36641221374043,0.879944196140233,unknown_1
13.3220956325531,260,0.05,182.36641221374043,0.879944196140233,unknown_1
13.330081939697266,260,0.05,183.36641221374043,0.879944196140233,unknown_1
13.332879543304443,260,0.05,179.36641221374043,0.879944196140233,unknown_1
13.338601112365723,260,0.05,182.36641221374043,0.879944196140233,unknown_1
13.346743822097778,260,0.05,184.36641221374043,0.879944196140233,unknown_1
13.346743822097778,261,0.05,179.36641221374043,0.8833285968946185,unknown_1
13.35490107536316,261,0.05,181.36641221374043,0.8833285968946185,unknown_1
13.357811212539673,261,0.05,184.36641221374043,0.8833285968946185,unknown_1
13.363115549087524,261,0.05,179.36641221374043,0.8833285968946185,unknown_1
13.371293067932129,261,0.05,180.36641221374043,0.8833285968946185,unknown_1
13.373286724090576,261,0.05,185.36641221374043,0.8833285968946185,unknown_1
13.380951881408691,261,0.05,180.36641221374043,0.8833285968946185,unknown_1
13.387715578079224,261,0.05,179.36641221374043,0.8833285968946185,unknown_1
13.387715578079224,261,0.05,184.36641221374043,0.8833285968946185,unknown_1
13.395700216293335,261,0.05,181.36641221374043,0.8833285968946185,unknown_1
13.403921842575073,261,0.05,178.36641221374043,0.8833285968946185,unknown_1
13.407065153121948,260,0.05,183.36641221374043,0.879944196140233,unknown_1
13.411360502243042,260,0.05,181.36641221374043,0.879944196140233,unknown_1
13.419616460800171,260,0.05,177.36641221374043,0.879944196140233,unknown_1
13.42238187789917,260,0.05,181.36641221374043,0.879944196140233,unknown_1
13.427861213684082,260,0.05,181.36641221374043,0.879944196140233,unknown_1
13.436013460159302,261,0.05,176.36641221374043,0.8833285968946185,unknown_1
13.439662218093872,261,0.05,180.36641221374043,0.8833285968946185,unknown_1
13.444760799407959,261,0.05,182.36641221374043,0.8833285968946185,unknown_1
13.446239948272705,261,0.05,177.36641221374043,0.8833285968946185,unknown_1
13.454006433486938,261,0.05,179.36641221374043,0.8833285968946185,unknown_1
13.461252212524414,261,0.05,183.36641221374043,0.8833285968946185,unknown_1
13.46204161643982,261,0.05,178.36641221374043,0.8833285968946185,unknown_1
13.470354795455933,261,0.05,179.36641221374043,0.8833285968946185,unknown_1
13.477680921554565,261,0.05,183.36641221374043,0.8833285968946185,unknown_1
13.477680921554565,261,0.05,179.36641221374043,0.8833285968946185,unknown_1
13.485429525375366,261,0.05,178.36641221374043,0.8833285968946185,unknown_1
13.485429525375366,261,0.05,183.36641221374043,0.8833285968946185,unknown_1
13.496498107910156,261,0.05,179.36641221374043,0.8833285968946185,unknown_1
13.496498107910156,261,0.05,177.36641221374043,0.8833285968946185,unknown_1
13.50678539276123,261,0.05,182.36641221374043,0.8833285968946185,unknown_1
13.512603759765625,261,0.05,180.36641221374043,0.8833285968946185,unknown_1
13.512603759765625,261,0.05,176.36641221374043,0.8833285968946185,unknown_1
13.522404432296753,260,0.05,181.36641221374043,0.879944196140233,unknown_1
13.529191255569458,260,0.05,181.36641221374043,0.879944196140233,unknown_1
13.529191255569458,260,0.05,177.36641221374043,0.879944196140233,unknown_1
13.537535905838013,260,0.05,181.36641221374043,0.879944196140233,unknown_1
13.544833183288574,260,0.05,183.36641221374043,0.879944196140233,unknown_1
13.544833183288574,261,0.05,178.36641221374043,0.8833285968946185,unknown_1
13.555071115493774,261,0.05,181.36641221374043,0.8833285968946185,unknown_1
13.555962800979614,261,0.05,183.36641221374043,0.8833285968946185,unknown_1
13.562368631362915,261,0.05,178.36641221374043,0.8833285968946185,unknown_1
13.569634675979614,261,0.05,179.36641221374043,0.8833285968946185,unknown_1
13.569634675979614,261,0.05,183.36641221374043,0.8833285968946185,unknown_1
13.578601360321045,261,0.05,178.36641221374043,0.8833285968946185,unknown_1
13.585731267929077,261,0.05,178.36641221374043,0.8833285968946185,unknown_1
13.590938568115234,261,0.05,183.36641221374043,0.8833285968946185,unknown_1
13.595587015151978,261,0.05,179.36641221374043,0.8833285968946185,unknown_1
13.602423906326294,261,0.05,177.36641221374043,0.8833285968946185,unknown_1
13.602423906326294,261,0.05,182.36641221374043,0.8833285968946185,unknown_1
13.611943483352661,261,0.05,180.36641221374043,0.8833285968946185,unknown_1
13.619319200515747,261,0.05,177.36641221374043,0.8833285968946185,unknown_1
13.624665975570679,260,0.05,182.36641221374043,0.879944196140233,unknown_1
13.628489255905151,260,0.05,181.36641221374043,0.879944196140233,unknown_1
13.63636326789856,260,0.05,177.36641221374043,0.879944196140233,unknown_1
13.641067266464233,260,0.05,181.36641221374043,0.879944196140233,unknown_1
13.644492626190186,260,0.05,181.36641221374043,0.879944196140233,unknown_1
13.644492626190186,261,0.05,176.36641221374043,0.8833285968946185,unknown_1
13.654996156692505,261,0.05,180.36641221374043,0.8833285968946185,unknown_1
13.661837100982666,261,0.05,182.36641221374043,0.8833285968946185,unknown_1
13.661837100982666,261,0.05,177.36641221374043,0.8833285968946185,unknown_1
13.671188592910767,261,0.05,179.36641221374043,0.8833285968946185,unknown_1
13.677361011505127,261,0.05,183.36641221374043,0.8833285968946185,unknown_1
13.677361011505127,261,0.05,178.36641221374043,0.8833285968946185,unknown_1
13.685589075088501,261,0.05,178.36641221374043,0.8833285968946185,unknown_1
13.695030450820923,261,0.05,183.36641221374043,0.8833285968946185,unknown_1
13.69596242904663,261,0.05,179.36641221374043,0.8833285968946185,unknown_1
13.702261924743652,261,0.05,178.36641221374043,0.8833285968946185,unknown_1
13.711417198181152,261,0.05,183.36641221374043,0.8833285968946185,unknown_1
13.71246862411499,261,0.05,180.36641221374043,0.8833285968946185,unknown_1
13.718793392181396,261,0.05,177.36641221374043,0.8833285968946185,unknown_1
13.7235689163208,261,0.05,182.36641221374043,0.8833285968946185,unknown_1
13.731919765472412,261,0.05,180.36641221374043,0.8833285968946185,unknown_1
13.735652446746826,261,0.05,176.36641221374043,0.8833285968946185,unknown_1
13.73939323425293,260,0.05,181.36641221374043,0.879944196140233,unknown_1
13.744969367980957,260,0.05,181.36641221374043,0.879944196140233,unknown_1
13.751851558685303,261,0.05,176.36641221374043,0.8833285968946185,unknown_1
13.753762245178223,261,0.05,180.36641221374043,0.8833285968946185,unknown_1
13.759443998336792,261,0.05,182.36641221374043,0.8833285968946185,unknown_1
13.76781439781189,261,0.05,177.36641221374043,0.8833285968946185,unknown_1
13.771000862121582,261,0.05,180.36641221374043,0.8833285968946185,unknown_1
13.776910066604614,261,0.05,184.36641221374043,0.8833285968946185,unknown_1
13.784783601760864,261,0.05,179.36641221374043,0.8833285968946185,unknown_1
13.787475109100342,261,0.05,180.36641221374043,0.8833285968946185,unknown_1
13.792853593826294,261,0.05,184.36641221374043,0.8833285968946185,unknown_1
13.801146507263184,261,0.05,179.36641221374043,0.8833285968946185,unknown_1
13.803100347518921,261,0.05,178.36641221374043,0.8833285968946185,unknown_1
13.809334516525269,261,0.05,183.36641221374043,0.8833285968946185,unknown_1
13.811646699905396,261,0.05,179.36641221374043,0.8833285968946185,unknown_1
13.82161569595337,261,0.05,177.36641221374043,0.8833285968946185,unknown_1
13.825911283493042,261,0.05,182.36641221374043,0.8833285968946185,unknown_1
13.8279447555542,261,0.05,180.36641221374043,0.8833285968946185,unknown_1
13.837827444076538,261,0.05,177.36641221374043,0.8833285968946185,unknown_1
13.838392972946167,260,0.05,182.36641221374043,0.879944196140233,unknown_1
13.843984365463257,260,0.05,181.36641221374043,0.879944196140233,unknown_1
13.848896980285645,261,0.05,176.36641221374043,0.8833285968946185,unknown_1
13.853110313415527,261,0.05,180.36641221374043,0.8833285968946185,unknown_1
13.86207127571106,261,0.05,180.36641221374043,0.8833285968946185,unknown_1
13.86207127571106,261,0.05,175.36641221374043,0.8833285968946185,unknown_1
13.869961977005005,261,0.05,178.36641221374043,0.8833285968946185,unknown_1
13.879156112670898,261,0.05,181.36641221374043,0.8833285968946185,unknown_1
13.879156112670898,262,0.05,175.36641221374043,0.886712997649004,unknown_1
13.884268283843994,262,0.05,176.36641221374043,0.886712997649004,unknown_1
13.895395994186401,262,0.05,179.36641221374043,0.886712997649004,unknown_1
13.898549556732178,262,0.05,174.36641221374043,0.886712997649004,unknown_1
13.903757572174072,262,0.05,174.36641221374043,0.886712997649004,unknown_1
13.91062068939209,262,0.05,179.36641221374043,0.886712997649004,unknown_1
13.91062068939209,262,0.05,175.36641221374043,0.886712997649004,unknown_1
13.92026686668396,262,0.05,174.36641221374043,0.886712997649004,unknown_1
13.92026686668396,262,0.05,179.36641221374043,0.886712997649004,unknown_1
13.927935600280762,262,0.05,176.36641221374043,0.886712997649004,unknown_1
13.935741662979126,262,0.05,173.36641221374043,0.886712997649004,unknown_1
13.935741662979126,261,0.05,178.36641221374043,0.8833285968946185,unknown_1
13.944664478302002,261,0.05,176.36641221374043,0.8833285968946185,unknown_1
13.952042818069458,261,0.05,172.36641221374043,0.8833285968946185,unknown_1
13.952042818069458,261,0.05,176.36641221374043,0.8833285968946185,unknown_1
13.960185527801514,261,0.05,176.36641221374043,0.8833285968946185,unknown_1
13.969404458999634,262,0.05,171.36641221374043,0.886712997649004,unknown_1
13.970197677612305,262,0.05,175.36641221374043,0.886712997649004,unknown_1
13.97633981704712,262,0.05,177.36641221374043,0.886712997649004,unknown_1
13.984213590621948,262,0.05,172.36641221374043,0.886712997649004,unknown_1
13.989207983016968,262,0.05,175.36641221374043,0.886712997649004,unknown_1
13.994392156600952,262,0.05,179.36641221374043,0.886712997649004,unknown_1
14.001273155212402,262,0.05,174.36641221374043,0.886712997649004,unknown_1
14.006256103515625,262,0.05,175.36641221374043,0.886712997649004,unknown_1
14.01106595993042,262,0.05,179.36641221374043,0.886712997649004,unknown_1
14.012988328933716,262,0.05,174.36641221374043,0.886712997649004,unknown_1
14.017844200134277,262,0.05,173.36641221374043,0.886712997649004,unknown_1
14.017844200134277,262,0.05,178.36641221374043,0.886712997649004,unknown_1
14.029018640518188,262,0.05,174.36641221374043,0.886712997649004,unknown_1
14.035869598388672,262,0.05,172.36641221374043,0.886712997649004,unknown_1
14.042877435684204,262,0.05,177.36641221374043,0.886712997649004,unknown_1
14.043893337249756,262,0.05,175.36641221374043,0.886712997649004,unknown_1
14.043893337249756,262,0.05,171.36641221374043,0.886712997649004,unknown_1
14.05442762374878,261,0.05,176.36641221374043,0.8833285968946185,unknown_1
14.061708688735962,261,0.05,175.36641221374043,0.8833285968946185,unknown_1
14.061708688735962,262,0.05,170.36641221374043,0.886712997649004,unknown_1
14.070378065109253,262,0.05,174.36641221374043,0.886712997649004,unknown_1
14.078524112701416,262,0.05,175.36641221374043,0.886712997649004,unknown_1
14.078524112701416,262,0.05,170.36641221374043,0.886712997649004,unknown_1
14.088174819946289,262,0.05,174.36641221374043,0.886712997649004,unknown_1
14.0960373878479,262,0.05,177.36641221374043,0.886712997649004,unknown_1
14.0960373878479,262,0.05,172.36641221374043,0.886712997649004,unknown_1
14.104354619979858,262,0.05,173.36641221374043,0.886712997649004,unknown_1
14.110788345336914,262,0.05,177.36641221374043,0.886712997649004,unknown_1
14.116148471832275,263,0.05,171.36641221374043,0.8900973984033895,unknown_1
14.119964122772217,263,0.05,170.36641221374043,0.8900973984033895,unknown_1
14.119964122772217,263,0.05,174.36641221374043,0.8900973984033895,unknown_1
14.129662275314331,263,0.05,170.36641221374043,0.8900973984033895,unknown_1
14.137022018432617,263,0.05,167.36641221374043,0.8900973984033895,unknown_1
14.137022018432617,263,0.05,172.36641221374043,0.8900973984033895,unknown_1
14.144947290420532,263,0.05,169.36641221374043,0.8900973984033895,unknown_1
14.153336524963379,263,0.05,166.36641221374043,0.8900973984033895,unknown_1
14.153336524963379,263,0.05,171.36641221374043,0.8900973984033895,unknown_1
14.161734819412231,263,0.05,170.36641221374043,0.8900973984033895,unknown_1
14.169052124023438,263,0.05,166.36641221374043,0.8900973984033895,unknown_1
14.17037582397461,262,0.05,171.36641221374043,0.886712997649004,unknown_1
14.17796778678894,262,0.05,171.36641221374043,0.886712997649004,unknown_1
14.1858229637146,264,0.05,165.36641221374043,0.8934817991577751,unknown_1
14.18876028060913,264,0.05,169.36641221374043,0.8934817991577751,unknown_1
14.195459842681885,264,0.05,171.36641221374043,0.8934817991577751,unknown_1
14.202354669570923,264,0.05,165.36641221374043,0.8934817991577751,unknown_1
14.204780578613281,264,0.05,167.36641221374043,0.8934817991577751,unknown_1
14.211539506912231,264,0.05,171.36641221374043,0.8934817991577751,unknown_1
14.211539506912231,264,0.05,165.36641221374043,0.8934817991577751,unknown_1
14.220097303390503,264,0.05,165.36641221374043,0.8934817991577751,unknown_1
14.227274417877197,264,0.05,170.36641221374043,0.8934817991577751,unknown_1
14.228299856185913,264,0.05,165.36641221374043,0.8934817991577751,unknown_1
14.237248420715332,264,0.05,164.36641221374043,0.8934817991577751,unknown_1
14.244118213653564,264,0.05,169.36641221374043,0.8934817991577751,unknown_1
14.245052814483643,264,0.05,165.36641221374043,0.8934817991577751,unknown_1
14.251882553100586,264,0.05,162.36641221374043,0.8934817991577751,unknown_1
14.26087474822998,264,0.05,168.36641221374043,0.8934817991577751,unknown_1
14.262688398361206,264,0.05,166.36641221374043,0.8934817991577751,unknown_1
14.268409490585327,264,0.05,163.36641221374043,0.8934817991577751,unknown_1
14.276759624481201,263,0.05,168.36641221374043,0.8900973984033895,unknown_1
14.278146266937256,263,0.05,168.36641221374043,0.8900973984033895,unknown_1
14.278146266937256,264,0.05,162.36641221374043,0.8934817991577751,unknown_1
14.287872552871704,264,0.05,166.36641221374043,0.8934817991577751,unknown_1
14.29465365409851,264,0.05,167.36641221374043,0.8934817991577751,unknown_1
14.29465365409851,264,0.05,162.36641221374043,0.8934817991577751,unknown_1
14.304954051971436,264,0.05,165.36641221374043,0.8934817991577751,unknown_1
14.311897277832031,264,0.05,169.36641221374043,0.8934817991577751,unknown_1
14.311897277832031,264,0.05,164.36641221374043,0.8934817991577751,unknown_1
14.320400476455688,264,0.05,165.36641221374043,0.8934817991577751,unknown_1
14.320400476455688,264,0.05,169.36641221374043,0.8934817991577751,unknown_1
14.327651500701904,264,0.05,164.36641221374043,0.8934817991577751,unknown_1
14.33690595626831,264,0.05,163.36641221374043,0.8934817991577751,unknown_1
14.33690595626831,264,0.05,168.36641221374043,0.8934817991577751,unknown_1
14.349298000335693,264,0.05,164.36641221374043,0.8934817991577751,unknown_1
14.353756427764893,264,0.05,162.36641221374043,0.8934817991577751,unknown_1
14.356302738189697,264,0.05,167.36641221374043,0.8934817991577751,unknown_1
14.360108852386475,264,0.05,165.36641221374043,0.8934817991577751,unknown_1
14.369760036468506,264,0.05,162.36641221374043,0.8934817991577751,unknown_1
14.369760036468506,263,0.05,168.36641221374043,0.8900973984033895,unknown_1
14.378388166427612,263,0.05,168.36641221374043,0.8900973984033895,unknown_1
14.385486602783203,263,0.05,164.36641221374043,0.8900973984033895,unknown_1
14.390682220458984,263,0.05,169.36641221374043,0.8900973984033895,unknown_1
14.395067691802979,263,0.05,170.36641221374043,0.8900973984033895,unknown_1
14.403247117996216,264,0.05,164.36641221374043,0.8934817991577751,unknown_1
14.406312227249146,264,0.05,167.36641221374043,0.8934817991577751,unknown_1
14.412336349487305,264,0.05,170.36641221374043,0.8934817991577751,unknown_1
14.412336349487305,264,0.05,165.36641221374043,0.8934817991577751,unknown_1
14.420875072479248,264,0.05,167.36641221374043,0.8934817991577751,unknown_1
14.427995920181274,263,0.05,172.36641221374043,0.8900973984033895,unknown_1
14.427995920181274,263,0.05,168.36641221374043,0.8900973984033895,unknown_1
14.437588930130005,263,0.05,168.36641221374043,0.8900973984033895,unknown_1
14.444448471069336,263,0.05,173.36641221374043,0.8900973984033895,unknown_1
14.444448471069336,263,0.05,169.36641221374043,0.8900973984033895,unknown_1
14.452283143997192,263,0.05,168.36641221374043,0.8900973984033895,unknown_1
14.46114468574524,263,0.05,174.36641221374043,0.8900973984033895,unknown_1
14.46114468574524,263,0.05,172.36641221374043,0.8900973984033895,unknown_1
14.469045877456665,263,0.05,169.36641221374043,0.8900973984033895,unknown_1
14.477283954620361,262,0.05,175.36641221374043,0.886712997649004,unknown_1
14.478429079055786,262,0.05,173.36641221374043,0.886712997649004,unknown_1
14.485487937927246,262,0.05,168.36641221374043,0.886712997649004,unknown_1
14.488919973373413,262,0.05,172.36641221374043,0.886712997649004,unknown_1
14.495045185089111,262,0.05,172.36641221374043,0.886712997649004,unknown_1
14.495045185089111,263,0.05,166.36641221374043,0.8900973984033895,unknown_1
14.504929304122925,263,0.05,170.36641221374043,0.8900973984033895,unknown_1
14.510974645614624,263,0.05,172.36641221374043,0.8900973984033895,unknown_1
14.510974645614624,263,0.05,167.36641221374043,0.8900973984033895,unknown_1
14.521690368652344,263,0.05,169.36641221374043,0.8900973984033895,unknown_1
14.529929399490356,263,0.05,172.36641221374043,0.8900973984033895,unknown_1
14.529929399490356,263,0.05,167.36641221374043,0.8900973984033895,unknown_1
14.538133144378662,263,0.05,167.36641221374043,0.8900973984033895,unknown_1
14.538133144378662,263,0.05,171.36641221374043,0.8900973984033895,unknown_1
14.544862508773804,263,0.05,167.36641221374043,0.8900973984033895,unknown_1
14.55448603630066,263,0.05,167.36641221374043,0.8900973984033895,unknown_1
14.55448603630066,263,0.05,172.36641221374043,0.8900973984033895,unknown_1
14.562064170837402,263,0.05,169.36641221374043,0.8900973984033895,unknown_1
14.568265676498413,263,0.05,167.36641221374043,0.8900973984033895,unknown_1
14.579598903656006,263,0.05,172.36641221374043,0.8900973984033895,unknown_1
14.602219104766846,263,0.05,169.36641221374043,0.8900973984033895,unknown_1
14.618508100509644,263,0.05,165.36641221374043,0.8900973984033895,unknown_1
14.618508100509644,263,0.05,170.36641221374043,0.8900973984033895,unknown_1
14.62841796875,263,0.05,169.36641221374043,0.8900973984033895,unknown_1
14.62841796875,263,0.05,164.36641221374043,0.8900973984033895,unknown_1
14.636593580245972,263,0.05,169.36641221374043,0.8900973984033895,unknown_1
14.636593580245972,263,0.05,170.36641221374043,0.8900973984033895,unknown_1
14.636593580245972,263,0.05,165.36641221374043,0.8900973984033895,unknown_1
14.636593580245972,263,0.05,169.36641221374043,0.8900973984033895,unknown_1
14.636593580245972,263,0.05,172.36641221374043,0.8900973984033895,unknown_1
14.636593580245972,263,0.05,167.36641221374043,0.8900973984033895,unknown_1
14.636593580245972,263,0.05,169.36641221374043,0.8900973984033895,unknown_1
14.648385286331177,263,0.05,173.36641221374043,0.8900973984033895,unknown_1
14.648385286331177,263,0.05,168.36641221374043,0.8900973984033895,unknown_1
14.652706384658813,263,0.05,168.36641221374043,0.8900973984033895,unknown_1
14.66126275062561,263,0.05,173.36641221374043,0.8900973984033895,unknown_1
14.66126275062561,263,0.05,169.36641221374043,0.8900973984033895,unknown_1
14.669374227523804,263,0.05,167.36641221374043,0.8900973984033895,unknown_1
14.678096055984497,263,0.05,172.36641221374043,0.8900973984033895,unknown_1
14.67864441871643,263,0.05,169.36641221374043,0.8900973984033895,unknown_1
14.68581509590149,263,0.05,165.36641221374043,0.8900973984033895,unknown_1
14.687775373458862,263,0.05,170.36641221374043,0.8900973984033895,unknown_1
14.695203304290771,263,0.05,169.36641221374043,0.8900973984033895,unknown_1
14.702388525009155,263,0.05,164.36641221374043,0.8900973984033895,unknown_1
14.70470929145813,263,0.05,169.36641221374043,0.8900973984033895,unknown_1
14.711625814437866,263,0.05,170.36641221374043,0.8900973984033895,unknown_1
14.711625814437866,263,0.05,165.36641221374043,0.8900973984033895,unknown_1
14.72105360031128,263,0.05,168.36641221374043,0.8900973984033895,unknown_1
14.72799825668335,263,0.05,171.36641221374043,0.8900973984033895,unknown_1
14.72799825668335,263,0.05,166.36641221374043,0.8900973984033895,unknown_1
14.738107919692993,263,0.05,168.36641221374043,0.8900973984033895,unknown_1
14.74204421043396,263,0.05,171.36641221374043,0.8900973984033895,unknown_1
14.744933128356934,264,0.05,166.36641221374043,0.8934817991577751,unknown_1
14.754609107971191,264,0.05,166.36641221374043,0.8934817991577751,unknown_1
14.754609107971191,264,0.05,170.36641221374043,0.8934817991577751,unknown_1
14.761889696121216,264,0.05,165.36641221374043,0.8934817991577751,unknown_1
14.771846771240234,264,0.05,164.36641221374043,0.8934817991577751,unknown_1
14.771846771240234,264,0.05,170.36641221374043,0.8934817991577751,unknown_1
14.7799973487854,264,0.05,167.36641221374043,0.8934817991577751,unknown_1
14.786386251449585,264,0.05,165.36641221374043,0.8934817991577751,unknown_1
14.791980266571045,263,0.05,171.36641221374043,0.8900973984033895,unknown_1
14.794792652130127,263,0.05,170.36641221374043,0.8900973984033895,unknown_1
14.803160429000854,263,0.05,166.36641221374043,0.8900973984033895,unknown_1
14.805737257003784,262,0.05,171.36641221374043,0.886712997649004,unknown_1
14.811452865600586,262,0.05,171.36641221374043,0.886712997649004,unknown_1
14.811452865600586,263,0.05,166.36641221374043,0.8900973984033895,unknown_1
14.821408987045288,263,0.05,170.36641221374043,0.8900973984033895,unknown_1
14.828052997589111,263,0.05,172.36641221374043,0.8900973984033895,unknown_1
14.828052997589111,263,0.05,167.36641221374043,0.8900973984033895,unknown_1
14.835965156555176,263,0.05,170.36641221374043,0.8900973984033895,unknown_1
14.843880891799927,263,0.05,174.36641221374043,0.8900973984033895,unknown_1
14.843880891799927,263,0.05,169.36641221374043,0.8900973984033895,unknown_1
14.853947162628174,263,0.05,170.36641221374043,0.8900973984033895,unknown_1
14.862263441085815,263,0.05,175.36641221374043,0.8900973984033895,unknown_1
14.863898992538452,263,0.05,170.36641221374043,0.8900973984033895,unknown_1
14.870394706726074,263,0.05,169.36641221374043,0.8900973984033895,unknown_1
14.877949237823486,263,0.05,175.36641221374043,0.8900973984033895,unknown_1
14.877949237823486,263,0.05,171.36641221374043,0.8900973984033895,unknown_1
14.885226964950562,263,0.05,169.36641221374043,0.8900973984033895,unknown_1
14.894701480865479,263,0.05,175.36641221374043,0.8900973984033895,unknown_1
14.894701480865479,263,0.05,173.36641221374043,0.8900973984033895,unknown_1
14.902101039886475,263,0.05,169.36641221374043,0.8900973984033895,unknown_1
14.90507698059082,262,0.05,175.36641221374043,0.886712997649004,unknown_1
14.911643505096436,262,0.05,174.36641221374043,0.886712997649004,unknown_1
14.919090986251831,262,0.05,169.36641221374043,0.886712997649004,unknown_1
14.920941591262817,262,0.05,174.36641221374043,0.886712997649004,unknown_1
14.92690920829773,262,0.05,175.36641221374043,0.886712997649004,unknown_1
14.935214519500732,262,0.05,170.36641221374043,0.886712997649004,unknown_1
14.936792373657227,262,0.05,174.36641221374043,0.886712997649004,unknown_1
14.943514108657837,262,0.05,177.36641221374043,0.886712997649004,unknown_1
14.951605081558228,262,0.05,172.36641221374043,0.886712997649004,unknown_1
14.955140590667725,262,0.05,174.36641221374043,0.886712997649004,unknown_1
14.960591793060303,262,0.05,178.36641221374043,0.886712997649004,unknown_1
14.968560457229614,262,0.05,173.36641221374043,0.886712997649004,unknown_1
14.971069812774658,262,0.05,173.36641221374043,0.886712997649004,unknown_1
14.976637125015259,262,0.05,178.36641221374043,0.886712997649004,unknown_1
14.979772329330444,262,0.05,174.36641221374043,0.886712997649004,unknown_1
14.985145092010498,262,0.05,173.36641221374043,0.886712997649004,unknown_1
14.992681503295898,262,0.05,179.36641221374043,0.886712997649004,unknown_1
14.9947509765625,262,0.05,177.36641221374043,0.886712997649004,unknown_1
15.002754926681519,262,0.05,174.36641221374043,0.886712997649004,unknown_1
15.009136199951172,261,0.05,179.36641221374043,0.8833285968946185,unknown_1
15.011356353759766,261,0.05,178.36641221374043,0.8833285968946185,unknown_1
15.017735719680786,261,0.05,173.36641221374043,0.8833285968946185,unknown_1
15.026172399520874,261,0.05,177.36641221374043,0.8833285968946185,unknown_1
15.028628587722778,261,0.05,177.36641221374043,0.8833285968946185,unknown_1
15.034393072128296,262,0.05,172.36641221374043,0.886712997649004,unknown_1
15.037548065185547,262,0.05,175.36641221374043,0.886712997649004,unknown_1
15.045349597930908,262,0.05,177.36641221374043,0.886712997649004,unknown_1
15.045349597930908,262,0.05,172.36641221374043,0.886712997649004,unknown_1
15.051126480102539,262,0.05,175.36641221374043,0.886712997649004,unknown_1
15.061371564865112,262,0.05,179.36641221374043,0.886712997649004,unknown_1
15.061371564865112,262,0.05,174.36641221374043,0.886712997649004,unknown_1
15.070995092391968,262,0.05,175.36641221374043,0.886712997649004,unknown_1
15.07844614982605,262,0.05,180.36641221374043,0.886712997649004,unknown_1
15.07844614982605,262,0.05,175.36641221374043,0.886712997649004,unknown_1
15.085943698883057,262,0.05,174.36641221374043,0.886712997649004,unknown_1
15.095305442810059,262,0.05,179.36641221374043,0.886712997649004,unknown_1
15.095305442810059,262,0.05,175.36641221374043,0.886712997649004,unknown_1
15.102618217468262,262,0.05,173.36641221374043,0.886712997649004,unknown_1
15.106552839279175,262,0.05,179.36641221374043,0.886712997649004,unknown_1
15.11176586151123,262,0.05,177.36641221374043,0.886712997649004,unknown_1
15.119247198104858,262,0.05,174.36641221374043,0.886712997649004,unknown_1
15.120963096618652,261,0.05,180.36641221374043,0.8833285968946185,unknown_1
15.128164291381836,261,0.05,179.36641221374043,0.8833285968946185,unknown_1
15.135438442230225,261,0.05,174.36641221374043,0.8833285968946185,unknown_1
15.136942625045776,261,0.05,178.36641221374043,0.8833285968946185,unknown_1
15.143531084060669,261,0.05,179.36641221374043,0.8833285968946185,unknown_1
15.151782512664795,262,0.05,173.36641221374043,0.886712997649004,unknown_1
15.156580209732056,262,0.05,176.36641221374043,0.886712997649004,unknown_1
15.161515474319458,262,0.05,178.36641221374043,0.886712997649004,unknown_1
15.16904091835022,262,0.05,173.36641221374043,0.886712997649004,unknown_1
15.171215534210205,262,0.05,174.36641221374043,0.886712997649004,unknown_1
15.178842306137085,262,0.05,178.36641221374043,0.886712997649004,unknown_1
15.178842306137085,262,0.05,173.36641221374043,0.886712997649004,unknown_1
15.18963885307312,262,0.05,173.36641221374043,0.886712997649004,unknown_1
15.193702220916748,262,0.05,178.36641221374043,0.886712997649004,unknown_1
15.195215702056885,262,0.05,174.36641221374043,0.886712997649004,unknown_1
15.202088356018066,262,0.05,173.36641221374043,0.886712997649004,unknown_1
15.202088356018066,262,0.05,179.36641221374043,0.886712997649004,unknown_1
15.21178388595581,262,0.05,177.36641221374043,0.886712997649004,unknown_1
15.21178388595581,262,0.05,174.36641221374043,0.886712997649004,unknown_1
15.219004392623901,261,0.05,180.36641221374043,0.8833285968946185,unknown_1
15.228728294372559,261,0.05,179.36641221374043,0.8833285968946185,unknown_1
15.228728294372559,261,0.05,175.36641221374043,0.8833285968946185,unknown_1
15.238195657730103,260,0.05,180.36641221374043,0.879944196140233,unknown_1
15.245697021484375,260,0.05,181.36641221374043,0.879944196140233,unknown_1
15.245697021484375,261,0.05,176.36641221374043,0.8833285968946185,unknown_1
15.255757808685303,261,0.05,180.36641221374043,0.8833285968946185,unknown_1
15.261871576309204,261,0.05,182.36641221374043,0.8833285968946185,unknown_1
15.261871576309204,261,0.05,177.36641221374043,0.8833285968946185,unknown_1
15.270892858505249,261,0.05,179.36641221374043,0.8833285968946185,unknown_1
15.27894115447998,261,0.05,183.36641221374043,0.8833285968946185,unknown_1
15.27894115447998,261,0.05,178.36641221374043,0.8833285968946185,unknown_1
15.287509441375732,261,0.05,179.36641221374043,0.8833285968946185,unknown_1
15.295062780380249,261,0.05,184.36641221374043,0.8833285968946185,unknown_1
15.295062780380249,261,0.05,180.36641221374043,0.8833285968946185,unknown_1
15.304070711135864,261,0.05,179.36641221374043,0.8833285968946185,unknown_1
15.304070711135864,261,0.05,184.36641221374043,0.8833285968946185,unknown_1
15.31178879737854,261,0.05,181.36641221374043,0.8833285968946185,unknown_1
15.319350242614746,261,0.05,179.36641221374043,0.8833285968946185,unknown_1
15.321242094039917,260,0.05,184.36641221374043,0.879944196140233,unknown_1
15.329115390777588,260,0.05,182.36641221374043,0.879944196140233,unknown_1
15.337161540985107,260,0.05,178.36641221374043,0.879944196140233,unknown_1
15.337161540985107,260,0.05,182.36641221374043,0.879944196140233,unknown_1
15.344829082489014,260,0.05,181.36641221374043,0.879944196140233,unknown_1
15.352258920669556,260,0.05,177.36641221374043,0.879944196140233,unknown_1
15.354843378067017,260,0.05,181.36641221374043,0.879944196140233,unknown_1
15.361558675765991,260,0.05,183.36641221374043,0.879944196140233,unknown_1
15.368603944778442,260,0.05,179.36641221374043,0.879944196140233,unknown_1
15.371874570846558,260,0.05,182.36641221374043,0.879944196140233,unknown_1
15.378589391708374,260,0.05,185.36641221374043,0.879944196140233,unknown_1
15.381887197494507,260,0.05,181.36641221374043,0.879944196140233,unknown_1
15.384965419769287,260,0.05,183.36641221374043,0.879944196140233,unknown_1
15.392361640930176,260,0.05,187.36641221374043,0.879944196140233,unknown_1
15.392361640930176,260,0.05,183.36641221374043,0.879944196140233,unknown_1
15.402503252029419,260,0.05,184.36641221374043,0.879944196140233,unknown_1
15.408503770828247,260,0.05,190.36641221374043,0.879944196140233,unknown_1
15.408503770828247,260,0.05,187.36641221374043,0.879944196140233,unknown_1
15.419960260391235,260,0.05,186.36641221374043,0.879944196140233,unknown_1
15.426448106765747,259,0.05,192.36641221374043,0.8765597953858475,unknown_1
15.426448106765747,259,0.05,190.36641221374043,0.8765597953858475,unknown_1
15.435402870178223,259,0.05,187.36641221374043,0.8765597953858475,unknown_1
15.443902015686035,258,0.05,193.36641221374043,0.873175394631462,unknown_1
15.444924116134644,258,0.05,193.36641221374043,0.873175394631462,unknown_1
15.450886249542236,258,0.05,189.36641221374043,0.873175394631462,unknown_1
15.45923924446106,258,0.05,194.36641221374043,0.873175394631462,unknown_1
15.461970806121826,258,0.05,195.36641221374043,0.873175394631462,unknown_1
15.467804670333862,258,0.05,190.36641221374043,0.873175394631462,unknown_1
15.472453117370605,258,0.05,193.36641221374043,0.873175394631462,unknown_1
15.477948904037476,258,0.05,195.36641221374043,0.873175394631462,unknown_1
15.484589338302612,259,0.05,189.36641221374043,0.8765597953858475,unknown_1
15.486565351486206,259,0.05,190.36641221374043,0.8765597953858475,unknown_1
15.49224591255188,259,0.05,192.36641221374043,0.8765597953858475,unknown_1
15.500559091567993,260,0.05,186.36641221374043,0.879944196140233,unknown_1
15.504801511764526,260,0.05,186.36641221374043,0.879944196140233,unknown_1
15.509094953536987,260,0.05,190.36641221374043,0.879944196140233,unknown_1
15.5169095993042,260,0.05,185.36641221374043,0.879944196140233,unknown_1
15.520122528076172,260,0.05,184.36641221374043,0.879944196140233,unknown_1
15.525258302688599,260,0.05,189.36641221374043,0.879944196140233,unknown_1
15.533713579177856,260,0.05,185.36641221374043,0.879944196140233,unknown_1
15.536614418029785,260,0.05,182.36641221374043,0.879944196140233,unknown_1
15.541037321090698,260,0.05,186.36641221374043,0.879944196140233,unknown_1
15.545100212097168,260,0.05,183.36641221374043,0.879944196140233,unknown_1
15.54919958114624,260,0.05,178.36641221374043,0.879944196140233,unknown_1
15.557533979415894,260,0.05,182.36641221374043,0.879944196140233,unknown_1
15.559261322021484,260,0.05,181.36641221374043,0.879944196140233,unknown_1
15.569064855575562,261,0.05,176.36641221374043,0.8833285968946185,unknown_1
15.573657512664795,261,0.05,180.36641221374043,0.8833285968946185,unknown_1
15.579028367996216,261,0.05,181.36641221374043,0.8833285968946185,unknown_1
15.582135200500488,262,0.05,175.36641221374043,0.886712997649004,unknown_1
15.590479612350464,262,0.05,177.36641221374043,0.886712997649004,unknown_1
15.593416690826416,262,0.05,180.36641221374043,0.886712997649004,unknown_1
15.598522663116455,262,0.05,174.36641221374043,0.886712997649004,unknown_1
15.606912612915039,262,0.05,175.36641221374043,0.886712997649004,unknown_1
15.609586477279663,262,0.05,179.36641221374043,0.886712997649004,unknown_1
15.615187883377075,262,0.05,174.36641221374043,0.886712997649004,unknown_1
15.623391389846802,262,0.05,173.36641221374043,0.886712997649004,unknown_1
15.628597974777222,262,0.05,178.36641221374043,0.886712997649004,unknown_1
15.631684303283691,262,0.05,174.36641221374043,0.886712997649004,unknown_1
15.631684303283691,262,0.05,172.36641221374043,0.886712997649004,unknown_1
15.641579627990723,262,0.05,177.36641221374043,0.886712997649004,unknown_1
15.648048162460327,262,0.05,175.36641221374043,0.886712997649004,unknown_1
15.648048162460327,262,0.05,171.36641221374043,0.886712997649004,unknown_1
15.658103227615356,261,0.05,176.36641221374043,0.8833285968946185,unknown_1
15.663574457168579,261,0.05,176.36641221374043,0.8833285968946185,unknown_1
15.669156074523926,261,0.05,172.36641221374043,0.8833285968946185,unknown_1
15.669156074523926,261,0.05,177.36641221374043,0.8833285968946185,unknown_1
15.676352977752686,261,0.05,178.36641221374043,0.8833285968946185,unknown_1
15.683100938796997,262,0.05,173.36641221374043,0.886712997649004,unknown_1
15.683100938796997,262,0.05,176.36641221374043,0.886712997649004,unknown_1
15.693920850753784,262,0.05,179.36641221374043,0.886712997649004,unknown_1
15.698936223983765,262,0.05,173.36641221374043,0.886712997649004,unknown_1
15.698936223983765,262,0.05,176.36641221374043,0.886712997649004,unknown_1
15.709206819534302,262,0.05,181.36641221374043,0.886712997649004,unknown_1
15.715322256088257,262,0.05,177.36641221374043,0.886712997649004,unknown_1
15.715322256088257,262,0.05,177.36641221374043,0.886712997649004,unknown_1
15.725575923919678,261,0.05,183.36641221374043,0.8833285968946185,unknown_1
15.73150086402893,261,0.05,179.36641221374043,0.8833285968946185,unknown_1
15.73150086402893,261,0.05,178.36641221374043,0.8833285968946185,unknown_1
15.741933584213257,261,0.05,183.36641221374043,0.8833285968946185,unknown_1
15.741933584213257,261,0.05,181.36641221374043,0.8833285968946185,unknown_1
15.754167556762695,261,0.05,178.36641221374043,0.8833285968946185,unknown_1
15.758715867996216,260,0.05,184.36641221374043,0.879944196140233,unknown_1
15.761642456054688,260,0.05,183.36641221374043,0.879944196140233,unknown_1
15.764668703079224,260,0.05,180.36641221374043,0.879944196140233,unknown_1
15.774516820907593,259,0.05,185.36641221374043,0.8765597953858475,unknown_1
15.777899503707886,259,0.05,186.36641221374043,0.8765597953858475,unknown_1
15.78091287612915,260,0.05,181.36641221374043,0.879944196140233,unknown_1
15.790606021881104,260,0.05,185.36641221374043,0.879944196140233,unknown_1
15.794633388519287,260,0.05,187.36641221374043,0.879944196140233,unknown_1
15.79719090461731,260,0.05,182.36641221374043,0.879944196140233,unknown_1
15.805566310882568,260,0.05,184.36641221374043,0.879944196140233,unknown_1
15.811525344848633,260,0.05,188.36641221374043,0.879944196140233,unknown_1
15.813545942306519,260,0.05,183.36641221374043,0.879944196140233,unknown_1
15.821884155273438,260,0.05,184.36641221374043,0.879944196140233,unknown_1
15.827974557876587,260,0.05,188.36641221374043,0.879944196140233,unknown_1
15.83184814453125,260,0.05,184.36641221374043,0.879944196140233,unknown_1
15.83184814453125,260,0.05,183.36641221374043,0.879944196140233,unknown_1
15.844998359680176,260,0.05,188.36641221374043,0.879944196140233,unknown_1
15.846517086029053,260,0.05,184.36641221374043,0.879944196140233,unknown_1
15.846517086029053,260,0.05,182.36641221374043,0.879944196140233,unknown_1
15.861679792404175,260,0.05,188.36641221374043,0.879944196140233,unknown_1
15.863626480102539,260,0.05,187.36641221374043,0.879944196140233,unknown_1
15.863626480102539,260,0.05,184.36641221374043,0.879944196140233,unknown_1
15.872954845428467,258,0.05,190.36641221374043,0.873175394631462,unknown_1
15.878279685974121,258,0.05,191.36641221374043,0.873175394631462,unknown_1
15.885697364807129,259,0.05,186.36641221374043,0.8765597953858475,unknown_1
15.886913061141968,259,0.05,190.36641221374043,0.8765597953858475,unknown_1
15.897934198379517,259,0.05,192.36641221374043,0.8765597953858475,unknown_1
15.897934198379517,259,0.05,187.36641221374043,0.8765597953858475,unknown_1
15.903100728988647,259,0.05,190.36641221374043,0.8765597953858475,unknown_1
15.910072803497314,259,0.05,193.36641221374043,0.8765597953858475,unknown_1
15.911090850830078,259,0.05,188.36641221374043,0.8765597953858475,unknown_1
15.919298648834229,259,0.05,189.36641221374043,0.8765597953858475,unknown_1
15.928631782531738,259,0.05,193.36641221374043,0.8765597953858475,unknown_1
15.928631782531738,259,0.05,188.36641221374043,0.8765597953858475,unknown_1
15.937883853912354,259,0.05,188.36641221374043,0.8765597953858475,unknown_1
15.937883853912354,259,0.05,193.36641221374043,0.8765597953858475,unknown_1
15.945261716842651,259,0.05,189.36641221374043,0.8765597953858475,unknown_1
15.955094814300537,259,0.05,188.36641221374043,0.8765597953858475,unknown_1
15.95816445350647,259,0.05,194.36641221374043,0.8765597953858475,unknown_1
15.961714029312134,259,0.05,192.36641221374043,0.8765597953858475,unknown_1
15.972002744674683,259,0.05,189.36641221374043,0.8765597953858475,unknown_1
15.972002744674683,258,0.05,195.36641221374043,0.873175394631462,unknown_1
15.978518009185791,258,0.05,194.36641221374043,0.873175394631462,unknown_1
15.988460779190063,258,0.05,189.36641221374043,0.873175394631462,unknown_1
15.988460779190063,258,0.05,194.36641221374043,0.873175394631462,unknown_1
15.995633602142334,258,0.05,195.36641221374043,0.873175394631462,unknown_1
15.995633602142334,258,0.05,190.36641221374043,0.873175394631462,unknown_1
16.004182815551758,258,0.05,194.36641221374043,0.873175394631462,unknown_1
16.0113685131073,258,0.05,197.36641221374043,0.873175394631462,unknown_1
16.0113685131073,258,0.05,192.36641221374043,0.873175394631462,unknown_1
16.020554304122925,258,0.05,195.36641221374043,0.873175394631462,unknown_1
16.02793574333191,258,0.05,199.36641221374043,0.873175394631462,unknown_1
16.02793574333191,258,0.05,194.36641221374043,0.873175394631462,unknown_1
16.036911010742188,258,0.05,195.36641221374043,0.873175394631462,unknown_1
16.04700803756714,258,0.05,200.36641221374043,0.873175394631462,unknown_1
16.04700803756714,258,0.05,195.36641221374043,0.873175394631462,unknown_1
16.05282974243164,258,0.05,193.36641221374043,0.873175394631462,unknown_1
16.061233520507812,258,0.05,198.36641221374043,0.873175394631462,unknown_1
16.0623459815979,258,0.05,194.36641221374043,0.873175394631462,unknown_1
16.069401025772095,258,0.05,191.36641221374043,0.873175394631462,unknown_1
16.070799827575684,258,0.05,196.36641221374043,0.873175394631462,unknown_1
16.07785415649414,258,0.05,195.36641221374043,0.873175394631462,unknown_1
16.086768627166748,258,0.05,191.36641221374043,0.873175394631462,unknown_1
16.086768627166748,257,0.05,196.36641221374043,0.8697909938770765,unknown_1
16.09499955177307,257,0.05,196.36641221374043,0.8697909938770765,unknown_1
16.10205101966858,258,0.05,191.36641221374043,0.873175394631462,unknown_1
16.1037015914917,258,0.05,195.36641221374043,0.873175394631462,unknown_1
16.110724210739136,258,0.05,196.36641221374043,0.873175394631462,unknown_1
16.11811900138855,258,0.05,191.36641221374043,0.873175394631462,unknown_1
16.123119592666626,258,0.05,194.36641221374043,0.873175394631462,unknown_1
16.128824472427368,258,0.05,198.36641221374043,0.873175394631462,unknown_1
16.135497570037842,258,0.05,193.36641221374043,0.873175394631462,unknown_1
16.13866400718689,258,0.05,195.36641221374043,0.873175394631462,unknown_1
16.145219087600708,258,0.05,199.36641221374043,0.873175394631462,unknown_1
16.15212893486023,259,0.05,193.36641221374043,0.8765597953858475,unknown_1
16.155054807662964,259,0.05,191.36641221374043,0.8765597953858475,unknown_1
16.16259503364563,259,0.05,196.36641221374043,0.8765597953858475,unknown_1
16.16324758529663,259,0.05,192.36641221374043,0.8765597953858475,unknown_1
16.168553829193115,259,0.05,190.36641221374043,0.8765597953858475,unknown_1
16.176612615585327,258,0.05,196.36641221374043,0.873175394631462,unknown_1
16.178547620773315,258,0.05,194.36641221374043,0.873175394631462,unknown_1
16.185421228408813,258,0.05,190.36641221374043,0.873175394631462,unknown_1
16.19275164604187,258,0.05,195.36641221374043,0.873175394631462,unknown_1
16.19275164604187,258,0.05,194.36641221374043,0.873175394631462,unknown_1
16.20118474960327,258,0.05,189.36641221374043,0.873175394631462,unknown_1
16.209389686584473,258,0.05,194.36641221374043,0.873175394631462,unknown_1
16.211536407470703,258,0.05,195.36641221374043,0.873175394631462,unknown_1
16.21780753135681,258,0.05,190.36641221374043,0.873175394631462,unknown_1
16.21780753135681,258,0.05,193.36641221374043,0.873175394631462,unknown_1
16.227527856826782,258,0.05,196.36641221374043,0.873175394631462,unknown_1
16.227527856826782,258,0.05,191.36641221374043,0.873175394631462,unknown_1
16.23791003227234,258,0.05,193.36641221374043,0.873175394631462,unknown_1
16.24544930458069,258,0.05,197.36641221374043,0.873175394631462,unknown_1
16.24544930458069,258,0.05,193.36641221374043,0.873175394631462,unknown_1
16.254334211349487,258,0.05,194.36641221374043,0.873175394631462,unknown_1
16.261918783187866,258,0.05,199.36641221374043,0.873175394631462,unknown_1
16.261918783187866,258,0.05,195.36641221374043,0.873175394631462,unknown_1
16.269227981567383,258,0.05,193.36641221374043,0.873175394631462,unknown_1
16.272303104400635,258,0.05,198.36641221374043,0.873175394631462,unknown_1
16.277804613113403,258,0.05,194.36641221374043,0.873175394631462,unknown_1
16.287535190582275,258,0.05,191.36641221374043,0.873175394631462,unknown_1
16.287535190582275,258,0.05,196.36641221374043,0.873175394631462,unknown_1
16.29525375366211,258,0.05,195.36641221374043,0.873175394631462,unknown_1
16.302627563476562,258,0.05,191.36641221374043,0.873175394631462,unknown_1
16.304199695587158,257,0.05,196.36641221374043,0.8697909938770765,unknown_1
16.311333417892456,257,0.05,196.36641221374043,0.8697909938770765,unknown_1
16.3193838596344,258,0.05,191.36641221374043,0.873175394631462,unknown_1
16.321998834609985,258,0.05,195.36641221374043,0.873175394631462,unknown_1
16.368874073028564,258,0.05,197.36641221374043,0.873175394631462,unknown_1
16.37759804725647,258,0.05,192.36641221374043,0.873175394631462,unknown_1
16.385594844818115,258,0.05,194.36641221374043,0.873175394631462,unknown_1
16.395395278930664,258,0.05,198.36641221374043,0.873175394631462,unknown_1
16.395395278930664,258,0.05,193.36641221374043,0.873175394631462,unknown_1
16.39863419532776,258,0.05,194.36641221374043,0.873175394631462,unknown_1
16.39863419532776,258,0.05,199.36641221374043,0.873175394631462,unknown_1
16.39863419532776,258,0.05,195.36641221374043,0.873175394631462,unknown_1
16.39863419532776,258,0.05,193.36641221374043,0.873175394631462,unknown_1
16.39863419532776,258,0.05,198.36641221374043,0.873175394631462,unknown_1
16.402864456176758,258,0.05,194.36641221374043,0.873175394631462,unknown_1
16.402864456176758,258,0.05,191.36641221374043,0.873175394631462,unknown_1
16.402864456176758,258,0.05,196.36641221374043,0.873175394631462,unknown_1
16.402864456176758,258,0.05,195.36641221374043,0.873175394631462,unknown_1
16.406057357788086,258,0.05,191.36641221374043,0.873175394631462,unknown_1
16.41242241859436,257,0.05,196.36641221374043,0.8697909938770765,unknown_1
16.41242241859436,257,0.05,196.36641221374043,0.8697909938770765,unknown_1
16.41242241859436,258,0.05,191.36641221374043,0.873175394631462,unknown_1
16.420491695404053,258,0.05,195.36641221374043,0.873175394631462,unknown_1
16.42850613594055,258,0.05,196.36641221374043,0.873175394631462,unknown_1
16.42850613594055,258,0.05,191.36641221374043,0.873175394631462,unknown_1
16.43756103515625,258,0.05,194.36641221374043,0.873175394631462,unknown_1
16.444854259490967,258,0.05,197.36641221374043,0.873175394631462,unknown_1
16.444854259490967,258,0.05,192.36641221374043,0.873175394631462,unknown_1
16.45398783683777,258,0.05,194.36641221374043,0.873175394631462,unknown_1
16.46082615852356,258,0.05,198.36641221374043,0.873175394631462,unknown_1
16.46082615852356,258,0.05,193.36641221374043,0.873175394631462,unknown_1
16.470290660858154,258,0.05,192.36641221374043,0.873175394631462,unknown_1
16.470290660858154,258,0.05,197.36641221374043,0.873175394631462,unknown_1
16.47876524925232,258,0.05,193.36641221374043,0.873175394631462,unknown_1
16.486916303634644,258,0.05,191.36641221374043,0.873175394631462,unknown_1
16.486916303634644,258,0.05,196.36641221374043,0.873175394631462,unknown_1
16.493958473205566,258,0.05,194.36641221374043,0.873175394631462,unknown_1
16.503618240356445,258,0.05,191.36641221374043,0.873175394631462,unknown_1
16.503618240356445,258,0.05,196.36641221374043,0.873175394631462,unknown_1
16.51081418991089,258,0.05,195.36641221374043,0.873175394631462,unknown_1
16.519271850585938,258,0.05,190.36641221374043,0.873175394631462,unknown_1
16.52283239364624,258,0.05,195.36641221374043,0.873175394631462,unknown_1
16.52751326560974,258,0.05,195.36641221374043,0.873175394631462,unknown_1
16.535375118255615,258,0.05,190.36641221374043,0.873175394631462,unknown_1
16.535375118255615,258,0.05,194.36641221374043,0.873175394631462,unknown_1
16.54370665550232,258,0.05,196.36641221374043,0.873175394631462,unknown_1
16.552111387252808,258,0.05,191.36641221374043,0.873175394631462,unknown_1
16.557274103164673,258,0.05,193.36641221374043,0.873175394631462,unknown_1
16.56188440322876,258,0.05,197.36641221374043,0.873175394631462,unknown_1
16.56188440322876,258,0.05,192.36641221374043,0.873175394631462,unknown_1
16.570993423461914,258,0.05,192.36641221374043,0.873175394631462,unknown_1
16.578043222427368,258,0.05,196.36641221374043,0.873175394631462,unknown_1
16.578043222427368,258,0.05,192.36641221374043,0.873175394631462,unknown_1
16.587486505508423,258,0.05,190.36641221374043,0.873175394631462,unknown_1
16.594685792922974,258,0.05,195.36641221374043,0.873175394631462,unknown_1
16.594685792922974,258,0.05,193.36641221374043,0.873175394631462,unknown_1
16.602522134780884,258,0.05,190.36641221374043,0.873175394631462,unknown_1
16.611319541931152,258,0.05,195.36641221374043,0.873175394631462,unknown_1
16.611668586730957,258,0.05,194.36641221374043,0.873175394631462,unknown_1
16.61940884590149,258,0.05,190.36641221374043,0.873175394631462,unknown_1
16.61940884590149,257,0.05,195.36641221374043,0.8697909938770765,unknown_1
16.629332780838013,257,0.05,196.36641221374043,0.8697909938770765,unknown_1
16.629332780838013,258,0.05,191.36641221374043,0.873175394631462,unknown_1
16.63953399658203,258,0.05,195.36641221374043,0.873175394631462,unknown_1
16.645036458969116,258,0.05,196.36641221374043,0.873175394631462,unknown_1
16.645036458969116,258,0.05,191.36641221374043,0.873175394631462,unknown_1
16.65278720855713,258,0.05,193.36641221374043,0.873175394631462,unknown_1
16.661545991897583,258,0.05,196.36641221374043,0.873175394631462,unknown_1
16.661545991897583,258,0.05,191.36641221374043,0.873175394631462,unknown_1
16.672022819519043,258,0.05,193.36641221374043,0.873175394631462,unknown_1
16.672022819519043,258,0.05,197.36641221374043,0.873175394631462,unknown_1
16.677957773208618,258,0.05,193.36641221374043,0.873175394631462,unknown_1
16.68905758857727,258,0.05,192.36641221374043,0.873175394631462,unknown_1
16.68905758857727,258,0.05,197.36641221374043,0.873175394631462,unknown_1
16.6951801776886,258,0.05,193.36641221374043,0.873175394631462,unknown_1
16.704649209976196,258,0.05,191.36641221374043,0.873175394631462,unknown_1
16.704649209976196,258,0.05,196.36641221374043,0.873175394631462,unknown_1
16.712158679962158,258,0.05,195.36641221374043,0.873175394631462,unknown_1
16.721323013305664,258,0.05,191.36641221374043,0.873175394631462,unknown_1
16.721323013305664,257,0.05,196.36641221374043,0.8697909938770765,unknown_1
16.728041172027588,257,0.05,195.36641221374043,0.8697909938770765,unknown_1
16.73590350151062,258,0.05,190.36641221374043,0.873175394631462,unknown_1
16.738365650177002,258,0.05,194.36641221374043,0.873175394631462,unknown_1
16.74487328529358,258,0.05,195.36641221374043,0.873175394631462,unknown_1
16.752765417099,258,0.05,190.36641221374043,0.873175394631462,unknown_1
16.756866931915283,258,0.05,193.36641221374043,0.873175394631462,unknown_1
16.761396169662476,258,0.05,195.36641221374043,0.873175394631462,unknown_1
16.761396169662476,258,0.05,190.36641221374043,0.873175394631462,unknown_1
16.77056336402893,258,0.05,192.36641221374043,0.873175394631462,unknown_1
16.77797222137451,258,0.05,196.36641221374043,0.873175394631462,unknown_1
16.77797222137451,258,0.05,192.36641221374043,0.873175394631462,unknown_1
16.78714680671692,258,0.05,193.36641221374043,0.873175394631462,unknown_1
16.794143438339233,258,0.05,198.36641221374043,0.873175394631462,unknown_1
16.794143438339233,258,0.05,194.36641221374043,0.873175394631462,unknown_1
16.802005767822266,258,0.05,192.36641221374043,0.873175394631462,unknown_1
16.811773538589478,258,0.05,197.36641221374043,0.873175394631462,unknown_1
16.811773538589478,258,0.05,194.36641221374043,0.873175394631462,unknown_1
16.819103717803955,258,0.05,191.36641221374043,0.873175394631462,unknown_1
16.82966685295105,258,0.05,196.36641221374043,0.873175394631462,unknown_1
16.82966685295105,258,0.05,195.36641221374043,0.873175394631462,unknown_1
16.83600401878357,258,0.05,191.36641221374043,0.873175394631462,unknown_1
16.83600401878357,257,0.05,196.36641221374043,0.8697909938770765,unknown_1
16.84508204460144,257,0.05,196.36641221374043,0.8697909938770765,unknown_1
16.851935386657715,258,0.05,191.36641221374043,0.873175394631462,unknown_1
16.855040311813354,258,0.05,195.36641221374043,0.873175394631462,unknown_1
16.86194610595703,258,0.05,197.36641221374043,0.873175394631462,unknown_1
16.86881923675537,258,0.05,192.36641221374043,0.873175394631462,unknown_1
16.86881923675537,258,0.05,195.36641221374043,0.873175394631462,unknown_1
16.878477334976196,258,0.05,199.36641221374043,0.873175394631462,unknown_1
16.885302305221558,258,0.05,194.36641221374043,0.873175394631462,unknown_1
16.887149810791016,258,0.05,195.36641221374043,0.873175394631462,unknown_1
16.89279007911682,258,0.05,200.36641221374043,0.873175394631462,unknown_1
16.90148401260376,258,0.05,195.36641221374043,0.873175394631462,unknown_1
16.90148401260376,258,0.05,194.36641221374043,0.873175394631462,unknown_1
16.909752368927002,258,0.05,199.36641221374043,0.873175394631462,unknown_1
16.918181896209717,258,0.05,195.36641221374043,0.873175394631462,unknown_1
16.920331239700317,258,0.05,192.36641221374043,0.873175394631462,unknown_1
16.925979375839233,258,0.05,197.36641221374043,0.873175394631462,unknown_1
16.9305100440979,258,0.05,195.36641221374043,0.873175394631462,unknown_1
16.937841415405273,258,0.05,191.36641221374043,0.873175394631462,unknown_1
16.941643476486206,257,0.05,196.36641221374043,0.8697909938770765,unknown_1
16.94457507133484,257,0.05,196.36641221374043,0.8697909938770765,unknown_1
16.950512647628784,258,0.05,191.36641221374043,0.873175394631462,unknown_1
16.958667516708374,258,0.05,195.36641221374043,0.873175394631462,unknown_1
16.958667516708374,258,0.05,196.36641221374043,0.873175394631462,unknown_1
16.967124938964844,258,0.05,191.36641221374043,0.873175394631462,unknown_1
16.97543168067932,258,0.05,194.36641221374043,0.873175394631462,unknown_1
16.97722363471985,258,0.05,197.36641221374043,0.873175394631462,unknown_1
16.98404622077942,258,0.05,192.36641221374043,0.873175394631462,unknown_1
16.98404622077942,258,0.05,194.36641221374043,0.873175394631462,unknown_1
16.994645595550537,258,0.05,198.36641221374043,0.873175394631462,unknown_1
16.994645595550537,258,0.05,193.36641221374043,0.873175394631462,unknown_1
17.003371000289917,258,0.05,193.36641221374043,0.873175394631462,unknown_1
17.011173486709595,258,0.05,198.36641221374043,0.873175394631462,unknown_1
17.011173486709595,258,0.05,194.36641221374043,0.873175394631462,unknown_1
17.01932120323181,258,0.05,192.36641221374043,0.873175394631462,unknown_1
17.02875304222107,258,0.05,197.36641221374043,0.873175394631462,unknown_1
17.02875304222107,258,0.05,195.36641221374043,0.873175394631462,unknown_1
17.036928176879883,258,0.05,192.36641221374043,0.873175394631462,unknown_1
17.037768602371216,257,0.05,198.36641221374043,0.8697909938770765,unknown_1
17.045005798339844,257,0.05,197.36641221374043,0.8697909938770765,unknown_1
17.053250074386597,257,0.05,193.36641221374043,0.8697909938770765,unknown_1
17.053250074386597,257,0.05,198.36641221374043,0.8697909938770765,unknown_1
17.061283826828003,257,0.05,198.36641221374043,0.8697909938770765,unknown_1
17.069475650787354,258,0.05,192.36641221374043,0.873175394631462,unknown_1
17.069475650787354,258,0.05,196.36641221374043,0.873175394631462,unknown_1
17.076692581176758,258,0.05,198.36641221374043,0.873175394631462,unknown_1
17.086130380630493,258,0.05,192.36641221374043,0.873175394631462,unknown_1
17.086130380630493,258,0.05,195.36641221374043,0.873175394631462,unknown_1
17.09355139732361,258,0.05,199.36641221374043,0.873175394631462,unknown_1
17.100633144378662,258,0.05,194.36641221374043,0.873175394631462,unknown_1
17.100633144378662,258,0.05,195.36641221374043,0.873175394631462,unknown_1
17.108415126800537,258,0.05,200.36641221374043,0.873175394631462,unknown_1
17.11739468574524,258,0.05,195.36641221374043,0.873175394631462,unknown_1
17.11739468574524,258,0.05,193.36641221374043,0.873175394631462,unknown_1
17.124855279922485,258,0.05,199.36641221374043,0.873175394631462,unknown_1
17.128742218017578,258,0.05,196.36641221374043,0.873175394631462,unknown_1
17.135100841522217,258,0.05,193.36641221374043,0.873175394631462,unknown_1
17.142385959625244,257,0.05,199.36641221374043,0.8697909938770765,unknown_1
17.144617319107056,257,0.05,198.36641221374043,0.8697909938770765,unknown_1
17.149956941604614,257,0.05,193.36641221374043,0.8697909938770765,unknown_1
17.157177686691284,257,0.05,198.36641221374043,0.8697909938770765,unknown_1
17.161250829696655,257,0.05,198.36641221374043,0.8697909938770765,unknown_1
17.165274143218994,258,0.05,192.36641221374043,0.873175394631462,unknown_1
17.176313161849976,258,0.05,197.36641221374043,0.873175394631462,unknown_1
17.177337884902954,258,0.05,199.36641221374043,0.873175394631462,unknown_1
17.181870698928833,258,0.05,193.36641221374043,0.873175394631462,unknown_1
17.190239191055298,258,0.05,196.36641221374043,0.873175394631462,unknown_1
17.19521999359131,258,0.05,200.36641221374043,0.873175394631462,unknown_1
17.19829750061035,258,0.05,194.36641221374043,0.873175394631462,unknown_1
17.19829750061035,258,0.05,195.36641221374043,0.873175394631462,unknown_1
17.211475372314453,258,0.05,200.36641221374043,0.873175394631462,unknown_1
17.21450424194336,258,0.05,195.36641221374043,0.873175394631462,unknown_1
17.21450424194336,258,0.05,194.36641221374043,0.873175394631462,unknown_1
17.22803521156311,258,0.05,199.36641221374043,0.873175394631462,unknown_1
17.230552673339844,258,0.05,195.36641221374043,0.873175394631462,unknown_1
17.230552673339844,258,0.05,192.36641221374043,0.873175394631462,unknown_1
17.244908094406128,258,0.05,197.36641221374043,0.873175394631462,unknown_1
17.246982097625732,258,0.05,195.36641221374043,0.873175394631462,unknown_1
17.246982097625732,258,0.05,192.36641221374043,0.873175394631462,unknown_1
17.25738835334778,257,0.05,198.36641221374043,0.8697909938770765,unknown_1
17.26316809654236,257,0.05,198.36641221374043,0.8697909938770765,unknown_1
17.26316809654236,257,0.05,194.36641221374043,0.8697909938770765,unknown_1
17.274266481399536,257,0.05,199.36641221374043,0.8697909938770765,unknown_1
17.279348134994507,257,0.05,199.36641221374043,0.8697909938770765,unknown_1
17.279348134994507,258,0.05,193.36641221374043,0.873175394631462,unknown_1
17.289612531661987,258,0.05,196.36641221374043,0.873175394631462,unknown_1
17.295483589172363,258,0.05,198.36641221374043,0.873175394631462,unknown_1
17.295483589172363,258,0.05,192.36641221374043,0.873175394631462,unknown_1
17.307061195373535,258,0.05,194.36641221374043,0.873175394631462,unknown_1
17.311684131622314,258,0.05,198.36641221374043,0.873175394631462,unknown_1
17.319844007492065,258,0.05,193.36641221374043,0.873175394631462,unknown_1
17.322457313537598,258,0.05,194.36641221374043,0.873175394631462,unknown_1
17.322457313537598,258,0.05,199.36641221374043,0.873175394631462,unknown_1
17.329063415527344,258,0.05,195.36641221374043,0.873175394631462,unknown_1
17.336414575576782,258,0.05,193.36641221374043,0.873175394631462,unknown_1
17.344480752944946,258,0.05,198.36641221374043,0.873175394631462,unknown_1
17.34526300430298,258,0.05,195.36641221374043,0.873175394631462,unknown_1
17.355312824249268,258,0.05,192.36641221374043,0.873175394631462,unknown_1
17.355312824249268,257,0.05,197.36641221374043,0.8697909938770765,unknown_1
17.361833572387695,257,0.05,196.36641221374043,0.8697909938770765,unknown_1
17.361833572387695,257,0.05,192.36641221374043,0.8697909938770765,unknown_1
17.37196111679077,257,0.05,196.36641221374043,0.8697909938770765,unknown_1
17.379216194152832,257,0.05,196.36641221374043,0.8697909938770765,unknown_1
17.379216194152832,258,0.05,191.36641221374043,0.873175394631462,unknown_1
17.392783403396606,258,0.05,195.36641221374043,0.873175394631462,unknown_1
17.39761757850647,258,0.05,196.36641221374043,0.873175394631462,unknown_1
17.40644383430481,258,0.05,191.36641221374043,0.873175394631462,unknown_1
17.40644383430481,258,0.05,193.36641221374043,0.873175394631462,unknown_1
17.41119694709778,258,0.05,196.36641221374043,0.873175394631462,unknown_1
17.41776156425476,258,0.05,191.36641221374043,0.873175394631462,unknown_1
17.420528411865234,258,0.05,192.36641221374043,0.873175394631462,unknown_1
17.428390979766846,258,0.05,196.36641221374043,0.873175394631462,unknown_1
17.434237957000732,259,0.05,191.36641221374043,0.8765597953858475,unknown_1
17.43558382987976,259,0.05,190.36641221374043,0.8765597953858475,unknown_1
17.444966554641724,259,0.05,195.36641221374043,0.8765597953858475,unknown_1
17.450267553329468,259,0.05,192.36641221374043,0.8765597953858475,unknown_1
17.451754093170166,259,0.05,190.36641221374043,0.8765597953858475,unknown_1
17.458037614822388,258,0.05,196.36641221374043,0.873175394631462,unknown_1
17.466562271118164,258,0.05,194.36641221374043,0.873175394631462,unknown_1
17.469603300094604,258,0.05,189.36641221374043,0.873175394631462,unknown_1
17.474910974502563,258,0.05,193.36641221374043,0.873175394631462,unknown_1
17.483320951461792,258,0.05,192.36641221374043,0.873175394631462,unknown_1
17.483320951461792,259,0.05,186.36641221374043,0.8765597953858475,unknown_1
17.491166353225708,259,0.05,190.36641221374043,0.8765597953858475,unknown_1
17.49563956260681,259,0.05,191.36641221374043,0.8765597953858475,unknown_1
17.501509428024292,259,0.05,186.36641221374043,0.8765597953858475,unknown_1
17.50822687149048,259,0.05,188.36641221374043,0.8765597953858475,unknown_1
17.511448621749878,259,0.05,191.36641221374043,0.8765597953858475,unknown_1
17.518632173538208,260,0.05,185.36641221374043,0.879944196140233,unknown_1
17.518632173538208,260,0.05,186.36641221374043,0.879944196140233,unknown_1
17.528146266937256,260,0.05,189.36641221374043,0.879944196140233,unknown_1
17.532670736312866,260,0.05,184.36641221374043,0.879944196140233,unknown_1
17.540752172470093,260,0.05,183.36641221374043,0.879944196140233,unknown_1
17.5427348613739,260,0.05,188.36641221374043,0.879944196140233,unknown_1
17.549049139022827,260,0.05,184.36641221374043,0.879944196140233,unknown_1
17.557199716567993,260,0.05,182.36641221374043,0.879944196140233,unknown_1
17.559848308563232,260,0.05,186.36641221374043,0.879944196140233,unknown_1
17.565373182296753,260,0.05,183.36641221374043,0.879944196140233,unknown_1
17.565373182296753,260,0.05,179.36641221374043,0.879944196140233,unknown_1
17.57529854774475,260,0.05,183.36641221374043,0.879944196140233,unknown_1
17.58164691925049,260,0.05,182.36641221374043,0.879944196140233,unknown_1
17.58164691925049,260,0.05,178.36641221374043,0.879944196140233,unknown_1
17.59225058555603,260,0.05,182.36641221374043,0.879944196140233,unknown_1
17.59784507751465,260,0.05,182.36641221374043,0.879944196140233,unknown_1
17.59784507751465,261,0.05,177.36641221374043,0.8833285968946185,unknown_1
17.606180667877197,261,0.05,179.36641221374043,0.8833285968946185,unknown_1
17.614076137542725,261,0.05,180.36641221374043,0.8833285968946185,unknown_1
17.614076137542725,262,0.05,174.36641221374043,0.886712997649004,unknown_1
17.62248134613037,262,0.05,176.36641221374043,0.886712997649004,unknown_1
17.630347967147827,262,0.05,179.36641221374043,0.886712997649004,unknown_1
17.630347967147827,262,0.05,174.36641221374043,0.886712997649004,unknown_1
17.638710737228394,262,0.05,175.36641221374043,0.886712997649004,unknown_1
17.64673399925232,262,0.05,180.36641221374043,0.886712997649004,unknown_1
17.64673399925232,262,0.05,175.36641221374043,0.886712997649004,unknown_1
17.654988288879395,262,0.05,173.36641221374043,0.886712997649004,unknown_1
17.654988288879395,262,0.05,178.36641221374043,0.886712997649004,unknown_1
17.66274929046631,262,0.05,174.36641221374043,0.886712997649004,unknown_1
17.670985460281372,262,0.05,170.36641221374043,0.886712997649004,unknown_1
17.67472505569458,262,0.05,175.36641221374043,0.886712997649004,unknown_1
17.679727792739868,262,0.05,174.36641221374043,0.886712997649004,unknown_1
17.68701958656311,262,0.05,169.36641221374043,0.886712997649004,unknown_1
17.688663482666016,262,0.05,173.36641221374043,0.886712997649004,unknown_1
17.694790840148926,262,0.05,173.36641221374043,0.886712997649004,unknown_1
17.70313572883606,263,0.05,167.36641221374043,0.8900973984033895,unknown_1
17.70616626739502,263,0.05,170.36641221374043,0.8900973984033895,unknown_1
17.711877822875977,263,0.05,172.36641221374043,0.8900973984033895,unknown_1
17.71922469139099,263,0.05,167.36641221374043,0.8900973984033895,unknown_1
17.721951961517334,263,0.05,169.36641221374043,0.8900973984033895,unknown_1
17.728036642074585,263,0.05,172.36641221374043,0.8900973984033895,unknown_1
17.728036642074585,264,0.05,166.36641221374043,0.8934817991577751,unknown_1
17.737616062164307,264,0.05,166.36641221374043,0.8934817991577751,unknown_1
17.744725227355957,264,0.05,169.36641221374043,0.8934817991577751,unknown_1
17.744725227355957,264,0.05,164.36641221374043,0.8934817991577751,unknown_1
17.753787994384766,264,0.05,163.36641221374043,0.8934817991577751,unknown_1
17.760780572891235,264,0.05,168.36641221374043,0.8934817991577751,unknown_1
17.760780572891235,264,0.05,164.36641221374043,0.8934817991577751,unknown_1
17.77009391784668,264,0.05,162.36641221374043,0.8934817991577751,unknown_1
17.779326677322388,264,0.05,167.36641221374043,0.8934817991577751,unknown_1
17.779326677322388,264,0.05,164.36641221374043,0.8934817991577751,unknown_1
17.78503942489624,264,0.05,160.36641221374043,0.8934817991577751,unknown_1
17.795440196990967,264,0.05,165.36641221374043,0.8934817991577751,unknown_1
17.796409845352173,264,0.05,163.36641221374043,0.8934817991577751,unknown_1
17.802857875823975,265,0.05,157.36641221374043,0.8968661999121607,unknown_1
17.81279420852661,265,0.05,161.36641221374043,0.8968661999121607,unknown_1
17.814889430999756,265,0.05,161.36641221374043,0.8968661999121607,unknown_1
17.819185256958008,266,0.05,154.36641221374043,0.9002506006665462,unknown_1
17.822592973709106,266,0.05,157.36641221374043,0.9002506006665462,unknown_1
17.8283371925354,266,0.05,160.36641221374043,0.9002506006665462,unknown_1
17.835657119750977,266,0.05,154.36641221374043,0.9002506006665462,unknown_1
17.837767124176025,266,0.05,155.36641221374043,0.9002506006665462,unknown_1
17.844598054885864,266,0.05,159.36641221374043,0.9002506006665462,unknown_1
17.85128378868103,266,0.05,154.36641221374043,0.9002506006665462,unknown_1
17.853412628173828,266,0.05,153.36641221374043,0.9002506006665462,unknown_1
17.85943102836609,266,0.05,158.36641221374043,0.9002506006665462,unknown_1
17.867217302322388,266,0.05,154.36641221374043,0.9002506006665462,unknown_1
17.87024736404419,266,0.05,152.36641221374043,0.9002506006665462,unknown_1
17.87540864944458,266,0.05,157.36641221374043,0.9002506006665462,unknown_1
17.883829593658447,266,0.05,154.36641221374043,0.9002506006665462,unknown_1
17.886529684066772,266,0.05,151.36641221374043,0.9002506006665462,unknown_1
17.89252781867981,266,0.05,156.36641221374043,0.9002506006665462,unknown_1
17.895321369171143,266,0.05,156.36641221374043,0.9002506006665462,unknown_1
17.900765419006348,266,0.05,152.36641221374043,0.9002506006665462,unknown_1
17.90896987915039,265,0.05,158.36641221374043,0.8968661999121607,unknown_1
17.911423444747925,265,0.05,159.36641221374043,0.8968661999121607,unknown_1
17.917979955673218,265,0.05,155.36641221374043,0.8968661999121607,unknown_1
17.925377368927002,265,0.05,159.36641221374043,0.8968661999121607,unknown_1
17.92791175842285,265,0.05,162.36641221374043,0.8968661999121607,unknown_1
17.933788061141968,265,0.05,157.36641221374043,0.8968661999121607,unknown_1
17.941982984542847,265,0.05,160.36641221374043,0.8968661999121607,unknown_1
17.946382522583008,265,0.05,164.36641221374043,0.8968661999121607,unknown_1
17.95050549507141,266,0.05,158.36641221374043,0.9002506006665462,unknown_1
17.958634614944458,266,0.05,158.36641221374043,0.9002506006665462,unknown_1
17.96144938468933,266,0.05,161.36641221374043,0.9002506006665462,unknown_1
17.966711282730103,269,0.05,152.36641221374043,0.9104038029297027,unknown_1
17.966711282730103,269,0.05,146.36641221374043,0.9104038029297027,unknown_1
17.978227376937866,269,0.05,146.36641221374043,0.9104038029297027,unknown_1
17.978227376937866,272,0.05,136.36641221374043,0.9205570051928592,unknown_1
17.987046480178833,272,0.05,127.36641221374043,0.9205570051928592,unknown_1
17.994765996932983,272,0.05,128.36641221374043,0.9205570051928592,unknown_1
17.994765996932983,272,0.05,123.36641221374043,0.9205570051928592,unknown_1
18.003278017044067,272,0.05,118.36641221374043,0.9205570051928592,unknown_1
18.012611865997314,272,0.05,124.36641221374043,0.9205570051928592,unknown_1
18.012611865997314,272,0.05,126.36641221374043,0.9205570051928592,unknown_1
18.018489599227905,272,0.05,125.36641221374043,0.9205570051928592,unknown_1
18.024230003356934,271,0.05,134.36641221374043,0.9171726044384737,unknown_1
18.028115272521973,269,0.05,141.36641221374043,0.9104038029297027,unknown_1
18.034786224365234,269,0.05,142.36641221374043,0.9104038029297027,unknown_1
18.03642702102661,269,0.05,152.36641221374043,0.9104038029297027,unknown_1
18.044533491134644,265,0.05,162.36641221374043,0.8968661999121607,unknown_1
18.052128314971924,265,0.05,164.36641221374043,0.8968661999121607,unknown_1
18.052128314971924,265,0.05,172.36641221374043,0.8968661999121607,unknown_1
18.058582067489624,261,0.05,183.36641221374043,0.8833285968946185,unknown_1
18.067129373550415,261,0.05,185.36641221374043,0.8833285968946185,unknown_1
18.070022344589233,261,0.05,191.36641221374043,0.8833285968946185,unknown_1
18.07569456100464,257,0.05,201.36641221374043,0.8697909938770765,unknown_1
18.083467960357666,257,0.05,201.36641221374043,0.8697909938770765,unknown_1
18.089231252670288,257,0.05,203.36641221374043,0.8697909938770765,unknown_1
18.09405493736267,256,0.05,211.36641221374043,0.866406593122691,unknown_1
18.09466242790222,256,0.05,211.36641221374043,0.866406593122691,unknown_1
18.13555383682251,256,0.05,210.36641221374043,0.866406593122691,unknown_1
18.13555383682251,253,0.05,218.36641221374043,0.8562533908595344,unknown_1
18.14429783821106,253,0.05,218.36641221374043,0.8562533908595344,unknown_1
18.14429783821106,253,0.05,214.36641221374043,0.8562533908595344,unknown_1
18.14429783821106,253,0.05,219.36641221374043,0.8562533908595344,unknown_1
18.14429783821106,253,0.05,220.36641221374043,0.8562533908595344,unknown_1
18.14429783821106,253,0.05,215.36641221374043,0.8562533908595344,unknown_1
18.15242862701416,253,0.05,219.36641221374043,0.8562533908595344,unknown_1
18.15242862701416,253,0.05,222.36641221374043,0.8562533908595344,unknown_1
18.15242862701416,253,0.05,217.36641221374043,0.8562533908595344,unknown_1
18.15242862701416,253,0.05,220.36641221374043,0.8562533908595344,unknown_1
18.161743879318237,253,0.05,224.36641221374043,0.8562533908595344,unknown_1
18.161743879318237,253,0.05,219.36641221374043,0.8562533908595344,unknown_1
18.168823957443237,253,0.05,220.36641221374043,0.8562533908595344,unknown_1
18.178386449813843,253,0.05,225.36641221374043,0.8562533908595344,unknown_1
18.182857990264893,253,0.05,220.36641221374043,0.8562533908595344,unknown_1
18.182857990264893,253,0.05,219.36641221374043,0.8562533908595344,unknown_1
18.194448947906494,253,0.05,225.36641221374043,0.8562533908595344,unknown_1
18.198493242263794,253,0.05,221.36641221374043,0.8562533908595344,unknown_1
18.198493242263794,253,0.05,218.36641221374043,0.8562533908595344,unknown_1
18.21134638786316,253,0.05,224.36641221374043,0.8562533908595344,unknown_1
18.214923858642578,253,0.05,222.36641221374043,0.8562533908595344,unknown_1
18.214923858642578,253,0.05,218.36641221374043,0.8562533908595344,unknown_1
18.224074840545654,252,0.05,224.36641221374043,0.8528689901051489,unknown_1
18.232492208480835,252,0.05,225.36641221374043,0.8528689901051489,unknown_1
18.233094215393066,252,0.05,220.36641221374043,0.8528689901051489,unknown_1
18.240966081619263,252,0.05,225.36641221374043,0.8528689901051489,unknown_1
18.248904705047607,252,0.05,227.36641221374043,0.8528689901051489,unknown_1
18.248904705047607,252,0.05,222.36641221374043,0.8528689901051489,unknown_1
18.25715160369873,252,0.05,225.36641221374043,0.8528689901051489,unknown_1
18.261632442474365,252,0.05,229.36641221374043,0.8528689901051489,unknown_1
18.26527190208435,252,0.05,224.36641221374043,0.8528689901051489,unknown_1
18.27375292778015,252,0.05,226.36641221374043,0.8528689901051489,unknown_1
18.275281190872192,252,0.05,231.36641221374043,0.8528689901051489,unknown_1
18.281896114349365,252,0.05,227.36641221374043,0.8528689901051489,unknown_1
18.290119171142578,252,0.05,228.36641221374043,0.8528689901051489,unknown_1
18.29158878326416,251,0.05,235.36641221374043,0.8494845893507634,unknown_1
18.297982215881348,251,0.05,232.36641221374043,0.8494845893507634,unknown_1
18.306095361709595,251,0.05,231.36641221374043,0.8494845893507634,unknown_1
18.31031107902527,250,0.05,238.36641221374043,0.8461001885963779,unknown_1
18.314387559890747,250,0.05,236.36641221374043,0.8461001885963779,unknown_1
18.322843313217163,250,0.05,232.36641221374043,0.8461001885963779,unknown_1
18.32597517967224,249,0.05,238.36641221374043,0.8427157878419924,unknown_1
18.330947399139404,249,0.05,239.36641221374043,0.8427157878419924,unknown_1
18.339245557785034,249,0.05,235.36641221374043,0.8427157878419924,unknown_1
18.342331647872925,249,0.05,241.36641221374043,0.8427157878419924,unknown_1
18.34718370437622,248,0.05,244.36641221374043,0.8393313870876069,unknown_1
18.34718370437622,248,0.05,240.36641221374043,0.8393313870876069,unknown_1
18.358075618743896,248,0.05,245.36641221374043,0.8393313870876069,unknown_1
18.36384344100952,248,0.05,250.36641221374043,0.8393313870876069,unknown_1
18.36384344100952,248,0.05,247.36641221374043,0.8393313870876069,unknown_1
18.373842000961304,248,0.05,252.36641221374043,0.8393313870876069,unknown_1
18.379862308502197,246,0.05,259.36641221374043,0.8325625855788359,unknown_1
18.379862308502197,246,0.05,256.36641221374043,0.8325625855788359,unknown_1
18.388389825820923,246,0.05,259.36641221374043,0.8325625855788359,unknown_1
18.396430492401123,245,0.05,267.36641221374043,0.8291781848244504,unknown_1
18.396430492401123,245,0.05,265.36641221374043,0.8291781848244504,unknown_1
18.404674768447876,245,0.05,266.36641221374043,0.8291781848244504,unknown_1
18.412907600402832,243,0.05,274.36641221374043,0.8224093833156794,unknown_1
18.416570901870728,243,0.05,273.36641221374043,0.8224093833156794,unknown_1
18.421531200408936,243,0.05,272.36641221374043,0.8224093833156794,unknown_1
18.424903869628906,241,0.05,281.36641221374043,0.8156405818069083,unknown_1
18.42932653427124,241,0.05,283.36641221374043,0.8156405818069083,unknown_1
18.437747478485107,241,0.05,282.36641221374043,0.8156405818069083,unknown_1
18.439133167266846,239,0.05,290.36641221374043,0.8088717802981373,unknown_1
18.448353052139282,238,0.05,293.36641221374043,0.8054873795437518,unknown_1
18.453388690948486,238,0.05,290.36641221374043,0.8054873795437518,unknown_1
18.458365201950073,238,0.05,297.36641221374043,0.8054873795437518,unknown_1
18.461467504501343,237,0.05,302.36641221374043,0.8021029787893663,unknown_1
18.46981716156006,237,0.05,300.36641221374043,0.8021029787893663,unknown_1
18.47285294532776,237,0.05,307.36641221374043,0.8021029787893663,unknown_1
18.47777247428894,235,0.05,314.36641221374043,0.7953341772805953,unknown_1
18.486366271972656,235,0.05,312.36641221374043,0.7953341772805953,unknown_1
18.489204168319702,235,0.05,316.36641221374043,0.7953341772805953,unknown_1
18.493982553482056,233,0.05,323.36641221374043,0.7885653757718243,unknown_1
18.493982553482056,233,0.05,320.36641221374043,0.7885653757718243,unknown_1
18.504193544387817,233,0.05,322.36641221374043,0.7885653757718243,unknown_1
18.510796308517456,232,0.05,329.36641221374043,0.7851809750174387,unknown_1
18.510796308517456,232,0.05,327.36641221374043,0.7851809750174387,unknown_1
18.520798683166504,232,0.05,327.36641221374043,0.7851809750174387,unknown_1
18.526973962783813,231,0.05,334.36641221374043,0.7817965742630532,unknown_1
18.528042554855347,231,0.05,333.36641221374043,0.7817965742630532,unknown_1
18.53679656982422,231,0.05,330.36641221374043,0.7817965742630532,unknown_1
18.54386878013611,229,0.05,337.36641221374043,0.7750277727542821,unknown_1
18.54546046257019,229,0.05,337.36641221374043,0.7750277727542821,unknown_1
18.551355600357056,230,0.05,332.36641221374043,0.7784121735086676,unknown_1
18.559622764587402,230,0.05,337.36641221374043,0.7784121735086676,unknown_1
18.562575817108154,230,0.05,338.36641221374043,0.7784121735086676,unknown_1
18.567993640899658,231,0.05,331.36641221374043,0.7817965742630532,unknown_1
18.567993640899658,231,0.05,333.36641221374043,0.7817965742630532,unknown_1
18.579041957855225,231,0.05,335.36641221374043,0.7817965742630532,unknown_1
18.579041957855225,232,0.05,327.36641221374043,0.7851809750174387,unknown_1
18.587910175323486,232,0.05,326.36641221374043,0.7851809750174387,unknown_1
18.59459638595581,232,0.05,328.36641221374043,0.7851809750174387,unknown_1
18.59459638595581,234,0.05,320.36641221374043,0.7919497765262098,unknown_1
18.60407853126526,234,0.05,317.36641221374043,0.7919497765262098,unknown_1
18.611856698989868,234,0.05,320.36641221374043,0.7919497765262098,unknown_1
18.611856698989868,236,0.05,313.36641221374043,0.7987185780349808,unknown_1
18.620765686035156,236,0.05,308.36641221374043,0.7987185780349808,unknown_1
18.620765686035156,236,0.05,311.36641221374043,0.7987185780349808,unknown_1
18.628562450408936,237,0.05,305.36641221374043,0.8021029787893663,unknown_1
18.637751579284668,237,0.05,297.36641221374043,0.8021029787893663,unknown_1
18.637751579284668,237,0.05,299.36641221374043,0.8021029787893663,unknown_1
18.64510941505432,239,0.05,294.36641221374043,0.8088717802981373,unknown_1
18.654700756072998,241,0.05,284.36641221374043,0.8156405818069083,unknown_1
18.654700756072998,241,0.05,284.36641221374043,0.8156405818069083,unknown_1
18.661295652389526,241,0.05,280.36641221374043,0.8156405818069083,unknown_1
18.66868495941162,244,0.05,270.36641221374043,0.8257937840700649,unknown_1
18.674903869628906,244,0.05,269.36641221374043,0.8257937840700649,unknown_1
18.67860984802246,244,0.05,267.36641221374043,0.8257937840700649,unknown_1
18.685919761657715,247,0.05,257.36641221374043,0.8359469863332214,unknown_1
18.689302682876587,247,0.05,255.36641221374043,0.8359469863332214,unknown_1
18.695188283920288,247,0.05,254.36641221374043,0.8359469863332214,unknown_1
18.703100442886353,250,0.05,244.36641221374043,0.8461001885963779,unknown_1
18.705859661102295,250,0.05,240.36641221374043,0.8461001885963779,unknown_1
18.712001085281372,250,0.05,241.36641221374043,0.8461001885963779,unknown_1
18.712001085281372,252,0.05,232.36641221374043,0.8528689901051489,unknown_1
18.719694137573242,252,0.05,227.36641221374043,0.8528689901051489,unknown_1
18.728742599487305,252,0.05,228.36641221374043,0.8528689901051489,unknown_1
18.728742599487305,256,0.05,219.36641221374043,0.866406593122691,unknown_1
18.73814606666565,256,0.05,210.36641221374043,0.866406593122691,unknown_1
18.744812726974487,256,0.05,209.36641221374043,0.866406593122691,unknown_1
18.744812726974487,258,0.05,201.36641221374043,0.873175394631462,unknown_1
18.752656936645508,259,0.05,191.36641221374043,0.8765597953858475,unknown_1
18.76412558555603,259,0.05,191.36641221374043,0.8765597953858475,unknown_1
18.76412558555603,260,0.05,186.36641221374043,0.879944196140233,unknown_1
18.76839280128479,263,0.05,176.36641221374043,0.8900973984033895,unknown_1
18.77794337272644,263,0.05,175.36641221374043,0.8900973984033895,unknown_1
18.779428005218506,263,0.05,172.36641221374043,0.8900973984033895,unknown_1
18.78546667098999,266,0.05,162.36641221374043,0.9002506006665462,unknown_1
18.788951635360718,266,0.05,160.36641221374043,0.9002506006665462,unknown_1
18.79493498802185,266,0.05,159.36641221374043,0.9002506006665462,unknown_1
18.802382707595825,268,0.05,150.36641221374043,0.9070194021753172,unknown_1
18.804358959197998,268,0.05,146.36641221374043,0.9070194021753172,unknown_1
18.810370206832886,268,0.05,146.36641221374043,0.9070194021753172,unknown_1
18.81841802597046,271,0.05,137.36641221374043,0.9171726044384737,unknown_1
18.820294857025146,271,0.05,132.36641221374043,0.9171726044384737,unknown_1
18.825990915298462,271,0.05,132.36641221374043,0.9171726044384737,unknown_1
18.834654092788696,273,0.05,125.36641221374043,0.9239414059472447,unknown_1
18.837409257888794,273,0.05,118.36641221374043,0.9239414059472447,unknown_1
18.842752933502197,273,0.05,119.36641221374043,0.9239414059472447,unknown_1
18.85113286972046,276,0.05,112.36641221374043,0.9340946082104012,unknown_1
18.853330850601196,276,0.05,104.36641221374043,0.9340946082104012,unknown_1
18.85958480834961,276,0.05,103.36641221374043,0.9340946082104012,unknown_1
18.8625545501709,279,0.05,97.36641221374043,0.9442478104735578,unknown_1
18.86936044692993,281,0.05,86.36641221374043,0.9510166119823288,unknown_1
18.876116275787354,281,0.05,84.36641221374043,0.9510166119823288,unknown_1
18.878251314163208,282,0.05,78.36641221374043,0.9544010127367143,unknown_1
18.884599924087524,286,0.05,66.36641221374043,0.9679386157542563,unknown_1
18.891869068145752,286,0.05,63.36641221374043,0.9679386157542563,unknown_1
18.89476466178894,286,0.05,58.36641221374043,0.9679386157542563,unknown_1
18.90214991569519,290,0.05,46.36641221374043,0.9814762187717984,unknown_1
18.908281326293945,290,0.05,40.36641221374043,0.9814762187717984,unknown_1
18.91155219078064,290,0.05,37.36641221374043,0.9814762187717984,unknown_1
18.916980504989624,294,0.05,25.366412213740432,0.9950138217893405,unknown_1
18.92523980140686,294,0.05,19.366412213740432,0.9950138217893405,unknown_1
18.92830204963684,294,0.05,17.366412213740432,0.9950138217893405,unknown_1
18.933319091796875,298,0.05,14.41984732824426,1.0085514248068825,unknown_1
18.94150996208191,298,0.05,11.473282442748086,1.0085514248068825,unknown_1
18.945318937301636,298,0.05,11.526717557251914,1.0085514248068825,unknown_1
18.950005769729614,301,0.05,15.58015267175574,1.018704627070039,unknown_1
18.950665712356567,301,0.05,19.633587786259568,1.018704627070039,unknown_1
18.961556673049927,301,0.05,19.633587786259568,1.018704627070039,unknown_1
18.961556673049927,303,0.05,25.633587786259568,1.02547342857881,unknown_1
18.967159509658813,305,0.05,35.63358778625957,1.032242230087581,unknown_1
18.978467226028442,305,0.05,36.63358778625957,1.032242230087581,unknown_1
18.978467226028442,305,0.05,40.63358778625957,1.032242230087581,unknown_1
18.98526954650879,309,0.05,51.63358778625957,1.0457798331051231,unknown_1
18.99002742767334,309,0.05,53.63358778625957,1.0457798331051231,unknown_1
18.995267629623413,309,0.05,56.63358778625957,1.0457798331051231,unknown_1
19.003069400787354,312,0.05,66.63358778625957,1.0559330353682796,unknown_1
19.003192901611328,312,0.05,69.63358778625957,1.0559330353682796,unknown_1
19.01056671142578,312,0.05,69.63358778625957,1.0559330353682796,unknown_1
19.01784062385559,313,0.05,77.63358778625957,1.0593174361226652,unknown_1
19.019432306289673,313,0.05,79.63358778625957,1.0593174361226652,unknown_1
19.026901483535767,313,0.05,77.63358778625957,1.0593174361226652,unknown_1
19.03425359725952,315,0.05,84.63358778625957,1.0660862376314362,unknown_1
19.039326190948486,315,0.05,87.63358778625957,1.0660862376314362,unknown_1
19.041869163513184,315,0.05,85.63358778625957,1.0660862376314362,unknown_1
19.05075454711914,315,0.05,90.63358778625957,1.0660862376314362,unknown_1
19.055719137191772,315,0.05,94.63358778625957,1.0660862376314362,unknown_1
19.058907508850098,315,0.05,90.63358778625957,1.0660862376314362,unknown_1
19.06191897392273,315,0.05,93.63358778625957,1.0660862376314362,unknown_1
19.069029808044434,315,0.05,97.63358778625957,1.0660862376314362,unknown_1
19.07553482055664,315,0.05,93.63358778625957,1.0660862376314362,unknown_1
19.07553482055664,315,0.05,94.63358778625957,1.0660862376314362,unknown_1
19.083474159240723,316,0.05,99.63358778625957,1.0694706383858217,unknown_1
19.091684818267822,316,0.05,95.63358778625957,1.0694706383858217,unknown_1
19.095235347747803,316,0.05,94.63358778625957,1.0694706383858217,unknown_1
19.101410627365112,316,0.05,99.63358778625957,1.0694706383858217,unknown_1
19.107823610305786,316,0.05,95.63358778625957,1.0694706383858217,unknown_1
19.111793041229248,316,0.05,91.63358778625957,1.0694706383858217,unknown_1
19.116317749023438,316,0.05,95.63358778625957,1.0694706383858217,unknown_1
19.124423027038574,316,0.05,91.63358778625957,1.0694706383858217,unknown_1
19.127475023269653,315,0.05,85.63358778625957,1.0660862376314362,unknown_1
19.132630348205566,315,0.05,87.63358778625957,1.0660862376314362,unknown_1
19.132630348205566,315,0.05,84.63358778625957,1.0660862376314362,unknown_1
19.144789934158325,313,0.05,76.63358778625957,1.0593174361226652,unknown_1
19.144789934158325,313,0.05,78.63358778625957,1.0593174361226652,unknown_1
19.15263867378235,313,0.05,77.63358778625957,1.0593174361226652,unknown_1
19.162124633789062,312,0.05,70.63358778625957,1.0559330353682796,unknown_1
19.162124633789062,312,0.05,71.63358778625957,1.0559330353682796,unknown_1
19.170166492462158,312,0.05,73.63358778625957,1.0559330353682796,unknown_1
19.179503917694092,310,0.05,66.63358778625957,1.0491642338595086,unknown_1
19.179503917694092,310,0.05,66.63358778625957,1.0491642338595086,unknown_1
19.186893939971924,310,0.05,69.63358778625957,1.0491642338595086,unknown_1
19.188550233840942,309,0.05,63.63358778625957,1.0457798331051231,unknown_1
19.194721937179565,309,0.05,61.63358778625957,1.0457798331051231,unknown_1
19.20295023918152,309,0.05,65.63358778625957,1.0457798331051231,unknown_1
19.204272031784058,309,0.05,60.63358778625957,1.0457798331051231,unknown_1
19.211103439331055,309,0.05,56.63358778625957,1.0457798331051231,unknown_1
19.2190101146698,309,0.05,60.63358778625957,1.0457798331051231,unknown_1
19.220195770263672,309,0.05,57.63358778625957,1.0457798331051231,unknown_1
19.226701974868774,308,0.05,52.63358778625957,1.0423954323507376,unknown_1
19.235130310058594,308,0.05,56.63358778625957,1.0423954323507376,unknown_1
19.237525939941406,308,0.05,55.63358778625957,1.0423954323507376,unknown_1
19.244577646255493,308,0.05,50.63358778625957,1.0423954323507376,unknown_1
19.251967668533325,308,0.05,54.63358778625957,1.0423954323507376,unknown_1
19.254217386245728,308,0.05,55.63358778625957,1.0423954323507376,unknown_1
19.26101279258728,308,0.05,50.63358778625957,1.0423954323507376,unknown_1
19.26921558380127,308,0.05,53.63358778625957,1.0423954323507376,unknown_1
19.26921558380127,308,0.05,56.63358778625957,1.0423954323507376,unknown_1
19.27696442604065,307,0.05,50.63358778625957,1.039011031596352,unknown_1
19.27696442604065,307,0.05,51.63358778625957,1.039011031596352,unknown_1
19.287169218063354,307,0.05,54.63358778625957,1.039011031596352,unknown_1
19.295069694519043,306,0.05,48.63358778625957,1.0356266308419666,unknown_1
19.29538106918335,306,0.05,46.63358778625957,1.0356266308419666,unknown_1
19.301964282989502,306,0.05,50.63358778625957,1.0356266308419666,unknown_1
19.30993342399597,306,0.05,45.63358778625957,1.0356266308419666,unknown_1
19.30993342399597,306,0.05,41.63358778625957,1.0356266308419666,unknown_1
19.3183810710907,306,0.05,44.63358778625957,1.0356266308419666,unknown_1
19.326781511306763,306,0.05,40.63358778625957,1.0356266308419666,unknown_1
19.32965397834778,304,0.05,35.63358778625957,1.0288578293331956,unknown_1
19.33476710319519,304,0.05,38.63358778625957,1.0288578293331956,unknown_1
19.342902421951294,304,0.05,35.63358778625957,1.0288578293331956,unknown_1
19.344552516937256,304,0.05,29.633587786259568,1.0288578293331956,unknown_1
19.351102828979492,304,0.05,31.633587786259568,1.0288578293331956,unknown_1
19.351237773895264,304,0.05,29.633587786259568,1.0288578293331956,unknown_1
19.361586332321167,302,0.05,21.633587786259568,1.0220890278244246,unknown_1
19.36729907989502,302,0.05,22.633587786259568,1.0220890278244246,unknown_1
19.368972301483154,302,0.05,22.633587786259568,1.0220890278244246,unknown_1
19.37817645072937,300,0.05,15.58015267175574,1.0153202263156536,unknown_1
19.383646488189697,300,0.05,14.58015267175574,1.0153202263156536,unknown_1
19.38508105278015,300,0.05,16.58015267175574,1.0153202263156536,unknown_1
19.391032218933105,298,0.05,12.526717557251914,1.0085514248068825,unknown_1
19.39928674697876,298,0.05,10.526717557251914,1.0085514248068825,unknown_1
19.404303550720215,298,0.05,12.58015267175574,1.0085514248068825,unknown_1
19.407607078552246,298,0.05,11.526717557251914,1.0085514248068825,unknown_1
19.41520595550537,297,0.05,8.526717557251914,1.005167024052497,unknown_1
19.41520595550537,297,0.05,9.58015267175574,1.005167024052497,unknown_1
19.423529148101807,297,0.05,10.526717557251914,1.005167024052497,unknown_1
19.43143367767334,297,0.05,8.473282442748086,1.005167024052497,unknown_1
19.43143367767334,297,0.05,8.526717557251914,1.005167024052497,unknown_1
19.441288709640503,297,0.05,9.473282442748086,1.005167024052497,unknown_1
19.445346117019653,297,0.05,9.41984732824426,1.005167024052497,unknown_1
19.44793438911438,297,0.05,9.473282442748086,1.005167024052497,unknown_1
19.456290245056152,297,0.05,9.473282442748086,1.005167024052497,unknown_1
19.46204161643982,297,0.05,9.41984732824426,1.005167024052497,unknown_1
19.468180418014526,297,0.05,10.473282442748086,1.005167024052497,unknown_1
19.47307300567627,297,0.05,8.473282442748086,1.005167024052497,unknown_1
19.478418111801147,297,0.05,9.41984732824426,1.005167024052497,unknown_1
19.48165488243103,297,0.05,10.473282442748086,1.005167024052497,unknown_1
19.490230798721313,297,0.05,8.473282442748086,1.005167024052497,unknown_1
19.49502992630005,296,0.05,9.41984732824426,1.0017826232981115,unknown_1
19.49836802482605,296,0.05,9.41984732824426,1.0017826232981115,unknown_1
19.50625252723694,296,0.05,6.419847328244259,1.0017826232981115,unknown_1
19.50886607170105,294,0.05,9.366412213740432,0.9950138217893405,unknown_1
19.514451503753662,294,0.05,10.366412213740432,0.9950138217893405,unknown_1
19.514451503753662,294,0.05,7.366412213740432,0.9950138217893405,unknown_1
19.524837493896484,294,0.05,12.366412213740432,0.9950138217893405,unknown_1
19.530826568603516,294,0.05,15.366412213740432,0.9950138217893405,unknown_1
19.530826568603516,294,0.05,12.366412213740432,0.9950138217893405,unknown_1
19.540712356567383,294,0.05,17.366412213740432,0.9950138217893405,unknown_1
19.546851634979248,293,0.05,23.366412213740432,0.9916294210349549,unknown_1
19.546851634979248,293,0.05,21.366412213740432,0.9916294210349549,unknown_1
19.555249452590942,293,0.05,26.366412213740432,0.9916294210349549,unknown_1
19.5633704662323,291,0.05,35.36641221374043,0.9848606195261839,unknown_1
19.5633704662323,291,0.05,35.36641221374043,0.9848606195261839,unknown_1
19.571688413619995,291,0.05,38.36641221374043,0.9848606195261839,unknown_1
19.579620599746704,288,0.05,47.36641221374043,0.9747074172630273,unknown_1
19.579620599746704,288,0.05,46.36641221374043,0.9747074172630273,unknown_1
19.58791208267212,288,0.05,43.36641221374043,0.9747074172630273,unknown_1
19.58791208267212,287,0.05,46.36641221374043,0.9713230165086418,unknown_1
19.596092224121094,290,0.05,41.36641221374043,0.9814762187717984,unknown_1
19.60501503944397,290,0.05,34.36641221374043,0.9814762187717984,unknown_1
19.60891318321228,290,0.05,36.36641221374043,0.9814762187717984,unknown_1
19.617695808410645,290,0.05,35.36641221374043,0.9814762187717984,unknown_1
19.6202871799469,290,0.05,30.366412213740432,0.9814762187717984,unknown_1
19.621723175048828,290,0.05,34.36641221374043,0.9814762187717984,unknown_1
19.62841773033142,290,0.05,34.36641221374043,0.9814762187717984,unknown_1
19.63641047477722,291,0.05,28.366412213740432,0.9848606195261839,unknown_1
19.637794733047485,291,0.05,32.36641221374043,0.9848606195261839,unknown_1
19.64527940750122,291,0.05,37.36641221374043,0.9848606195261839,unknown_1
19.652613401412964,291,0.05,35.36641221374043,0.9848606195261839,unknown_1
19.652613401412964,291,0.05,42.36641221374043,0.9848606195261839,unknown_1
19.660679578781128,288,0.05,53.36641221374043,0.9747074172630273,unknown_1
19.66901469230652,288,0.05,53.36641221374043,0.9747074172630273,unknown_1
19.67389154434204,288,0.05,57.36641221374043,0.9747074172630273,unknown_1
19.678612232208252,284,0.05,64.36641221374043,0.9611698142454853,unknown_1
19.678612232208252,288,0.05,58.36641221374043,0.9747074172630273,unknown_1
19.686930656433105,288,0.05,51.36641221374043,0.9747074172630273,unknown_1
19.694586038589478,288,0.05,49.36641221374043,0.9747074172630273,unknown_1
19.694586038589478,291,0.05,39.36641221374043,0.9848606195261839,unknown_1
19.703312158584595,292,0.05,28.366412213740432,0.9882450202805694,unknown_1
19.7102210521698,292,0.05,27.366412213740432,0.9882450202805694,unknown_1
19.7102210521698,294,0.05,20.366412213740432,0.9950138217893405,unknown_1
19.717501401901245,297,0.05,14.41984732824426,1.005167024052497,unknown_1
19.72910499572754,297,0.05,11.41984732824426,1.005167024052497,unknown_1
19.72910499572754,298,0.05,12.473282442748086,1.0085514248068825,unknown_1
19.735591888427734,301,0.05,13.526717557251914,1.018704627070039,unknown_1
19.745641708374023,301,0.05,15.58015267175574,1.018704627070039,unknown_1
19.745641708374023,301,0.05,18.58015267175574,1.018704627070039,unknown_1
19.752055883407593,304,0.05,27.633587786259568,1.0288578293331956,unknown_1
19.754740715026855,304,0.05,30.633587786259568,1.0288578293331956,unknown_1
19.762288093566895,304,0.05,31.633587786259568,1.0288578293331956,unknown_1
19.76906132698059,305,0.05,39.63358778625957,1.032242230087581,unknown_1
19.771098852157593,305,0.05,41.63358778625957,1.032242230087581,unknown_1
19.778159856796265,305,0.05,38.63358778625957,1.032242230087581,unknown_1
19.778159856796265,305,0.05,42.63358778625957,1.032242230087581,unknown_1
19.78728413581848,305,0.05,42.63358778625957,1.032242230087581,unknown_1
19.79385542869568,305,0.05,37.63358778625957,1.032242230087581,unknown_1
19.79385542869568,305,0.05,39.63358778625957,1.032242230087581,unknown_1
19.803743600845337,305,0.05,41.63358778625957,1.032242230087581,unknown_1
19.81021475791931,304,0.05,35.63358778625957,1.0288578293331956,unknown_1
19.81824231147766,304,0.05,36.63358778625957,1.0288578293331956,unknown_1
19.81840467453003,304,0.05,39.63358778625957,1.0288578293331956,unknown_1
19.81840467453003,303,0.05,34.63358778625957,1.02547342857881,unknown_1
19.828600645065308,303,0.05,33.63358778625957,1.02547342857881,unknown_1
19.838454961776733,303,0.05,37.63358778625957,1.02547342857881,unknown_1
19.838454961776733,303,0.05,32.63358778625957,1.02547342857881,unknown_1
19.84525728225708,303,0.05,29.633587786259568,1.02547342857881,unknown_1
19.852604389190674,303,0.05,33.63358778625957,1.02547342857881,unknown_1
19.86129593849182,303,0.05,29.633587786259568,1.02547342857881,unknown_1
19.897637844085693,303,0.05,25.633587786259568,1.02547342857881,unknown_1
19.897637844085693,303,0.05,30.633587786259568,1.02547342857881,unknown_1
19.897637844085693,303,0.05,29.633587786259568,1.02547342857881,unknown_1
19.902219772338867,303,0.05,24.633587786259568,1.02547342857881,unknown_1
19.902219772338867,303,0.05,29.633587786259568,1.02547342857881,unknown_1
19.918891429901123,303,0.05,30.633587786259568,1.02547342857881,unknown_1
19.918891429901123,303,0.05,25.633587786259568,1.02547342857881,unknown_1
19.918891429901123,303,0.05,28.633587786259568,1.02547342857881,unknown_1
19.925971508026123,303,0.05,30.633587786259568,1.02547342857881,unknown_1
19.925971508026123,302,0.05,24.633587786259568,1.0220890278244246,unknown_1
19.92754364013672,302,0.05,25.633587786259568,1.0220890278244246,unknown_1
19.92754364013672,302,0.05,27.633587786259568,1.0220890278244246,unknown_1
19.92754364013672,301,0.05,21.633587786259568,1.018704627070039,unknown_1
19.92754364013672,301,0.05,21.633587786259568,1.018704627070039,unknown_1
19.941000938415527,301,0.05,25.633587786259568,1.018704627070039,unknown_1
19.94443368911743,301,0.05,19.633587786259568,1.018704627070039,unknown_1
19.94443368911743,301,0.05,17.633587786259568,1.018704627070039,unknown_1
19.950968503952026,301,0.05,21.633587786259568,1.018704627070039,unknown_1
19.950968503952026,301,0.05,16.633587786259568,1.018704627070039,unknown_1
19.965680837631226,300,0.05,11.633587786259568,1.0153202263156536,unknown_1
19.965680837631226,300,0.05,15.633587786259568,1.0153202263156536,unknown_1
19.973841905593872,300,0.05,12.633587786259568,1.0153202263156536,unknown_1
19.98060631752014,299,0.05,7.580152671755741,1.011935825561268,unknown_1
19.985860109329224,299,0.05,10.58015267175574,1.011935825561268,unknown_1
19.987565279006958,299,0.05,9.58015267175574,1.011935825561268,unknown_1
19.99645972251892,298,0.05,6.526717557251914,1.0085514248068825,unknown_1
19.998977184295654,298,0.05,8.526717557251914,1.0085514248068825,unknown_1
19.998977184295654,298,0.05,8.58015267175574,1.0085514248068825,unknown_1
20.008904218673706,297,0.05,7.526717557251914,1.005167024052497,unknown_1
20.0154070854187,297,0.05,8.526717557251914,1.005167024052497,unknown_1
20.0154070854187,297,0.05,7.580152671755741,1.005167024052497,unknown_1
20.026702165603638,296,0.05,8.526717557251914,1.0017826232981115,unknown_1
20.03182291984558,296,0.05,8.526717557251914,1.0017826232981115,unknown_1
20.03182291984558,296,0.05,6.580152671755741,1.0017826232981115,unknown_1
20.040008306503296,295,0.05,9.526717557251914,0.998398222543726,unknown_1
20.046863555908203,295,0.05,10.473282442748086,0.998398222543726,unknown_1
20.047876834869385,295,0.05,7.526717557251914,0.998398222543726,unknown_1
20.058007955551147,295,0.05,12.473282442748086,0.998398222543726,unknown_1
20.061331510543823,295,0.05,15.41984732824426,0.998398222543726,unknown_1
20.064348936080933,295,0.05,11.41984732824426,0.998398222543726,unknown_1
20.075065851211548,295,0.05,15.41984732824426,0.998398222543726,unknown_1
20.078023433685303,294,0.05,20.366412213740432,0.9950138217893405,unknown_1
20.080576181411743,294,0.05,16.366412213740432,0.9950138217893405,unknown_1
20.090784311294556,294,0.05,18.366412213740432,0.9950138217893405,unknown_1
20.09679937362671,293,0.05,24.366412213740432,0.9916294210349549,unknown_1
20.097599506378174,293,0.05,21.366412213740432,0.9916294210349549,unknown_1
20.105446815490723,293,0.05,21.366412213740432,0.9916294210349549,unknown_1
20.11054801940918,292,0.05,28.366412213740432,0.9882450202805694,unknown_1
20.11359214782715,292,0.05,27.366412213740432,0.9882450202805694,unknown_1
20.11359214782715,292,0.05,27.366412213740432,0.9882450202805694,unknown_1
20.128341674804688,290,0.05,34.36641221374043,0.9814762187717984,unknown_1
20.14190173149109,290,0.05,35.36641221374043,0.9814762187717984,unknown_1
20.144980907440186,290,0.05,33.36641221374043,0.9814762187717984,unknown_1
20.144980907440186,288,0.05,39.36641221374043,0.9747074172630273,unknown_1
20.144980907440186,288,0.05,41.36641221374043,0.9747074172630273,unknown_1
20.15350031852722,288,0.05,38.36641221374043,0.9747074172630273,unknown_1
20.162266731262207,288,0.05,43.36641221374043,0.9747074172630273,unknown_1
20.162266731262207,288,0.05,46.36641221374043,0.9747074172630273,unknown_1
20.170073747634888,288,0.05,43.36641221374043,0.9747074172630273,unknown_1
20.170073747634888,288,0.05,47.36641221374043,0.9747074172630273,unknown_1
20.178641319274902,287,0.05,52.36641221374043,0.9713230165086418,unknown_1
20.18601703643799,287,0.05,49.36641221374043,0.9713230165086418,unknown_1
20.187402486801147,287,0.05,52.36641221374043,0.9713230165086418,unknown_1
20.194801568984985,286,0.05,58.36641221374043,0.9679386157542563,unknown_1
20.202772617340088,286,0.05,55.36641221374043,0.9679386157542563,unknown_1
20.20542573928833,286,0.05,56.36641221374043,0.9679386157542563,unknown_1
20.2113516330719,285,0.05,63.36641221374043,0.9645542149998708,unknown_1
20.219006538391113,285,0.05,61.36641221374043,0.9645542149998708,unknown_1
20.22322964668274,285,0.05,60.36641221374043,0.9645542149998708,unknown_1
20.228654623031616,284,0.05,67.36641221374043,0.9611698142454853,unknown_1
20.235647439956665,284,0.05,67.36641221374043,0.9611698142454853,unknown_1
20.239994525909424,284,0.05,65.36641221374043,0.9611698142454853,unknown_1
20.24359631538391,282,0.05,72.36641221374043,0.9544010127367143,unknown_1
20.245794773101807,282,0.05,74.36641221374043,0.9544010127367143,unknown_1
20.252161026000977,282,0.05,71.36641221374043,0.9544010127367143,unknown_1
20.261229991912842,281,0.05,77.36641221374043,0.9510166119823288,unknown_1
20.262452840805054,281,0.05,79.36641221374043,0.9510166119823288,unknown_1
20.268819570541382,281,0.05,75.36641221374043,0.9510166119823288,unknown_1
20.27636218070984,281,0.05,79.36641221374043,0.9510166119823288,unknown_1
20.27830147743225,281,0.05,83.36641221374043,0.9510166119823288,unknown_1
20.28516149520874,281,0.05,79.36641221374043,0.9510166119823288,unknown_1
20.28688097000122,281,0.05,83.36641221374043,0.9510166119823288,unknown_1
20.295658349990845,280,0.05,88.36641221374043,0.9476322112279433,unknown_1
20.295658349990845,280,0.05,84.36641221374043,0.9476322112279433,unknown_1
20.3043212890625,280,0.05,85.36641221374043,0.9476322112279433,unknown_1
20.31132411956787,280,0.05,91.36641221374043,0.9476322112279433,unknown_1
20.31132411956787,280,0.05,87.36641221374043,0.9476322112279433,unknown_1
20.32138156890869,280,0.05,87.36641221374043,0.9476322112279433,unknown_1
20.32845187187195,279,0.05,93.36641221374043,0.9442478104735578,unknown_1
20.32845187187195,279,0.05,91.36641221374043,0.9442478104735578,unknown_1
20.336758852005005,279,0.05,89.36641221374043,0.9442478104735578,unknown_1
20.345170974731445,278,0.05,95.36641221374043,0.9408634097191723,unknown_1
20.345170974731445,278,0.05,94.36641221374043,0.9408634097191723,unknown_1
20.353495836257935,278,0.05,91.36641221374043,0.9408634097191723,unknown_1
20.362452507019043,277,0.05,96.36641221374043,0.9374790089647868,unknown_1
20.362452507019043,277,0.05,96.36641221374043,0.9374790089647868,unknown_1
20.370633125305176,278,0.05,91.36641221374043,0.9408634097191723,unknown_1
20.370633125305176,278,0.05,95.36641221374043,0.9408634097191723,unknown_1
20.37817096710205,278,0.05,97.36641221374043,0.9408634097191723,unknown_1
20.386113166809082,278,0.05,92.36641221374043,0.9408634097191723,unknown_1
20.387568950653076,278,0.05,94.36641221374043,0.9408634097191723,unknown_1
20.394978046417236,278,0.05,98.36641221374043,0.9408634097191723,unknown_1
20.40239453315735,278,0.05,93.36641221374043,0.9408634097191723,unknown_1
20.40394115447998,278,0.05,94.36641221374043,0.9408634097191723,unknown_1
20.41062879562378,278,0.05,98.36641221374043,0.9408634097191723,unknown_1
20.418493032455444,278,0.05,94.36641221374043,0.9408634097191723,unknown_1
20.424134254455566,278,0.05,92.36641221374043,0.9408634097191723,unknown_1
20.428383350372314,278,0.05,97.36641221374043,0.9408634097191723,unknown_1
20.43497085571289,278,0.05,93.36641221374043,0.9408634097191723,unknown_1
20.43497085571289,278,0.05,90.36641221374043,0.9408634097191723,unknown_1
20.444637537002563,278,0.05,95.36641221374043,0.9408634097191723,unknown_1
20.444637537002563,278,0.05,93.36641221374043,0.9408634097191723,unknown_1
20.452991008758545,278,0.05,89.36641221374043,0.9408634097191723,unknown_1
20.460275173187256,278,0.05,93.36641221374043,0.9408634097191723,unknown_1
20.460275173187256,278,0.05,92.36641221374043,0.9408634097191723,unknown_1
20.46897792816162,279,0.05,86.36641221374043,0.9442478104735578,unknown_1
20.47612953186035,279,0.05,90.36641221374043,0.9442478104735578,unknown_1
20.47612953186035,279,0.05,90.36641221374043,0.9442478104735578,unknown_1
20.48330855369568,280,0.05,84.36641221374043,0.9476322112279433,unknown_1
20.49394154548645,280,0.05,87.36641221374043,0.9476322112279433,unknown_1
20.49748730659485,280,0.05,89.36641221374043,0.9476322112279433,unknown_1
20.50041151046753,280,0.05,83.36641221374043,0.9476322112279433,unknown_1
20.509923934936523,280,0.05,84.36641221374043,0.9476322112279433,unknown_1
20.509923934936523,280,0.05,88.36641221374043,0.9476322112279433,unknown_1
20.517295122146606,280,0.05,83.36641221374043,0.9476322112279433,unknown_1
20.525906085968018,280,0.05,83.36641221374043,0.9476322112279433,unknown_1
20.525906085968018,280,0.05,88.36641221374043,0.9476322112279433,unknown_1
20.53331708908081,280,0.05,84.36641221374043,0.9476322112279433,unknown_1
20.534900188446045,280,0.05,83.36641221374043,0.9476322112279433,unknown_1
20.544859886169434,280,0.05,89.36641221374043,0.9476322112279433,unknown_1
20.548880100250244,280,0.05,87.36641221374043,0.9476322112279433,unknown_1
20.548880100250244,280,0.05,84.36641221374043,0.9476322112279433,unknown_1
20.561427116394043,279,0.05,90.36641221374043,0.9442478104735578,unknown_1
20.56544518470764,279,0.05,90.36641221374043,0.9442478104735578,unknown_1
20.56544518470764,279,0.05,86.36641221374043,0.9442478104735578,unknown_1
20.575042963027954,278,0.05,91.36641221374043,0.9408634097191723,unknown_1
20.582082509994507,278,0.05,93.36641221374043,0.9408634097191723,unknown_1
20.582082509994507,278,0.05,89.36641221374043,0.9408634097191723,unknown_1
20.59041118621826,278,0.05,93.36641221374043,0.9408634097191723,unknown_1
20.59846329689026,278,0.05,96.36641221374043,0.9408634097191723,unknown_1
20.59846329689026,278,0.05,92.36641221374043,0.9408634097191723,unknown_1
20.60665273666382,278,0.05,94.36641221374043,0.9408634097191723,unknown_1
20.61324119567871,278,0.05,97.36641221374043,0.9408634097191723,unknown_1
20.614766836166382,278,0.05,92.36641221374043,0.9408634097191723,unknown_1
20.624674320220947,278,0.05,92.36641221374043,0.9408634097191723,unknown_1
20.62843680381775,278,0.05,96.36641221374043,0.9408634097191723,unknown_1
20.636566162109375,278,0.05,92.36641221374043,0.9408634097191723,unknown_1
20.64112424850464,278,0.05,91.36641221374043,0.9408634097191723,unknown_1
20.644630432128906,278,0.05,96.36641221374043,0.9408634097191723,unknown_1
20.649245262145996,278,0.05,93.36641221374043,0.9408634097191723,unknown_1
20.657601833343506,278,0.05,91.36641221374043,0.9408634097191723,unknown_1
20.661707162857056,278,0.05,96.36641221374043,0.9408634097191723,unknown_1
20.665531396865845,278,0.05,95.36641221374043,0.9408634097191723,unknown_1
20.673900604248047,278,0.05,91.36641221374043,0.9408634097191723,unknown_1
20.678260326385498,277,0.05,96.36641221374043,0.9374790089647868,unknown_1
20.68192148208618,277,0.05,96.36641221374043,0.9374790089647868,unknown_1
20.68192148208618,278,0.05,91.36641221374043,0.9408634097191723,unknown_1
20.691571950912476,278,0.05,95.36641221374043,0.9408634097191723,unknown_1
20.698230743408203,278,0.05,97.36641221374043,0.9408634097191723,unknown_1
20.698230743408203,278,0.05,92.36641221374043,0.9408634097191723,unknown_1
20.708261489868164,278,0.05,95.36641221374043,0.9408634097191723,unknown_1
20.714611768722534,278,0.05,99.36641221374043,0.9408634097191723,unknown_1
20.714611768722534,278,0.05,95.36641221374043,0.9408634097191723,unknown_1
20.72421360015869,278,0.05,97.36641221374043,0.9408634097191723,unknown_1
20.730822563171387,277,0.05,102.36641221374043,0.9374790089647868,unknown_1
20.730822563171387,277,0.05,98.36641221374043,0.9374790089647868,unknown_1
20.739330768585205,277,0.05,98.36641221374043,0.9374790089647868,unknown_1
20.74735927581787,277,0.05,103.36641221374043,0.9374790089647868,unknown_1
20.750039100646973,277,0.05,99.36641221374043,0.9374790089647868,unknown_1
20.75584125518799,277,0.05,98.36641221374043,0.9374790089647868,unknown_1
20.764086484909058,277,0.05,103.36641221374043,0.9374790089647868,unknown_1
20.764086484909058,277,0.05,101.36641221374043,0.9374790089647868,unknown_1
20.772319316864014,277,0.05,99.36641221374043,0.9374790089647868,unknown_1
20.776073217391968,276,0.05,106.36641221374043,0.9340946082104012,unknown_1
20.7799174785614,276,0.05,106.36641221374043,0.9340946082104012,unknown_1
20.788061380386353,276,0.05,103.36641221374043,0.9340946082104012,unknown_1
20.789673328399658,275,0.05,109.36641221374043,0.9307102074560157,unknown_1
20.795685291290283,275,0.05,111.36641221374043,0.9307102074560157,unknown_1
20.803959608078003,275,0.05,107.36641221374043,0.9307102074560157,unknown_1
20.80557084083557,275,0.05,112.36641221374043,0.9307102074560157,unknown_1
20.81195640563965,274,0.05,117.36641221374043,0.9273258067016302,unknown_1
20.81986975669861,274,0.05,114.36641221374043,0.9273258067016302,unknown_1
20.82511615753174,274,0.05,118.36641221374043,0.9273258067016302,unknown_1
20.828513383865356,273,0.05,124.36641221374043,0.9239414059472447,unknown_1
20.837095260620117,273,0.05,121.36641221374043,0.9239414059472447,unknown_1
20.839958429336548,273,0.05,123.36641221374043,0.9239414059472447,unknown_1
20.8451406955719,272,0.05,130.36641221374043,0.9205570051928592,unknown_1
20.8451406955719,272,0.05,128.36641221374043,0.9205570051928592,unknown_1
20.85511875152588,272,0.05,129.36641221374043,0.9205570051928592,unknown_1
20.861247062683105,270,0.05,137.36641221374043,0.9137882036840882,unknown_1
20.861247062683105,270,0.05,137.36641221374043,0.9137882036840882,unknown_1
20.874345541000366,270,0.05,137.36641221374043,0.9137882036840882,unknown_1
20.878406047821045,268,0.05,144.36641221374043,0.9070194021753172,unknown_1
20.878406047821045,268,0.05,144.36641221374043,0.9070194021753172,unknown_1
20.88637614250183,268,0.05,142.36641221374043,0.9070194021753172,unknown_1
20.89534854888916,267,0.05,148.36641221374043,0.9036350014209317,unknown_1
20.89534854888916,267,0.05,149.36641221374043,0.9036350014209317,unknown_1
20.902680158615112,267,0.05,146.36641221374043,0.9036350014209317,unknown_1
20.912416458129883,266,0.05,153.36641221374043,0.9002506006665462,unknown_1
20.912416458129883,266,0.05,156.36641221374043,0.9002506006665462,unknown_1
20.919359922409058,266,0.05,153.36641221374043,0.9002506006665462,unknown_1
20.92853021621704,266,0.05,157.36641221374043,0.9002506006665462,unknown_1
20.92853021621704,265,0.05,162.36641221374043,0.8968661999121607,unknown_1
20.935883283615112,265,0.05,158.36641221374043,0.8968661999121607,unknown_1
20.94026517868042,265,0.05,161.36641221374043,0.8968661999121607,unknown_1
20.945215463638306,264,0.05,167.36641221374043,0.8934817991577751,unknown_1
20.952214241027832,264,0.05,165.36641221374043,0.8934817991577751,unknown_1
20.953790426254272,264,0.05,166.36641221374043,0.8934817991577751,unknown_1
20.96158266067505,263,0.05,173.36641221374043,0.8900973984033895,unknown_1
20.968472480773926,263,0.05,171.36641221374043,0.8900973984033895,unknown_1
20.970068216323853,263,0.05,171.36641221374043,0.8900973984033895,unknown_1
20.976312398910522,262,0.05,178.36641221374043,0.886712997649004,unknown_1
20.984784603118896,262,0.05,179.36641221374043,0.886712997649004,unknown_1
20.98771905899048,262,0.05,178.36641221374043,0.886712997649004,unknown_1
20.99304986000061,259,0.05,186.36641221374043,0.8765597953858475,unknown_1
21.001513957977295,259,0.05,188.36641221374043,0.8765597953858475,unknown_1
21.004537105560303,259,0.05,186.36641221374043,0.8765597953858475,unknown_1
21.009975910186768,258,0.05,192.36641221374043,0.873175394631462,unknown_1
21.01161479949951,258,0.05,194.36641221374043,0.873175394631462,unknown_1
21.019006729125977,258,0.05,191.36641221374043,0.873175394631462,unknown_1
21.02484941482544,258,0.05,196.36641221374043,0.873175394631462,unknown_1
21.028085470199585,257,0.05,200.36641221374043,0.8697909938770765,unknown_1
21.036969423294067,257,0.05,196.36641221374043,0.8697909938770765,unknown_1
21.041696071624756,257,0.05,199.36641221374043,0.8697909938770765,unknown_1
21.04485273361206,257,0.05,204.36641221374043,0.8697909938770765,unknown_1
21.04485273361206,257,0.05,200.36641221374043,0.8697909938770765,unknown_1
21.05227279663086,257,0.05,202.36641221374043,0.8697909938770765,unknown_1
21.06154465675354,256,0.05,209.36641221374043,0.866406593122691,unknown_1
21.06154465675354,256,0.05,207.36641221374043,0.866406593122691,unknown_1
21.069456100463867,256,0.05,207.36641221374043,0.866406593122691,unknown_1
21.07812523841858,255,0.05,214.36641221374043,0.8630221923683055,unknown_1
21.07812523841858,255,0.05,213.36641221374043,0.8630221923683055,unknown_1
21.087602138519287,255,0.05,211.36641221374043,0.8630221923683055,unknown_1
21.094732761383057,253,0.05,217.36641221374043,0.8562533908595344,unknown_1
21.094732761383057,253,0.05,217.36641221374043,0.8562533908595344,unknown_1
21.10418462753296,253,0.05,213.36641221374043,0.8562533908595344,unknown_1
21.112799406051636,253,0.05,218.36641221374043,0.8562533908595344,unknown_1
21.112799406051636,253,0.05,219.36641221374043,0.8562533908595344,unknown_1
21.119065284729004,253,0.05,215.36641221374043,0.8562533908595344,unknown_1
21.129061698913574,253,0.05,219.36641221374043,0.8562533908595344,unknown_1
21.12912154197693,253,0.05,222.36641221374043,0.8562533908595344,unknown_1
21.13593816757202,253,0.05,217.36641221374043,0.8562533908595344,unknown_1
21.13593816757202,253,0.05,220.36641221374043,0.8562533908595344,unknown_1
21.14521360397339,253,0.05,225.36641221374043,0.8562533908595344,unknown_1
21.15254855155945,253,0.05,221.36641221374043,0.8562533908595344,unknown_1
21.15407967567444,253,0.05,223.36641221374043,0.8562533908595344,unknown_1
21.16071343421936,252,0.05,229.36641221374043,0.8528689901051489,unknown_1
21.169178009033203,252,0.05,226.36641221374043,0.8528689901051489,unknown_1
21.169178009033203,252,0.05,225.36641221374043,0.8528689901051489,unknown_1
21.176893711090088,251,0.05,231.36641221374043,0.8494845893507634,unknown_1
21.185253858566284,251,0.05,229.36641221374043,0.8494845893507634,unknown_1
21.18830895423889,251,0.05,227.36641221374043,0.8494845893507634,unknown_1
21.19413161277771,250,0.05,233.36641221374043,0.8461001885963779,unknown_1
21.2023606300354,250,0.05,233.36641221374043,0.8461001885963779,unknown_1
21.20505976676941,250,0.05,230.36641221374043,0.8461001885963779,unknown_1
21.210576057434082,249,0.05,236.36641221374043,0.8427157878419924,unknown_1
21.21329975128174,249,0.05,237.36641221374043,0.8427157878419924,unknown_1
21.21907639503479,249,0.05,233.36641221374043,0.8427157878419924,unknown_1
21.21907639503479,249,0.05,238.36641221374043,0.8427157878419924,unknown_1
21.22922372817993,249,0.05,241.36641221374043,0.8427157878419924,unknown_1
21.23711895942688,249,0.05,236.36641221374043,0.8427157878419924,unknown_1
21.240116596221924,249,0.05,240.36641221374043,0.8427157878419924,unknown_1
21.24522113800049,249,0.05,244.36641221374043,0.8427157878419924,unknown_1
21.24522113800049,249,0.05,240.36641221374043,0.8427157878419924,unknown_1
21.25519824028015,249,0.05,242.36641221374043,0.8427157878419924,unknown_1
21.262065172195435,248,0.05,247.36641221374043,0.8393313870876069,unknown_1
21.262065172195435,248,0.05,243.36641221374043,0.8393313870876069,unknown_1
21.271796941757202,248,0.05,244.36641221374043,0.8393313870876069,unknown_1
21.279472589492798,248,0.05,250.36641221374043,0.8393313870876069,unknown_1
21.279472589492798,248,0.05,247.36641221374043,0.8393313870876069,unknown_1
21.28691267967224,248,0.05,246.36641221374043,0.8393313870876069,unknown_1
21.295132875442505,247,0.05,252.36641221374043,0.8359469863332214,unknown_1
21.295132875442505,247,0.05,250.36641221374043,0.8359469863332214,unknown_1
21.30342984199524,247,0.05,247.36641221374043,0.8359469863332214,unknown_1
21.312131643295288,246,0.05,252.36641221374043,0.8325625855788359,unknown_1
21.312131643295288,246,0.05,252.36641221374043,0.8325625855788359,unknown_1
21.320013999938965,246,0.05,248.36641221374043,0.8325625855788359,unknown_1
21.32930850982666,246,0.05,253.36641221374043,0.8325625855788359,unknown_1
21.32930850982666,246,0.05,254.36641221374043,0.8325625855788359,unknown_1
21.336641311645508,247,0.05,249.36641221374043,0.8359469863332214,unknown_1
21.339634656906128,247,0.05,252.36641221374043,0.8359469863332214,unknown_1
21.34463882446289,247,0.05,254.36641221374043,0.8359469863332214,unknown_1
21.352990865707397,247,0.05,248.36641221374043,0.8359469863332214,unknown_1
21.354699850082397,247,0.05,250.36641221374043,0.8359469863332214,unknown_1
21.363454818725586,247,0.05,255.36641221374043,0.8359469863332214,unknown_1
21.370359897613525,247,0.05,250.36641221374043,0.8359469863332214,unknown_1
21.373836517333984,247,0.05,251.36641221374043,0.8359469863332214,unknown_1
21.378950595855713,247,0.05,256.36641221374043,0.8359469863332214,unknown_1
21.38556742668152,247,0.05,251.36641221374043,0.8359469863332214,unknown_1
21.38556742668152,247,0.05,249.36641221374043,0.8359469863332214,unknown_1
21.394680500030518,247,0.05,255.36641221374043,0.8359469863332214,unknown_1
21.40173053741455,247,0.05,252.36641221374043,0.8359469863332214,unknown_1
21.406785011291504,247,0.05,250.36641221374043,0.8359469863332214,unknown_1
21.411914587020874,246,0.05,256.36641221374043,0.8325625855788359,unknown_1
21.412219285964966,246,0.05,255.36641221374043,0.8325625855788359,unknown_1
21.420680046081543,246,0.05,251.36641221374043,0.8325625855788359,unknown_1
21.428444862365723,245,0.05,256.36641221374043,0.8291781848244504,unknown_1
21.428444862365723,245,0.05,256.36641221374043,0.8291781848244504,unknown_1
21.43577003479004,245,0.05,252.36641221374043,0.8291781848244504,unknown_1
21.443573713302612,245,0.05,257.36641221374043,0.8291781848244504,unknown_1
21.44563055038452,245,0.05,259.36641221374043,0.8291781848244504,unknown_1
21.4520902633667,246,0.05,254.36641221374043,0.8325625855788359,unknown_1
21.46023678779602,246,0.05,257.36641221374043,0.8325625855788359,unknown_1
21.462549686431885,246,0.05,260.36641221374043,0.8325625855788359,unknown_1
21.468875408172607,246,0.05,254.36641221374043,0.8325625855788359,unknown_1
21.476529836654663,246,0.05,255.36641221374043,0.8325625855788359,unknown_1
21.48037624359131,246,0.05,260.36641221374043,0.8325625855788359,unknown_1
21.48471164703369,246,0.05,255.36641221374043,0.8325625855788359,unknown_1
21.49311590194702,246,0.05,254.36641221374043,0.8325625855788359,unknown_1
21.495413064956665,246,0.05,259.36641221374043,0.8325625855788359,unknown_1
21.501232385635376,246,0.05,255.36641221374043,0.8325625855788359,unknown_1
21.50424551963806,246,0.05,252.36641221374043,0.8325625855788359,unknown_1
21.511670351028442,246,0.05,257.36641221374043,0.8325625855788359,unknown_1
21.518010139465332,246,0.05,255.36641221374043,0.8325625855788359,unknown_1
21.518010139465332,246,0.05,251.36641221374043,0.8325625855788359,unknown_1
21.530123472213745,245,0.05,256.36641221374043,0.8291781848244504,unknown_1
21.534230947494507,245,0.05,255.36641221374043,0.8291781848244504,unknown_1
21.53747868537903,246,0.05,250.36641221374043,0.8325625855788359,unknown_1
21.54254126548767,246,0.05,254.36641221374043,0.8325625855788359,unknown_1
21.550854921340942,246,0.05,255.36641221374043,0.8325625855788359,unknown_1
21.55307698249817,246,0.05,250.36641221374043,0.8325625855788359,unknown_1
21.55307698249817,246,0.05,253.36641221374043,0.8325625855788359,unknown_1
21.561484336853027,246,0.05,256.36641221374043,0.8325625855788359,unknown_1
21.570454359054565,247,0.05,250.36641221374043,0.8359469863332214,unknown_1
21.571419954299927,247,0.05,251.36641221374043,0.8359469863332214,unknown_1
21.578900814056396,247,0.05,254.36641221374043,0.8359469863332214,unknown_1
21.584795713424683,247,0.05,249.36641221374043,0.8359469863332214,unknown_1
21.5911066532135,247,0.05,248.36641221374043,0.8359469863332214,unknown_1
21.59490966796875,247,0.05,253.36641221374043,0.8359469863332214,unknown_1
21.603614807128906,247,0.05,249.36641221374043,0.8359469863332214,unknown_1
21.60470747947693,247,0.05,247.36641221374043,0.8359469863332214,unknown_1
21.61154532432556,247,0.05,252.36641221374043,0.8359469863332214,unknown_1
21.61154532432556,247,0.05,249.36641221374043,0.8359469863332214,unknown_1
21.620924472808838,247,0.05,245.36641221374043,0.8359469863332214,unknown_1
21.627384424209595,247,0.05,250.36641221374043,0.8359469863332214,unknown_1
21.627384424209595,247,0.05,249.36641221374043,0.8359469863332214,unknown_1
21.6363525390625,247,0.05,245.36641221374043,0.8359469863332214,unknown_1
21.644212007522583,246,0.05,250.36641221374043,0.8325625855788359,unknown_1
21.645152807235718,246,0.05,251.36641221374043,0.8325625855788359,unknown_1
21.653010845184326,247,0.05,246.36641221374043,0.8359469863332214,unknown_1
21.660157442092896,247,0.05,250.36641221374043,0.8359469863332214,unknown_1
21.660157442092896,247,0.05,252.36641221374043,0.8359469863332214,unknown_1
21.669116497039795,247,0.05,247.36641221374043,0.8359469863332214,unknown_1
21.675991535186768,247,0.05,250.36641221374043,0.8359469863332214,unknown_1
21.678909301757812,247,0.05,254.36641221374043,0.8359469863332214,unknown_1
21.684173822402954,247,0.05,250.36641221374043,0.8359469863332214,unknown_1
21.694542169570923,247,0.05,252.36641221374043,0.8359469863332214,unknown_1
21.696178436279297,246,0.05,257.36641221374043,0.8325625855788359,unknown_1
21.701218843460083,246,0.05,253.36641221374043,0.8325625855788359,unknown_1
21.70477795600891,246,0.05,252.36641221374043,0.8325625855788359,unknown_1
21.71247410774231,246,0.05,257.36641221374043,0.8325625855788359,unknown_1
21.717912435531616,246,0.05,253.36641221374043,0.8325625855788359,unknown_1
21.7194664478302,246,0.05,250.36641221374043,0.8325625855788359,unknown_1
21.728710412979126,246,0.05,255.36641221374043,0.8325625855788359,unknown_1
21.733984231948853,246,0.05,253.36641221374043,0.8325625855788359,unknown_1
21.735309600830078,246,0.05,248.36641221374043,0.8325625855788359,unknown_1
21.74240493774414,246,0.05,252.36641221374043,0.8325625855788359,unknown_1
21.750282287597656,246,0.05,252.36641221374043,0.8325625855788359,unknown_1
21.778868675231934,246,0.05,247.36641221374043,0.8325625855788359,unknown_1
21.785497665405273,246,0.05,252.36641221374043,0.8325625855788359,unknown_1
21.785497665405273,246,0.05,254.36641221374043,0.8325625855788359,unknown_1
21.785497665405273,247,0.05,249.36641221374043,0.8359469863332214,unknown_1
21.795072555541992,247,0.05,252.36641221374043,0.8359469863332214,unknown_1
21.795072555541992,247,0.05,255.36641221374043,0.8359469863332214,unknown_1
21.795072555541992,247,0.05,249.36641221374043,0.8359469863332214,unknown_1
21.799405336380005,247,0.05,251.36641221374043,0.8359469863332214,unknown_1
21.799405336380005,247,0.05,256.36641221374043,0.8359469863332214,unknown_1
21.803612232208252,247,0.05,253.36641221374043,0.8359469863332214,unknown_1
21.807761669158936,247,0.05,254.36641221374043,0.8359469863332214,unknown_1
21.818760633468628,245,0.05,262.36641221374043,0.8291781848244504,unknown_1
21.818760633468628,245,0.05,260.36641221374043,0.8291781848244504,unknown_1
21.82772731781006,245,0.05,260.36641221374043,0.8291781848244504,unknown_1
21.82772731781006,244,0.05,266.36641221374043,0.8257937840700649,unknown_1
21.82772731781006,244,0.05,264.36641221374043,0.8257937840700649,unknown_1
21.844671964645386,244,0.05,259.36641221374043,0.8257937840700649,unknown_1
21.844671964645386,244,0.05,263.36641221374043,0.8257937840700649,unknown_1
21.844671964645386,244,0.05,261.36641221374043,0.8257937840700649,unknown_1
21.85395073890686,245,0.05,255.36641221374043,0.8291781848244504,unknown_1
21.861466884613037,245,0.05,259.36641221374043,0.8291781848244504,unknown_1
21.861466884613037,245,0.05,259.36641221374043,0.8291781848244504,unknown_1
21.869296550750732,246,0.05,253.36641221374043,0.8325625855788359,unknown_1
21.878957748413086,246,0.05,255.36641221374043,0.8325625855788359,unknown_1
21.878957748413086,246,0.05,256.36641221374043,0.8325625855788359,unknown_1
21.88575291633606,247,0.05,249.36641221374043,0.8359469863332214,unknown_1
21.894652605056763,247,0.05,250.36641221374043,0.8359469863332214,unknown_1
21.895591497421265,247,0.05,253.36641221374043,0.8359469863332214,unknown_1
21.90265941619873,247,0.05,248.36641221374043,0.8359469863332214,unknown_1
21.904893159866333,247,0.05,248.36641221374043,0.8359469863332214,unknown_1
21.91218662261963,247,0.05,253.36641221374043,0.8359469863332214,unknown_1
21.919095277786255,248,0.05,248.36641221374043,0.8393313870876069,unknown_1
21.921070098876953,248,0.05,246.36641221374043,0.8393313870876069,unknown_1
21.92839550971985,248,0.05,250.36641221374043,0.8393313870876069,unknown_1
21.935219287872314,248,0.05,247.36641221374043,0.8393313870876069,unknown_1
21.936606645584106,248,0.05,243.36641221374043,0.8393313870876069,unknown_1
21.942789316177368,247,0.05,248.36641221374043,0.8359469863332214,unknown_1
21.95124125480652,247,0.05,246.36641221374043,0.8359469863332214,unknown_1
21.954257488250732,247,0.05,242.36641221374043,0.8359469863332214,unknown_1
21.95868492126465,247,0.05,246.36641221374043,0.8359469863332214,unknown_1
21.967119932174683,247,0.05,245.36641221374043,0.8359469863332214,unknown_1
21.970310926437378,249,0.05,239.36641221374043,0.8427157878419924,unknown_1
21.97568416595459,249,0.05,242.36641221374043,0.8427157878419924,unknown_1
21.977523803710938,249,0.05,243.36641221374043,0.8427157878419924,unknown_1
21.983547687530518,249,0.05,237.36641221374043,0.8427157878419924,unknown_1
21.992650747299194,249,0.05,239.36641221374043,0.8427157878419924,unknown_1
21.99644184112549,249,0.05,242.36641221374043,0.8427157878419924,unknown_1
22.003530740737915,250,0.05,236.36641221374043,0.8461001885963779,unknown_1
22.009218215942383,250,0.05,236.36641221374043,0.8461001885963779,unknown_1
22.011361598968506,250,0.05,240.36641221374043,0.8461001885963779,unknown_1
22.017564058303833,250,0.05,235.36641221374043,0.8461001885963779,unknown_1
22.02524995803833,250,0.05,235.36641221374043,0.8461001885963779,unknown_1
22.028372287750244,250,0.05,240.36641221374043,0.8461001885963779,unknown_1
22.033801317214966,250,0.05,237.36641221374043,0.8461001885963779,unknown_1
22.042097806930542,250,0.05,235.36641221374043,0.8461001885963779,unknown_1
22.04484534263611,249,0.05,241.36641221374043,0.8427157878419924,unknown_1
22.05042338371277,249,0.05,238.36641221374043,0.8427157878419924,unknown_1
22.05836009979248,249,0.05,235.36641221374043,0.8427157878419924,unknown_1
22.06183624267578,249,0.05,240.36641221374043,0.8427157878419924,unknown_1
22.06647253036499,249,0.05,239.36641221374043,0.8427157878419924,unknown_1
22.06647253036499,249,0.05,234.36641221374043,0.8427157878419924,unknown_1
22.07810664176941,249,0.05,238.36641221374043,0.8427157878419924,unknown_1
22.08267593383789,249,0.05,239.36641221374043,0.8427157878419924,unknown_1
22.08267593383789,250,0.05,233.36641221374043,0.8461001885963779,unknown_1
22.094959497451782,250,0.05,235.36641221374043,0.8461001885963779,unknown_1
22.0989773273468,250,0.05,237.36641221374043,0.8461001885963779,unknown_1
22.0989773273468,251,0.05,231.36641221374043,0.8494845893507634,unknown_1
22.107343435287476,251,0.05,231.36641221374043,0.8494845893507634,unknown_1
22.115225076675415,251,0.05,234.36641221374043,0.8494845893507634,unknown_1
22.115225076675415,251,0.05,229.36641221374043,0.8494845893507634,unknown_1
22.123729944229126,251,0.05,227.36641221374043,0.8494845893507634,unknown_1
22.131837606430054,251,0.05,231.36641221374043,0.8494845893507634,unknown_1
22.133849143981934,252,0.05,226.36641221374043,0.8528689901051489,unknown_1
22.14023733139038,252,0.05,223.36641221374043,0.8528689901051489,unknown_1
22.14222550392151,252,0.05,227.36641221374043,0.8528689901051489,unknown_1
22.148276329040527,252,0.05,224.36641221374043,0.8528689901051489,unknown_1
22.15656590461731,252,0.05,220.36641221374043,0.8528689901051489,unknown_1
22.158326864242554,252,0.05,225.36641221374043,0.8528689901051489,unknown_1
22.16783571243286,252,0.05,223.36641221374043,0.8528689901051489,unknown_1
22.16783571243286,252,0.05,218.36641221374043,0.8528689901051489,unknown_1
22.17504620552063,252,0.05,222.36641221374043,0.8528689901051489,unknown_1
22.184452056884766,252,0.05,222.36641221374043,0.8528689901051489,unknown_1
22.18876004219055,253,0.05,216.36641221374043,0.8562533908595344,unknown_1
22.19352388381958,253,0.05,220.36641221374043,0.8562533908595344,unknown_1
22.194109201431274,253,0.05,222.36641221374043,0.8562533908595344,unknown_1
22.199164390563965,254,0.05,216.36641221374043,0.85963779161392,unknown_1
22.209513902664185,254,0.05,217.36641221374043,0.85963779161392,unknown_1
22.211504459381104,254,0.05,220.36641221374043,0.85963779161392,unknown_1
22.215521097183228,254,0.05,214.36641221374043,0.85963779161392,unknown_1
22.225539922714233,254,0.05,214.36641221374043,0.85963779161392,unknown_1
22.228036403656006,254,0.05,219.36641221374043,0.85963779161392,unknown_1
22.232091426849365,254,0.05,215.36641221374043,0.85963779161392,unknown_1
22.240424633026123,254,0.05,213.36641221374043,0.85963779161392,unknown_1
22.244840621948242,254,0.05,218.36641221374043,0.85963779161392,unknown_1
22.248356103897095,254,0.05,214.36641221374043,0.85963779161392,unknown_1
22.258984088897705,254,0.05,211.36641221374043,0.85963779161392,unknown_1
22.261496543884277,254,0.05,216.36641221374043,0.85963779161392,unknown_1
22.264525413513184,254,0.05,215.36641221374043,0.85963779161392,unknown_1
22.264525413513184,254,0.05,212.36641221374043,0.85963779161392,unknown_1
22.278358221054077,253,0.05,218.36641221374043,0.8562533908595344,unknown_1
22.280874252319336,253,0.05,219.36641221374043,0.8562533908595344,unknown_1
22.280874252319336,253,0.05,215.36641221374043,0.8562533908595344,unknown_1
22.294601440429688,253,0.05,220.36641221374043,0.8562533908595344,unknown_1
22.297114372253418,253,0.05,222.36641221374043,0.8562533908595344,unknown_1
22.297114372253418,253,0.05,217.36641221374043,0.8562533908595344,unknown_1
22.30536699295044,253,0.05,220.36641221374043,0.8562533908595344,unknown_1
22.314698696136475,253,0.05,224.36641221374043,0.8562533908595344,unknown_1
22.314698696136475,253,0.05,220.36641221374043,0.8562533908595344,unknown_1
22.32332468032837,253,0.05,222.36641221374043,0.8562533908595344,unknown_1
22.329375743865967,252,0.05,227.36641221374043,0.8528689901051489,unknown_1
22.329375743865967,252,0.05,223.36641221374043,0.8528689901051489,unknown_1
22.34061288833618,252,0.05,223.36641221374043,0.8528689901051489,unknown_1
22.34061288833618,252,0.05,229.36641221374043,0.8528689901051489,unknown_1
22.34562873840332,252,0.05,226.36641221374043,0.8528689901051489,unknown_1
22.35743284225464,252,0.05,226.36641221374043,0.8528689901051489,unknown_1
22.36137866973877,251,0.05,233.36641221374043,0.8494845893507634,unknown_1
22.369718313217163,251,0.05,232.36641221374043,0.8494845893507634,unknown_1
22.372163772583008,251,0.05,230.36641221374043,0.8494845893507634,unknown_1
22.37890625,250,0.05,237.36641221374043,0.8461001885963779,unknown_1
22.386158227920532,250,0.05,237.36641221374043,0.8461001885963779,unknown_1
22.38905930519104,250,0.05,234.36641221374043,0.8461001885963779,unknown_1
22.395994663238525,248,0.05,241.36641221374043,0.8393313870876069,unknown_1
22.395994663238525,248,0.05,243.36641221374043,0.8393313870876069,unknown_1
22.402816772460938,248,0.05,239.36641221374043,0.8393313870876069,unknown_1
22.411093950271606,248,0.05,244.36641221374043,0.8393313870876069,unknown_1
22.412191152572632,248,0.05,248.36641221374043,0.8393313870876069,unknown_1
22.419495344161987,248,0.05,244.36641221374043,0.8393313870876069,unknown_1
22.42666459083557,248,0.05,247.36641221374043,0.8393313870876069,unknown_1
22.428555011749268,247,0.05,252.36641221374043,0.8359469863332214,unknown_1
22.428555011749268,247,0.05,248.36641221374043,0.8359469863332214,unknown_1
22.440902948379517,247,0.05,249.36641221374043,0.8359469863332214,unknown_1
22.44585871696472,247,0.05,254.36641221374043,0.8359469863332214,unknown_1
22.44585871696472,247,0.05,250.36641221374043,0.8359469863332214,unknown_1
22.45552110671997,247,0.05,249.36641221374043,0.8359469863332214,unknown_1
22.46210813522339,247,0.05,254.36641221374043,0.8359469863332214,unknown_1
22.46210813522339,247,0.05,251.36641221374043,0.8359469863332214,unknown_1
22.471862077713013,247,0.05,248.36641221374043,0.8359469863332214,unknown_1
22.477883338928223,246,0.05,253.36641221374043,0.8325625855788359,unknown_1
22.477883338928223,246,0.05,251.36641221374043,0.8325625855788359,unknown_1
22.488557815551758,246,0.05,247.36641221374043,0.8325625855788359,unknown_1
22.495914936065674,246,0.05,251.36641221374043,0.8325625855788359,unknown_1
22.495914936065674,246,0.05,251.36641221374043,0.8325625855788359,unknown_1
22.504230976104736,247,0.05,246.36641221374043,0.8359469863332214,unknown_1
22.50640845298767,247,0.05,250.36641221374043,0.8359469863332214,unknown_1
22.510838270187378,247,0.05,252.36641221374043,0.8359469863332214,unknown_1
22.52116107940674,248,0.05,246.36641221374043,0.8393313870876069,unknown_1
22.52116107940674,248,0.05,248.36641221374043,0.8393313870876069,unknown_1
22.52844476699829,248,0.05,251.36641221374043,0.8393313870876069,unknown_1
22.53728199005127,248,0.05,245.36641221374043,0.8393313870876069,unknown_1
22.53728199005127,248,0.05,245.36641221374043,0.8393313870876069,unknown_1
22.545366048812866,248,0.05,250.36641221374043,0.8393313870876069,unknown_1
22.55268883705139,248,0.05,245.36641221374043,0.8393313870876069,unknown_1
22.556402921676636,248,0.05,244.36641221374043,0.8393313870876069,unknown_1
22.56196904182434,248,0.05,250.36641221374043,0.8393313870876069,unknown_1
22.569116830825806,248,0.05,246.36641221374043,0.8393313870876069,unknown_1
22.57127857208252,248,0.05,243.36641221374043,0.8393313870876069,unknown_1
22.578303337097168,248,0.05,249.36641221374043,0.8393313870876069,unknown_1
22.585660696029663,248,0.05,247.36641221374043,0.8393313870876069,unknown_1
22.58808660507202,248,0.05,243.36641221374043,0.8393313870876069,unknown_1
22.59510588645935,247,0.05,249.36641221374043,0.8359469863332214,unknown_1
22.59510588645935,247,0.05,248.36641221374043,0.8359469863332214,unknown_1
22.604204177856445,248,0.05,242.36641221374043,0.8393313870876069,unknown_1
22.611511707305908,248,0.05,246.36641221374043,0.8393313870876069,unknown_1
22.611511707305908,248,0.05,246.36641221374043,0.8393313870876069,unknown_1
22.618884086608887,249,0.05,239.36641221374043,0.8427157878419924,unknown_1
22.62703776359558,249,0.05,242.36641221374043,0.8427157878419924,unknown_1
22.62862253189087,249,0.05,244.36641221374043,0.8427157878419924,unknown_1
22.635522842407227,250,0.05,237.36641221374043,0.8461001885963779,unknown_1
22.6454656124115,250,0.05,237.36641221374043,0.8461001885963779,unknown_1
22.6454656124115,250,0.05,240.36641221374043,0.8461001885963779,unknown_1
22.651950120925903,251,0.05,233.36641221374043,0.8494845893507634,unknown_1
22.66258430480957,251,0.05,231.36641221374043,0.8494845893507634,unknown_1
22.66258430480957,251,0.05,234.36641221374043,0.8494845893507634,unknown_1
22.668429851531982,253,0.05,227.36641221374043,0.8562533908595344,unknown_1
22.668429851531982,253,0.05,222.36641221374043,0.8562533908595344,unknown_1
22.680185079574585,253,0.05,224.36641221374043,0.8562533908595344,unknown_1
22.68501353263855,255,0.05,217.36641221374043,0.8630221923683055,unknown_1
22.688295602798462,255,0.05,209.36641221374043,0.8630221923683055,unknown_1
22.695003986358643,255,0.05,210.36641221374043,0.8630221923683055,unknown_1
22.70133066177368,257,0.05,204.36641221374043,0.8697909938770765,unknown_1
22.703073024749756,259,0.05,194.36641221374043,0.8765597953858475,unknown_1
22.708751440048218,259,0.05,193.36641221374043,0.8765597953858475,unknown_1
22.71721649169922,260,0.05,188.36641221374043,0.879944196140233,unknown_1
22.718600749969482,264,0.05,176.36641221374043,0.8934817991577751,unknown_1
22.72542667388916,264,0.05,173.36641221374043,0.8934817991577751,unknown_1
22.73405957221985,264,0.05,169.36641221374043,0.8934817991577751,unknown_1
22.736765146255493,268,0.05,157.36641221374043,0.9070194021753172,unknown_1
22.74256134033203,268,0.05,152.36641221374043,0.9070194021753172,unknown_1
22.750845670700073,268,0.05,149.36641221374043,0.9070194021753172,unknown_1
22.75464701652527,273,0.05,136.36641221374043,0.9239414059472447,unknown_1
22.75464701652527,273,0.05,128.36641221374043,0.9239414059472447,unknown_1
22.76170778274536,273,0.05,124.36641221374043,0.9239414059472447,unknown_1
22.767615795135498,279,0.05,110.36641221374043,0.9442478104735578,unknown_1
22.77479076385498,279,0.05,99.36641221374043,0.9442478104735578,unknown_1
22.778541803359985,279,0.05,95.36641221374043,0.9442478104735578,unknown_1
22.78653359413147,285,0.05,81.36641221374043,0.9645542149998708,unknown_1
22.79114317893982,285,0.05,68.36641221374043,0.9645542149998708,unknown_1
22.795559644699097,285,0.05,64.36641221374043,0.9645542149998708,unknown_1
22.80000901222229,290,0.05,52.36641221374043,0.9814762187717984,unknown_1
22.80751872062683,290,0.05,39.36641221374043,0.9814762187717984,unknown_1
22.811229705810547,290,0.05,36.36641221374043,0.9814762187717984,unknown_1
22.811229705810547,293,0.05,28.366412213740432,0.9916294210349549,unknown_1
22.819994926452637,297,0.05,19.41984732824426,1.005167024052497,unknown_1
22.827632665634155,297,0.05,16.41984732824426,1.005167024052497,unknown_1
22.827632665634155,297,0.05,14.473282442748086,1.005167024052497,unknown_1
22.8362455368042,301,0.05,14.526717557251914,1.018704627070039,unknown_1
22.84460759162903,301,0.05,15.58015267175574,1.018704627070039,unknown_1
22.845614194869995,301,0.05,18.58015267175574,1.018704627070039,unknown_1
22.851539611816406,304,0.05,26.633587786259568,1.0288578293331956,unknown_1
22.86125135421753,304,0.05,30.633587786259568,1.0288578293331956,unknown_1
22.8625967502594,304,0.05,31.633587786259568,1.0288578293331956,unknown_1
22.8625967502594,307,0.05,41.63358778625957,1.039011031596352,unknown_1
22.871882915496826,307,0.05,45.63358778625957,1.039011031596352,unknown_1
22.87838339805603,307,0.05,44.63358778625957,1.039011031596352,unknown_1
22.87838339805603,309,0.05,52.63358778625957,1.0457798331051231,unknown_1
22.88777995109558,309,0.05,57.63358778625957,1.0457798331051231,unknown_1
22.895450830459595,309,0.05,54.63358778625957,1.0457798331051231,unknown_1
22.895450830459595,310,0.05,60.63358778625957,1.0491642338595086,unknown_1
22.905914783477783,310,0.05,66.63358778625957,1.0491642338595086,unknown_1
22.905914783477783,310,0.05,63.63358778625957,1.0491642338595086,unknown_1
22.913944244384766,311,0.05,67.63358778625957,1.0525486346138941,unknown_1
22.922994136810303,312,0.05,75.63358778625957,1.0559330353682796,unknown_1
22.923206090927124,312,0.05,72.63358778625957,1.0559330353682796,unknown_1
22.929225206375122,312,0.05,74.63358778625957,1.0559330353682796,unknown_1
22.938570737838745,314,0.05,82.63358778625957,1.0627018368770507,unknown_1
22.938570737838745,314,0.05,80.63358778625957,1.0627018368770507,unknown_1
22.947373151779175,314,0.05,79.63358778625957,1.0627018368770507,unknown_1
22.9549777507782,315,0.05,87.63358778625957,1.0660862376314362,unknown_1
22.9549777507782,315,0.05,87.63358778625957,1.0660862376314362,unknown_1
22.962525129318237,315,0.05,85.63358778625957,1.0660862376314362,unknown_1
22.97186851501465,316,0.05,92.63358778625957,1.0694706383858217,unknown_1
22.973084926605225,316,0.05,94.63358778625957,1.0694706383858217,unknown_1
22.978140354156494,316,0.05,92.63358778625957,1.0694706383858217,unknown_1
22.988317728042603,319,0.05,100.63358778625957,1.0796238406489782,unknown_1
22.988317728042603,319,0.05,104.63358778625957,1.0796238406489782,unknown_1
22.994998693466187,319,0.05,103.63358778625957,1.0796238406489782,unknown_1
22.994998693466187,321,0.05,111.63358778625957,1.0863926421577492,unknown_1
23.004165410995483,321,0.05,118.63358778625957,1.0863926421577492,unknown_1
23.01211190223694,321,0.05,118.63358778625957,1.0863926421577492,unknown_1
23.01211190223694,325,0.05,127.63358778625957,1.0999302451752913,unknown_1
23.020817518234253,326,0.05,138.63358778625957,1.1033146459296768,unknown_1
23.02923059463501,326,0.05,141.63358778625957,1.1033146459296768,unknown_1
23.02923059463501,330,0.05,151.63358778625957,1.1168522489472188,unknown_1
23.034931898117065,333,0.05,165.63358778625957,1.1270054512103753,unknown_1
23.045515060424805,333,0.05,171.63358778625957,1.1270054512103753,unknown_1
23.045515060424805,336,0.05,181.63358778625957,1.1371586534735318,unknown_1
23.051877975463867,341,0.05,198.63358778625957,1.1540806572454596,unknown_1
23.06216263771057,341,0.05,207.63358778625957,1.1540806572454596,unknown_1
23.06622862815857,343,0.05,217.63358778625957,1.1608494587542306,unknown_1
23.069007396697998,349,0.05,235.63358778625957,1.1811558632805437,unknown_1
23.071933269500732,349,0.05,247.63358778625957,1.1811558632805437,unknown_1
23.077579736709595,352,0.05,258.63358778625957,1.1913090655437002,unknown_1
23.085281133651733,358,0.05,277.63358778625957,1.2116154700700132,unknown_1
23.086724758148193,358,0.05,292.63358778625957,1.2116154700700132,unknown_1
23.09408926963806,360,0.05,303.63358778625957,1.2183842715787843,unknown_1
23.10244131088257,367,0.05,322.63358778625957,1.2420750768594828,unknown_1
23.104130268096924,368,0.05,338.63358778625957,1.2454594776138683,unknown_1
23.11135721206665,369,0.05,349.63358778625957,1.2488438783682538,unknown_1
23.118852853775024,376,0.05,367.63358778625957,1.2725346836489524,unknown_1
23.12039041519165,380,0.05,387.63358778625957,1.2860722866664944,unknown_1
23.126682996749878,381,0.05,401.63358778625957,1.28945668742088,unknown_1
23.13505721092224,389,0.05,422.63358778625957,1.316531893455964,unknown_1
23.13505721092224,392,0.05,445.63358778625957,1.3266850957191205,unknown_1
23.143320322036743,392,0.05,460.63358778625957,1.3266850957191205,unknown_1
23.151880502700806,397,0.05,477.63358778625957,1.343607099491048,unknown_1
23.155027389526367,401,0.05,497.63358778625957,1.35714470250859,unknown_1
23.161543130874634,401,0.05,506.63358778625957,1.35714470250859,unknown_1
23.161543130874634,402,0.05,516.6335877862596,1.3605291032629756,unknown_1
23.168827056884766,407,0.05,532.6335877862596,1.3774511070349034,unknown_1
23.176162719726562,407,0.05,539.6335877862596,1.3774511070349034,unknown_1
23.17791223526001,407,0.05,544.6335877862596,1.3774511070349034,unknown_1
23.186537265777588,410,0.05,556.6335877862596,1.38760430929806,unknown_1
23.192265033721924,410,0.05,561.6335877862596,1.38760430929806,unknown_1
23.194998025894165,410,0.05,560.6335877862596,1.38760430929806,unknown_1
23.20087957382202,411,0.05,567.6335877862596,1.3909887100524454,unknown_1
23.20087957382202,411,0.05,570.6335877862596,1.3909887100524454,unknown_1
23.212698221206665,411,0.05,567.6335877862596,1.3909887100524454,unknown_1
23.212698221206665,412,0.05,572.6335877862596,1.394373110806831,unknown_1
23.221577405929565,412,0.05,576.6335877862596,1.394373110806831,unknown_1
23.229650735855103,412,0.05,572.6335877862596,1.394373110806831,unknown_1
23.229650735855103,412,0.05,574.6335877862596,1.394373110806831,unknown_1
23.236976861953735,413,0.05,580.6335877862596,1.3977575115612164,unknown_1
23.246212005615234,415,0.05,583.6335877862596,1.4045263130699874,unknown_1
23.246212005615234,422,0.05,595.6335877862596,1.428217118350686,unknown_2
23.253325939178467,427,0.05,615.6335877862596,1.4451391221226135,unknown_2
23.26289176940918,427,0.05,629.6335877862596,1.4451391221226135,unknown_2
23.26289176940918,429,0.05,645.6335877862596,1.4519079236313845,unknown_2
23.269927501678467,432,0.05,662.6335877862596,1.462061125894541,unknown_2
23.27223038673401,432,0.05,667.6335877862596,1.462061125894541,unknown_2
23.278281927108765,432,0.05,668.6335877862596,1.462061125894541,unknown_2
23.28720736503601,432,0.05,674.6335877862596,1.462061125894541,unknown_2
23.28720736503601,432,0.05,671.6335877862596,1.462061125894541,unknown_2
23.294654369354248,431,0.05,664.6335877862596,1.4586767251401556,unknown_2
23.302103757858276,431,0.05,666.6335877862596,1.4586767251401556,unknown_2
23.303627490997314,431,0.05,664.6335877862596,1.4586767251401556,unknown_2
23.311244010925293,429,0.05,656.6335877862596,1.4519079236313845,unknown_2
23.319512605667114,429,0.05,658.6335877862596,1.4519079236313845,unknown_2
23.32330322265625,429,0.05,659.6335877862596,1.4519079236313845,unknown_2
23.328381776809692,428,0.05,652.6335877862596,1.448523522876999,unknown_2
23.33637499809265,428,0.05,652.6335877862596,1.448523522876999,unknown_2
23.33637499809265,428,0.05,655.6335877862596,1.448523522876999,unknown_2
23.33637499809265,426,0.05,648.6335877862596,1.441754721368228,unknown_2
23.346795082092285,426,0.05,647.6335877862596,1.441754721368228,unknown_2
23.354047060012817,426,0.05,651.6335877862596,1.441754721368228,unknown_2
23.360294818878174,426,0.05,646.6335877862596,1.441754721368228,unknown_2
23.36191701889038,426,0.05,644.6335877862596,1.441754721368228,unknown_2
23.37027645111084,427,0.05,650.6335877862596,1.4451391221226135,unknown_2
23.378453493118286,427,0.05,649.6335877862596,1.4451391221226135,unknown_2
23.378453493118286,427,0.05,650.6335877862596,1.4451391221226135,unknown_2
23.386833429336548,431,0.05,660.6335877862596,1.4586767251401556,unknown_2
23.393080234527588,431,0.05,664.6335877862596,1.4586767251401556,unknown_2
23.395097017288208,431,0.05,666.6335877862596,1.4586767251401556,unknown_2
23.395097017288208,433,0.05,675.6335877862596,1.4654455266489266,unknown_2
23.404917240142822,433,0.05,678.6335877862596,1.4654455266489266,unknown_2
23.41185975074768,433,0.05,675.6335877862596,1.4654455266489266,unknown_2
23.41185975074768,433,0.05,679.6335877862596,1.4654455266489266,unknown_2
23.42134666442871,433,0.05,679.6335877862596,1.4654455266489266,unknown_2
23.429039001464844,432,0.05,670.6335877862596,1.462061125894541,unknown_2
23.429039001464844,432,0.05,668.6335877862596,1.462061125894541,unknown_2
23.43869662284851,432,0.05,665.6335877862596,1.462061125894541,unknown_2
23.445801973342896,429,0.05,652.6335877862596,1.4519079236313845,unknown_2
23.445801973342896,428,0.05,644.6335877862596,1.448523522876999,unknown_2
23.455095767974854,428,0.05,640.6335877862596,1.448523522876999,unknown_2
23.462533235549927,425,0.05,625.6335877862596,1.4383703206138425,unknown_2
23.462533235549927,421,0.05,613.6335877862596,1.4248327175963005,unknown_2
23.469772815704346,421,0.05,608.6335877862596,1.4248327175963005,unknown_2
23.47944474220276,420,0.05,593.6335877862596,1.421448316841915,unknown_2
23.483705520629883,414,0.05,579.6335877862596,1.401141912315602,unknown_1
23.487953424453735,414,0.05,574.6335877862596,1.401141912315602,unknown_1
23.49142861366272,414,0.05,563.6335877862596,1.401141912315602,unknown_1
23.495889902114868,408,0.05,550.6335877862596,1.3808355077892889,unknown_1
23.5041446685791,408,0.05,548.6335877862596,1.3808355077892889,unknown_1
23.5041446685791,408,0.05,541.6335877862596,1.3808355077892889,unknown_1
23.51263976097107,404,0.05,529.6335877862596,1.3672979047717468,unknown_1
23.52039074897766,404,0.05,527.6335877862596,1.3672979047717468,unknown_1
23.52039074897766,404,0.05,522.6335877862596,1.3672979047717468,unknown_1
23.528210878372192,400,0.05,510.63358778625957,1.3537603017542046,unknown_1
23.535067796707153,400,0.05,507.63358778625957,1.3537603017542046,unknown_1
23.538739442825317,400,0.05,505.63358778625957,1.3537603017542046,unknown_1
23.545259475708008,396,0.05,495.63358778625957,1.3402226987366626,unknown_1
23.552683115005493,396,0.05,493.63358778625957,1.3402226987366626,unknown_1
23.552683115005493,396,0.05,495.63358778625957,1.3402226987366626,unknown_1
23.562317848205566,394,0.05,488.63358778625957,1.3334538972278915,unknown_1
23.562317848205566,394,0.05,486.63358778625957,1.3334538972278915,unknown_1
23.569592237472534,394,0.05,490.63358778625957,1.3334538972278915,unknown_1
23.579024076461792,394,0.05,484.63358778625957,1.3334538972278915,unknown_1
23.579553365707397,394,0.05,480.63358778625957,1.3334538972278915,unknown_1
23.58585262298584,394,0.05,483.63358778625957,1.3334538972278915,unknown_1
23.593729496002197,394,0.05,477.63358778625957,1.3334538972278915,unknown_1
23.613539218902588,392,0.05,469.63358778625957,1.3266850957191205,unknown_1
23.6369788646698,392,0.05,469.63358778625957,1.3266850957191205,unknown_1
23.6369788646698,392,0.05,461.63358778625957,1.3266850957191205,unknown_1
23.6369788646698,388,0.05,448.63358778625957,1.3131474927015785,unknown_1
23.6369788646698,388,0.05,443.63358778625957,1.3131474927015785,unknown_1
23.6369788646698,388,0.05,433.63358778625957,1.3131474927015785,unknown_1
23.6369788646698,382,0.05,416.63358778625957,1.2928410881752654,unknown_1
23.6369788646698,381,0.05,407.63358778625957,1.28945668742088,unknown_1
23.644713401794434,381,0.05,396.63358778625957,1.28945668742088,unknown_1
23.644713401794434,376,0.05,377.63358778625957,1.2725346836489524,unknown_1
23.644713401794434,373,0.05,365.63358778625957,1.2623814813857959,unknown_1
23.65281844139099,373,0.05,354.63358778625957,1.2623814813857959,unknown_1
23.662057161331177,368,0.05,334.63358778625957,1.2454594776138683,unknown_1
23.662057161331177,364,0.05,320.63358778625957,1.2319218745963263,unknown_1
23.67021870613098,364,0.05,311.63358778625957,1.2319218745963263,unknown_1
23.678303956985474,360,0.05,292.63358778625957,1.2183842715787843,unknown_1
23.678303956985474,354,0.05,277.63358778625957,1.1980778670524712,unknown_1
23.688400745391846,354,0.05,269.63358778625957,1.1980778670524712,unknown_1
23.688400745391846,353,0.05,252.63358778625957,1.1946934662980857,unknown_1
23.69469690322876,345,0.05,235.63358778625957,1.1676182602630016,unknown_1
23.704564332962036,345,0.05,227.63358778625957,1.1676182602630016,unknown_1
23.704564332962036,345,0.05,213.63358778625957,1.1676182602630016,unknown_1
23.71169090270996,337,0.05,198.63358778625957,1.1405430542279174,unknown_1
23.720991849899292,337,0.05,193.63358778625957,1.1405430542279174,unknown_1
23.720991849899292,337,0.05,183.63358778625957,1.1405430542279174,unknown_1
23.72840428352356,332,0.05,170.63358778625957,1.1236210504559898,unknown_1
23.736393213272095,332,0.05,166.63358778625957,1.1236210504559898,unknown_1
23.738930702209473,332,0.05,159.63358778625957,1.1236210504559898,unknown_1
23.74505352973938,327,0.05,147.63358778625957,1.1066990466840623,unknown_1
23.75312328338623,327,0.05,144.63358778625957,1.1066990466840623,unknown_1
23.754881143569946,327,0.05,140.63358778625957,1.1066990466840623,unknown_1
23.762022256851196,323,0.05,129.63358778625957,1.0931614436665202,unknown_1
23.762022256851196,323,0.05,125.63358778625957,1.0931614436665202,unknown_1
23.770934581756592,323,0.05,124.63358778625957,1.0931614436665202,unknown_1
23.777642488479614,320,0.05,115.63358778625957,1.0830082414033637,unknown_1
23.777642488479614,319,0.05,111.63358778625957,1.0796238406489782,unknown_1
23.78987693786621,319,0.05,112.63358778625957,1.0796238406489782,unknown_1
23.79497504234314,319,0.05,105.63358778625957,1.0796238406489782,unknown_1
23.79497504234314,317,0.05,100.63358778625957,1.0728550391402072,unknown_1
23.802905321121216,317,0.05,103.63358778625957,1.0728550391402072,unknown_1
23.81238579750061,317,0.05,99.63358778625957,1.0728550391402072,unknown_1
23.812700271606445,317,0.05,94.63358778625957,1.0728550391402072,unknown_1
23.81946873664856,317,0.05,98.63358778625957,1.0728550391402072,unknown_1
23.82815146446228,317,0.05,95.63358778625957,1.0728550391402072,unknown_1
23.829221963882446,316,0.05,88.63358778625957,1.0694706383858217,unknown_1
23.836247444152832,316,0.05,90.63358778625957,1.0694706383858217,unknown_1
23.838130235671997,316,0.05,89.63358778625957,1.0694706383858217,unknown_1
23.8457989692688,314,0.05,81.63358778625957,1.0627018368770507,unknown_1
23.8457989692688,314,0.05,83.63358778625957,1.0627018368770507,unknown_1
23.855541944503784,314,0.05,85.63358778625957,1.0627018368770507,unknown_1
23.861725330352783,313,0.05,79.63358778625957,1.0593174361226652,unknown_1
23.861725330352783,313,0.05,81.63358778625957,1.0593174361226652,unknown_1
23.871418952941895,313,0.05,86.63358778625957,1.0593174361226652,unknown_1
23.87877893447876,313,0.05,83.63358778625957,1.0593174361226652,unknown_1
23.87877893447876,314,0.05,85.63358778625957,1.0627018368770507,unknown_1
23.888594150543213,317,0.05,94.63358778625957,1.0728550391402072,unknown_1
23.888594150543213,317,0.05,94.63358778625957,1.0728550391402072,unknown_1
23.89539122581482,317,0.05,97.63358778625957,1.0728550391402072,unknown_1
23.905704498291016,320,0.05,107.63358778625957,1.0830082414033637,unknown_1
23.90676188468933,320,0.05,110.63358778625957,1.0830082414033637,unknown_1
23.911925315856934,320,0.05,112.63358778625957,1.0830082414033637,unknown_1
23.922069549560547,324,0.05,123.63358778625957,1.0965458444209057,unknown_1
23.922985792160034,324,0.05,128.63358778625957,1.0965458444209057,unknown_1
23.928792476654053,324,0.05,129.63358778625957,1.0965458444209057,unknown_1
23.93608570098877,327,0.05,139.63358778625957,1.1066990466840623,unknown_1
23.93608570098877,327,0.05,145.63358778625957,1.1066990466840623,unknown_1
23.944960117340088,327,0.05,145.63358778625957,1.1066990466840623,unknown_1
23.95279097557068,330,0.05,154.63358778625957,1.1168522489472188,unknown_1
23.95517110824585,330,0.05,162.63358778625957,1.1168522489472188,unknown_1
23.961632013320923,330,0.05,161.63358778625957,1.1168522489472188,unknown_1
23.961632013320923,331,0.05,167.63358778625957,1.1202366497016043,unknown_1
23.97126579284668,331,0.05,174.63358778625957,1.1202366497016043,unknown_1
23.978242874145508,331,0.05,172.63358778625957,1.1202366497016043,unknown_1
23.978242874145508,332,0.05,175.63358778625957,1.1236210504559898,unknown_1
23.98761558532715,332,0.05,181.63358778625957,1.1236210504559898,unknown_1
23.994230031967163,332,0.05,178.63358778625957,1.1236210504559898,unknown_1
23.994230031967163,332,0.05,178.63358778625957,1.1236210504559898,unknown_1
24.003921508789062,333,0.05,183.63358778625957,1.1270054512103753,unknown_1
24.011646032333374,333,0.05,179.63358778625957,1.1270054512103753,unknown_1
24.011646032333374,333,0.05,177.63358778625957,1.1270054512103753,unknown_1
24.020135402679443,333,0.05,182.63358778625957,1.1270054512103753,unknown_1
24.026999711990356,333,0.05,180.63358778625957,1.1270054512103753,unknown_1
24.029640913009644,333,0.05,176.63358778625957,1.1270054512103753,unknown_1
24.0355863571167,333,0.05,181.63358778625957,1.1270054512103753,unknown_1
24.04468846321106,333,0.05,180.63358778625957,1.1270054512103753,unknown_1
24.045865774154663,333,0.05,173.63358778625957,1.1270054512103753,unknown_1
24.052106142044067,333,0.05,175.63358778625957,1.1270054512103753,unknown_1
24.05370283126831,333,0.05,174.63358778625957,1.1270054512103753,unknown_1
24.061686992645264,331,0.05,165.63358778625957,1.1202366497016043,unknown_1
24.06896734237671,331,0.05,164.63358778625957,1.1202366497016043,unknown_1
24.070464849472046,331,0.05,164.63358778625957,1.1202366497016043,unknown_1
24.07832646369934,328,0.05,155.63358778625957,1.1100834474384478,unknown_1
24.085592031478882,328,0.05,152.63358778625957,1.1100834474384478,unknown_1
24.087287187576294,328,0.05,152.63358778625957,1.1100834474384478,unknown_1
24.092931985855103,326,0.05,144.63358778625957,1.1033146459296768,unknown_1
24.101499795913696,325,0.05,140.63358778625957,1.0999302451752913,unknown_1
24.10487389564514,325,0.05,141.63358778625957,1.0999302451752913,unknown_1
24.109933614730835,324,0.05,133.63358778625957,1.0965458444209057,unknown_1
24.118464469909668,323,0.05,128.63358778625957,1.0931614436665202,unknown_1
24.118464469909668,323,0.05,128.63358778625957,1.0931614436665202,unknown_1
24.118464469909668,323,0.05,121.63358778625957,1.0931614436665202,unknown_1
24.129892826080322,320,0.05,113.63358778625957,1.0830082414033637,unknown_1
24.13628840446472,320,0.05,114.63358778625957,1.0830082414033637,unknown_1
24.142709732055664,320,0.05,107.63358778625957,1.0830082414033637,unknown_1
24.14511203765869,318,0.05,97.63358778625957,1.0762394398945927,unknown_1
24.153560161590576,318,0.05,95.63358778625957,1.0762394398945927,unknown_1
24.159727334976196,318,0.05,89.63358778625957,1.0762394398945927,unknown_1
24.16149592399597,313,0.05,76.63358778625957,1.0593174361226652,unknown_1
24.16149592399597,313,0.05,72.63358778625957,1.0593174361226652,unknown_1
24.171499729156494,313,0.05,67.63358778625957,1.0593174361226652,unknown_1
24.17902398109436,309,0.05,55.63358778625957,1.0457798331051231,unknown_1
24.17902398109436,308,0.05,50.63358778625957,1.0423954323507376,unknown_1
24.18833827972412,308,0.05,47.63358778625957,1.0423954323507376,unknown_1
24.194833993911743,305,0.05,36.63358778625957,1.032242230087581,unknown_1
24.200180530548096,304,0.05,30.633587786259568,1.0288578293331956,unknown_1
24.20790982246399,304,0.05,28.633587786259568,1.0288578293331956,unknown_1
24.21170949935913,302,0.05,20.58015267175574,1.0220890278244246,unknown_1
24.21170949935913,299,0.05,13.58015267175574,1.011935825561268,unknown_1
24.22005009651184,299,0.05,12.58015267175574,1.011935825561268,unknown_1
24.228780031204224,299,0.05,11.526717557251914,1.011935825561268,unknown_1
24.228780031204224,296,0.05,9.473282442748086,1.0017826232981115,unknown_1
24.236348390579224,296,0.05,8.473282442748086,1.0017826232981115,unknown_1
24.24545931816101,296,0.05,13.41984732824426,1.0017826232981115,unknown_1
24.24545931816101,294,0.05,18.366412213740432,0.9950138217893405,unknown_1
24.25294280052185,294,0.05,18.366412213740432,0.9950138217893405,unknown_1
24.25294280052185,294,0.05,24.366412213740432,0.9950138217893405,unknown_1
24.2609224319458,291,0.05,34.36641221374043,0.9848606195261839,unknown_1
24.269554615020752,291,0.05,36.36641221374043,0.9848606195261839,unknown_1
24.269554615020752,291,0.05,41.36641221374043,0.9848606195261839,unknown_1
24.2785165309906,287,0.05,52.36641221374043,0.9713230165086418,unknown_1
24.2861270904541,287,0.05,54.36641221374043,0.9713230165086418,unknown_1
24.2861270904541,287,0.05,56.36641221374043,0.9713230165086418,unknown_1
24.29483914375305,284,0.05,64.36641221374043,0.9611698142454853,unknown_1
24.301281213760376,284,0.05,65.36641221374043,0.9611698142454853,unknown_1
24.303762435913086,284,0.05,63.36641221374043,0.9611698142454853,unknown_1
24.31112790107727,282,0.05,69.36641221374043,0.9544010127367143,unknown_1
24.319230318069458,282,0.05,71.36641221374043,0.9544010127367143,unknown_1
24.322691917419434,282,0.05,69.36641221374043,0.9544010127367143,unknown_1
24.328604221343994,282,0.05,75.36641221374043,0.9544010127367143,unknown_1
24.329737424850464,281,0.05,80.36641221374043,0.9510166119823288,unknown_1
24.338454246520996,281,0.05,79.36641221374043,0.9510166119823288,unknown_1
24.346017360687256,281,0.05,85.36641221374043,0.9510166119823288,unknown_1
24.346017360687256,279,0.05,92.36641221374043,0.9442478104735578,unknown_1
24.352327346801758,279,0.05,91.36641221374043,0.9442478104735578,unknown_1
24.359881162643433,279,0.05,95.36641221374043,0.9442478104735578,unknown_1
24.359881162643433,277,0.05,102.36641221374043,0.9374790089647868,unknown_1
24.368267059326172,277,0.05,101.36641221374043,0.9374790089647868,unknown_1
24.37664031982422,277,0.05,103.36641221374043,0.9374790089647868,unknown_1
24.37937092781067,275,0.05,111.36641221374043,0.9307102074560157,unknown_1
24.38521409034729,275,0.05,111.36641221374043,0.9307102074560157,unknown_1
24.393329858779907,275,0.05,112.36641221374043,0.9307102074560157,unknown_1
24.395890474319458,273,0.05,119.36641221374043,0.9239414059472447,unknown_1
24.4016273021698,273,0.05,120.36641221374043,0.9239414059472447,unknown_1
24.409018993377686,273,0.05,119.36641221374043,0.9239414059472447,unknown_1
24.412804126739502,271,0.05,126.36641221374043,0.9171726044384737,unknown_1
24.41771101951599,271,0.05,129.36641221374043,0.9171726044384737,unknown_1
24.421305418014526,271,0.05,128.36641221374043,0.9171726044384737,unknown_1
24.428229570388794,270,0.05,135.36641221374043,0.9137882036840882,unknown_1
24.4342839717865,269,0.05,139.36641221374043,0.9104038029297027,unknown_1
24.43735957145691,269,0.05,138.36641221374043,0.9104038029297027,unknown_1
24.445221662521362,269,0.05,144.36641221374043,0.9104038029297027,unknown_1
24.445221662521362,267,0.05,150.36641221374043,0.9036350014209317,unknown_1
24.453052520751953,267,0.05,149.36641221374043,0.9036350014209317,unknown_1
24.45822548866272,267,0.05,155.36641221374043,0.9036350014209317,unknown_1
24.459251880645752,265,0.05,162.36641221374043,0.8968661999121607,unknown_1
24.46927261352539,265,0.05,161.36641221374043,0.8968661999121607,unknown_1
24.46927261352539,265,0.05,165.36641221374043,0.8968661999121607,unknown_1
24.47611117362976,263,0.05,173.36641221374043,0.8900973984033895,unknown_1
24.487284421920776,263,0.05,172.36641221374043,0.8900973984033895,unknown_1
24.487703800201416,263,0.05,174.36641221374043,0.8900973984033895,unknown_1
24.493247032165527,261,0.05,181.36641221374043,0.8833285968946185,unknown_1
24.502625942230225,261,0.05,181.36641221374043,0.8833285968946185,unknown_1
24.502625942230225,261,0.05,180.36641221374043,0.8833285968946185,unknown_1
24.50973343849182,259,0.05,187.36641221374043,0.8765597953858475,unknown_1
24.51661729812622,259,0.05,188.36641221374043,0.8765597953858475,unknown_1
24.523518800735474,259,0.05,186.36641221374043,0.8765597953858475,unknown_1
24.528194904327393,258,0.05,192.36641221374043,0.873175394631462,unknown_1
24.528194904327393,258,0.05,194.36641221374043,0.873175394631462,unknown_1
24.54077386856079,258,0.05,190.36641221374043,0.873175394631462,unknown_1
24.543304204940796,258,0.05,194.36641221374043,0.873175394631462,unknown_1
24.54887366294861,258,0.05,198.36641221374043,0.873175394631462,unknown_1
24.557188272476196,258,0.05,194.36641221374043,0.873175394631462,unknown_1
24.56030511856079,258,0.05,198.36641221374043,0.873175394631462,unknown_1
24.565423727035522,257,0.05,204.36641221374043,0.8697909938770765,unknown_1
24.573521614074707,257,0.05,201.36641221374043,0.8697909938770765,unknown_1
24.575844526290894,257,0.05,204.36641221374043,0.8697909938770765,unknown_1
24.575844526290894,256,0.05,211.36641221374043,0.866406593122691,unknown_1
24.581861972808838,256,0.05,209.36641221374043,0.866406593122691,unknown_1
24.593744039535522,256,0.05,210.36641221374043,0.866406593122691,unknown_1
24.59725069999695,254,0.05,218.36641221374043,0.85963779161392,unknown_1
24.601871728897095,254,0.05,217.36641221374043,0.85963779161392,unknown_1
24.608110666275024,254,0.05,217.36641221374043,0.85963779161392,unknown_1
24.61355471611023,252,0.05,224.36641221374043,0.8528689901051489,unknown_1
24.615679502487183,252,0.05,225.36641221374043,0.8528689901051489,unknown_1
24.619096755981445,252,0.05,224.36641221374043,0.8528689901051489,unknown_1
24.627485752105713,250,0.05,231.36641221374043,0.8461001885963779,unknown_1
24.632550477981567,250,0.05,234.36641221374043,0.8461001885963779,unknown_1
24.632550477981567,250,0.05,233.36641221374043,0.8461001885963779,unknown_1
24.643791675567627,249,0.05,241.36641221374043,0.8427157878419924,unknown_1
24.64891242980957,248,0.05,245.36641221374043,0.8393313870876069,unknown_1
24.64891242980957,248,0.05,244.36641221374043,0.8393313870876069,unknown_1
24.65860891342163,248,0.05,249.36641221374043,0.8393313870876069,unknown_1
24.665225982666016,246,0.05,254.36641221374043,0.8325625855788359,unknown_1
24.665225982666016,246,0.05,250.36641221374043,0.8325625855788359,unknown_1
24.675188541412354,246,0.05,254.36641221374043,0.8325625855788359,unknown_1
24.68181538581848,246,0.05,259.36641221374043,0.8325625855788359,unknown_1
24.68181538581848,246,0.05,256.36641221374043,0.8325625855788359,unknown_1
24.691511631011963,246,0.05,258.36641221374043,0.8325625855788359,unknown_1
24.694844961166382,245,0.05,265.36641221374043,0.8291781848244504,unknown_1
24.698450803756714,245,0.05,263.36641221374043,0.8291781848244504,unknown_1
24.70848274230957,245,0.05,263.36641221374043,0.8291781848244504,unknown_1
24.711541414260864,243,0.05,270.36641221374043,0.8224093833156794,unknown_1
24.71659207344055,243,0.05,269.36641221374043,0.8224093833156794,unknown_1
24.723483324050903,243,0.05,268.36641221374043,0.8224093833156794,unknown_1
24.72852849960327,242,0.05,274.36641221374043,0.8190249825612939,unknown_1
24.73250150680542,242,0.05,276.36641221374043,0.8190249825612939,unknown_1
24.73388433456421,242,0.05,274.36641221374043,0.8190249825612939,unknown_1
24.742897510528564,240,0.05,281.36641221374043,0.8122561810525228,unknown_1
24.742897510528564,240,0.05,283.36641221374043,0.8122561810525228,unknown_1
24.7512469291687,240,0.05,280.36641221374043,0.8122561810525228,unknown_1
24.75910711288452,240,0.05,284.36641221374043,0.8122561810525228,unknown_1
24.75910711288452,240,0.05,288.36641221374043,0.8122561810525228,unknown_1
24.76928734779358,240,0.05,284.36641221374043,0.8122561810525228,unknown_1
24.778059482574463,240,0.05,288.36641221374043,0.8122561810525228,unknown_1
24.778059482574463,239,0.05,294.36641221374043,0.8088717802981373,unknown_1
24.78482413291931,239,0.05,292.36641221374043,0.8088717802981373,unknown_1
24.796083688735962,239,0.05,294.36641221374043,0.8088717802981373,unknown_1
24.796083688735962,237,0.05,300.36641221374043,0.8021029787893663,unknown_1
24.802746534347534,237,0.05,297.36641221374043,0.8021029787893663,unknown_1
24.812469244003296,237,0.05,297.36641221374043,0.8021029787893663,unknown_1
24.812469244003296,237,0.05,303.36641221374043,0.8021029787893663,unknown_1
24.819249153137207,237,0.05,302.36641221374043,0.8021029787893663,unknown_1
24.82311987876892,237,0.05,301.36641221374043,0.8021029787893663,unknown_1
24.82903742790222,235,0.05,308.36641221374043,0.7953341772805953,unknown_1
24.835731506347656,235,0.05,308.36641221374043,0.7953341772805953,unknown_1
24.83824133872986,235,0.05,305.36641221374043,0.7953341772805953,unknown_1
24.844911575317383,234,0.05,310.36641221374043,0.7919497765262098,unknown_1
24.851977109909058,234,0.05,312.36641221374043,0.7919497765262098,unknown_1
24.854281902313232,234,0.05,308.36641221374043,0.7919497765262098,unknown_1
24.85948419570923,234,0.05,313.36641221374043,0.7919497765262098,unknown_1
24.86786198616028,234,0.05,316.36641221374043,0.7919497765262098,unknown_1
24.86786198616028,234,0.05,313.36641221374043,0.7919497765262098,unknown_1
24.875856637954712,234,0.05,319.36641221374043,0.7919497765262098,unknown_1
24.88427233695984,233,0.05,325.36641221374043,0.7885653757718243,unknown_1
24.88835120201111,233,0.05,323.36641221374043,0.7885653757718243,unknown_1
24.888837337493896,233,0.05,327.36641221374043,0.7885653757718243,unknown_1
24.895711421966553,231,0.05,334.36641221374043,0.7817965742630532,unknown_1
24.904133081436157,231,0.05,330.36641221374043,0.7817965742630532,unknown_1
24.90692162513733,231,0.05,331.36641221374043,0.7817965742630532,unknown_1
24.911404132843018,230,0.05,337.36641221374043,0.7784121735086676,unknown_1
24.919771432876587,230,0.05,335.36641221374043,0.7784121735086676,unknown_1
24.919771432876587,230,0.05,334.36641221374043,0.7784121735086676,unknown_1
24.92808485031128,229,0.05,340.36641221374043,0.7750277727542821,unknown_1
24.935887336730957,229,0.05,338.36641221374043,0.7750277727542821,unknown_1
24.938396692276,229,0.05,335.36641221374043,0.7750277727542821,unknown_1
24.94441819190979,229,0.05,340.36641221374043,0.7750277727542821,unknown_1
24.94441819190979,229,0.05,340.36641221374043,0.7750277727542821,unknown_1
24.954209327697754,229,0.05,335.36641221374043,0.7750277727542821,unknown_1
24.961637258529663,229,0.05,340.36641221374043,0.7750277727542821,unknown_1
24.961637258529663,229,0.05,341.36641221374043,0.7750277727542821,unknown_1
24.970540285110474,229,0.05,336.36641221374043,0.7750277727542821,unknown_1
24.977570295333862,229,0.05,338.36641221374043,0.7750277727542821,unknown_1
24.977570295333862,229,0.05,341.36641221374043,0.7750277727542821,unknown_1
24.98655605316162,229,0.05,336.36641221374043,0.7750277727542821,unknown_1
24.995599031448364,229,0.05,338.36641221374043,0.7750277727542821,unknown_1
24.995599031448364,229,0.05,342.36641221374043,0.7750277727542821,unknown_1
25.00205945968628,229,0.05,338.36641221374043,0.7750277727542821,unknown_1
25.01158595085144,229,0.05,338.36641221374043,0.7750277727542821,unknown_1
25.01158595085144,229,0.05,343.36641221374043,0.7750277727542821,unknown_1
25.018377780914307,229,0.05,340.36641221374043,0.7750277727542821,unknown_1
25.020626068115234,229,0.05,338.36641221374043,0.7750277727542821,unknown_1
25.028013706207275,228,0.05,343.36641221374043,0.7716433719998966,unknown_1
25.0354266166687,228,0.05,341.36641221374043,0.7716433719998966,unknown_1
25.0368492603302,228,0.05,337.36641221374043,0.7716433719998966,unknown_1
25.043184757232666,228,0.05,341.36641221374043,0.7716433719998966,unknown_1
25.05247211456299,228,0.05,340.36641221374043,0.7716433719998966,unknown_1
25.052570581436157,228,0.05,336.36641221374043,0.7716433719998966,unknown_1
25.060855627059937,228,0.05,340.36641221374043,0.7716433719998966,unknown_1
25.068217039108276,228,0.05,341.36641221374043,0.7716433719998966,unknown_1
25.070143461227417,229,0.05,336.36641221374043,0.7750277727542821,unknown_1
25.07707643508911,229,0.05,340.36641221374043,0.7750277727542821,unknown_1
25.084998846054077,229,0.05,342.36641221374043,0.7750277727542821,unknown_1
25.089231252670288,229,0.05,337.36641221374043,0.7750277727542821,unknown_1
25.093387603759766,229,0.05,339.36641221374043,0.7750277727542821,unknown_1
25.095301389694214,229,0.05,342.36641221374043,0.7750277727542821,unknown_1
25.103957653045654,229,0.05,337.36641221374043,0.7750277727542821,unknown_1
25.10979199409485,229,0.05,337.36641221374043,0.7750277727542821,unknown_1
25.11208987236023,229,0.05,341.36641221374043,0.7750277727542821,unknown_1
25.120075464248657,230,0.05,336.36641221374043,0.7784121735086676,unknown_1
25.12556028366089,230,0.05,335.36641221374043,0.7784121735086676,unknown_1
25.127864360809326,230,0.05,339.36641221374043,0.7784121735086676,unknown_1
25.13565993309021,230,0.05,335.36641221374043,0.7784121735086676,unknown_1
25.141422986984253,230,0.05,331.36641221374043,0.7784121735086676,unknown_1
25.145174980163574,230,0.05,336.36641221374043,0.7784121735086676,unknown_1
25.149827480316162,230,0.05,334.36641221374043,0.7784121735086676,unknown_1
25.15816044807434,230,0.05,330.36641221374043,0.7784121735086676,unknown_1
25.160393714904785,229,0.05,335.36641221374043,0.7750277727542821,unknown_1
25.16676950454712,229,0.05,336.36641221374043,0.7750277727542821,unknown_1
25.16676950454712,230,0.05,331.36641221374043,0.7784121735086676,unknown_1
25.178386211395264,230,0.05,335.36641221374043,0.7784121735086676,unknown_1
25.178386211395264,230,0.05,337.36641221374043,0.7784121735086676,unknown_1
25.186326503753662,230,0.05,332.36641221374043,0.7784121735086676,unknown_1
25.195582628250122,230,0.05,335.36641221374043,0.7784121735086676,unknown_1
25.195582628250122,230,0.05,339.36641221374043,0.7784121735086676,unknown_1
25.203948736190796,230,0.05,334.36641221374043,0.7784121735086676,unknown_1
25.212262392044067,230,0.05,335.36641221374043,0.7784121735086676,unknown_1
25.212262392044067,230,0.05,340.36641221374043,0.7784121735086676,unknown_1
25.22050380706787,230,0.05,336.36641221374043,0.7784121735086676,unknown_1
25.22050380706787,230,0.05,336.36641221374043,0.7784121735086676,unknown_1
25.228713989257812,229,0.05,342.36641221374043,0.7750277727542821,unknown_1
25.236810445785522,229,0.05,339.36641221374043,0.7750277727542821,unknown_1
25.238605737686157,229,0.05,337.36641221374043,0.7750277727542821,unknown_1
25.245081186294556,229,0.05,342.36641221374043,0.7750277727542821,unknown_1
25.25313639640808,229,0.05,340.36641221374043,0.7750277727542821,unknown_1
25.254955530166626,229,0.05,336.36641221374043,0.7750277727542821,unknown_1
25.261502742767334,228,0.05,341.36641221374043,0.7716433719998966,unknown_1
25.26979351043701,228,0.05,341.36641221374043,0.7716433719998966,unknown_1
25.272567749023438,228,0.05,337.36641221374043,0.7716433719998966,unknown_1
25.272567749023438,228,0.05,342.36641221374043,0.7716433719998966,unknown_1
25.279534578323364,228,0.05,344.36641221374043,0.7716433719998966,unknown_1
25.289693593978882,229,0.05,339.36641221374043,0.7750277727542821,unknown_1
25.289693593978882,229,0.05,342.36641221374043,0.7750277727542821,unknown_1
25.29624056816101,229,0.05,345.36641221374043,0.7750277727542821,unknown_1
25.30564522743225,229,0.05,339.36641221374043,0.7750277727542821,unknown_1
25.30564522743225,229,0.05,340.36641221374043,0.7750277727542821,unknown_1
25.312754154205322,229,0.05,344.36641221374043,0.7750277727542821,unknown_1
25.319653749465942,229,0.05,339.36641221374043,0.7750277727542821,unknown_1
25.32640767097473,229,0.05,338.36641221374043,0.7750277727542821,unknown_1
25.32834029197693,229,0.05,343.36641221374043,0.7750277727542821,unknown_1
25.336653232574463,229,0.05,339.36641221374043,0.7750277727542821,unknown_1
25.341733932495117,229,0.05,337.36641221374043,0.7750277727542821,unknown_1
25.345760107040405,229,0.05,342.36641221374043,0.7750277727542821,unknown_1
25.345760107040405,229,0.05,339.36641221374043,0.7750277727542821,unknown_1
25.35494351387024,229,0.05,336.36641221374043,0.7750277727542821,unknown_1
25.36386513710022,229,0.05,341.36641221374043,0.7750277727542821,unknown_1
25.36386513710022,229,0.05,340.36641221374043,0.7750277727542821,unknown_1
25.369511365890503,229,0.05,335.36641221374043,0.7750277727542821,unknown_1
25.37904143333435,229,0.05,339.36641221374043,0.7750277727542821,unknown_1
25.37904143333435,229,0.05,338.36641221374043,0.7750277727542821,unknown_1
25.388081550598145,230,0.05,332.36641221374043,0.7784121735086676,unknown_1
25.396246671676636,230,0.05,335.36641221374043,0.7784121735086676,unknown_1
25.402379751205444,230,0.05,337.36641221374043,0.7784121735086676,unknown_1
25.402379751205444,230,0.05,332.36641221374043,0.7784121735086676,unknown_1
25.419483423233032,230,0.05,335.36641221374043,0.7784121735086676,unknown_1
25.42757749557495,230,0.05,339.36641221374043,0.7784121735086676,unknown_1
25.43603754043579,230,0.05,334.36641221374043,0.7784121735086676,unknown_1
25.43603754043579,230,0.05,335.36641221374043,0.7784121735086676,unknown_1
25.43603754043579,230,0.05,340.36641221374043,0.7784121735086676,unknown_1
25.43603754043579,230,0.05,335.36641221374043,0.7784121735086676,unknown_1
25.43603754043579,230,0.05,333.36641221374043,0.7784121735086676,unknown_1
25.445476293563843,230,0.05,338.36641221374043,0.7784121735086676,unknown_1
25.452664613723755,230,0.05,334.36641221374043,0.7784121735086676,unknown_1
25.452664613723755,230,0.05,330.36641221374043,0.7784121735086676,unknown_1
25.462186098098755,230,0.05,334.36641221374043,0.7784121735086676,unknown_1
25.4693341255188,230,0.05,332.36641221374043,0.7784121735086676,unknown_1
25.478914737701416,230,0.05,327.36641221374043,0.7784121735086676,unknown_1
25.478914737701416,230,0.05,331.36641221374043,0.7784121735086676,unknown_1
25.485715627670288,230,0.05,331.36641221374043,0.7784121735086676,unknown_1
25.485715627670288,231,0.05,326.36641221374043,0.7817965742630532,unknown_1
25.494608163833618,231,0.05,330.36641221374043,0.7817965742630532,unknown_1
25.501694202423096,231,0.05,331.36641221374043,0.7817965742630532,unknown_1
25.501694202423096,231,0.05,326.36641221374043,0.7817965742630532,unknown_1
25.51139521598816,231,0.05,328.36641221374043,0.7817965742630532,unknown_1
25.51139521598816,231,0.05,331.36641221374043,0.7817965742630532,unknown_1
25.518606901168823,232,0.05,325.36641221374043,0.7851809750174387,unknown_1
25.52529287338257,232,0.05,326.36641221374043,0.7851809750174387,unknown_1
25.52529287338257,232,0.05,330.36641221374043,0.7851809750174387,unknown_1
25.53471827507019,232,0.05,325.36641221374043,0.7851809750174387,unknown_1
25.54287624359131,232,0.05,324.36641221374043,0.7851809750174387,unknown_1
25.5479474067688,232,0.05,329.36641221374043,0.7851809750174387,unknown_1
25.552227020263672,232,0.05,325.36641221374043,0.7851809750174387,unknown_1
25.559738397598267,232,0.05,322.36641221374043,0.7851809750174387,unknown_1
25.56189250946045,232,0.05,327.36641221374043,0.7851809750174387,unknown_1
25.56645631790161,232,0.05,325.36641221374043,0.7851809750174387,unknown_1
25.568989276885986,232,0.05,322.36641221374043,0.7851809750174387,unknown_1
25.57883596420288,231,0.05,327.36641221374043,0.7817965742630532,unknown_1
25.57883596420288,231,0.05,327.36641221374043,0.7817965742630532,unknown_1
25.58833885192871,231,0.05,323.36641221374043,0.7817965742630532,unknown_1
25.594778060913086,231,0.05,327.36641221374043,0.7817965742630532,unknown_1
25.60005021095276,231,0.05,327.36641221374043,0.7817965742630532,unknown_1
25.602524757385254,233,0.05,321.36641221374043,0.7885653757718243,unknown_1
25.611871004104614,233,0.05,323.36641221374043,0.7885653757718243,unknown_1
25.611871004104614,233,0.05,324.36641221374043,0.7885653757718243,unknown_1
25.62016987800598,233,0.05,318.36641221374043,0.7885653757718243,unknown_1
25.624993085861206,233,0.05,319.36641221374043,0.7885653757718243,unknown_1
25.633193492889404,233,0.05,323.36641221374043,0.7885653757718243,unknown_1
25.637840032577515,234,0.05,317.36641221374043,0.7919497765262098,unknown_1
25.639543771743774,234,0.05,317.36641221374043,0.7919497765262098,unknown_1
25.64511728286743,234,0.05,321.36641221374043,0.7919497765262098,unknown_1
25.65449094772339,234,0.05,316.36641221374043,0.7919497765262098,unknown_1
25.65449094772339,234,0.05,313.36641221374043,0.7919497765262098,unknown_1
25.66619563102722,234,0.05,317.36641221374043,0.7919497765262098,unknown_1
25.670023441314697,234,0.05,313.36641221374043,0.7919497765262098,unknown_1
25.670023441314697,234,0.05,309.36641221374043,0.7919497765262098,unknown_1
25.677706003189087,234,0.05,313.36641221374043,0.7919497765262098,unknown_1
25.685521841049194,234,0.05,311.36641221374043,0.7919497765262098,unknown_1
25.685521841049194,234,0.05,310.36641221374043,0.7919497765262098,unknown_1
25.695783615112305,234,0.05,317.36641221374043,0.7919497765262098,unknown_1
